category_id,segment,category,commodity
0,Food Beverage And Tobacco Products,Fresh Fruits,Navel Oranges
1,Unclassified,Unclassified,Unclassified
2,Tools And General Machinery,Hand Tools,Engravers
3,Food Beverage And Tobacco Products,Fresh Fruits,Akane Apples
4,Food Beverage And Tobacco Products,Fresh Fruits,Red Delicious Apples
5,Furniture And Furnishings,Accommodation Furniture,Bed Headboard Or Footboard
6,Paper Materials And Products,Paper Products,Writing Paper
7,Furniture And Furnishings,Accommodation Furniture,Furniture Set
8,Furniture And Furnishings,Accommodation Furniture,Chairs
9,Published Products,Printed Media,Newspapers
10,Manufacturing Components And Supplies,Hardware,Bearing Holders Or Retainers
11,Building And Construction Machinery And Accessories,Heavy Construction Machinery And Equipment,Backhoe Boom Or Boom Sections
12,Food Beverage And Tobacco Products,Bread And Bakery Products,Fresh Bread
13,Manufacturing Components And Supplies,Adhesives And Sealants,Duct Tape
14,Apparel And Luggage And Personal Care Products,Personal Care Products,Hand Sanitizer
15,Apparel And Luggage And Personal Care Products,Footwear,Mens Shoes
16,Transportation And Storage And Mail Services,Passenger Transport,Vehicle Leasing Of Passenger Vans Or Minivans
17,Drugs And Pharmaceutical Products,Anti Infective Drugs,Vancomycin
18,Paper Materials And Products,Paper Products,Stationery
19,Food Beverage And Tobacco Products,Fresh Fruits,Gala Apples
20,Food Beverage And Tobacco Products,Fresh Vegetables,Bottle Gourd
21,Office Equipment And Accessories And Supplies,Office Supplies,Markers
22,Food Beverage And Tobacco Products,Beverages,Fresh Juice
23,Manufacturing Components And Supplies,Hardware,Sems Bolt
24,Published Products,Printed Media,Educational Or Vocational Textbooks
25,Food Beverage And Tobacco Products,Fresh Vegetables,Green Beans
26,Food Beverage And Tobacco Products,Cereal And Pulse Products,Health Or Breakfast Bars
27,Manufacturing Components And Supplies,Adhesives And Sealants,Double Sided Tape
28,Food Beverage And Tobacco Products,Beverages,Orange Juice
29,Published Products,Printed Media,Reference Books
30,Food Beverage And Tobacco Products,Dried Fruit,Dried Amber Jewel Plums
31,Food Beverage And Tobacco Products,Seafood,Frozen Fish
32,Food Beverage And Tobacco Products,Dried Vegetables,Dried Pinto Beans
33,Manufacturing Components And Supplies,Hardware,Set Screws
34,Food Beverage And Tobacco Products,Fresh Vegetables,Black Plum Tomatoes
35,Mineral And Textile And Inedible Plant And Animal Materials,Earth And Stone,Silica Sand
36,Published Products,Signage And Accessories,Multipurpose Labels
37,Food Beverage And Tobacco Products,Fresh Fruits,Braeburn Apples
38,Tools And General Machinery,Hand Tools,Power Nail Guns
39,Food Beverage And Tobacco Products,Fresh Vegetables,Sugar Buns Corn
40,Chemicals Including Bio Chemicals And Gas Materials,Elements And Gases,Oxygen O
41,Food Beverage And Tobacco Products,Beverages,Coffee
42,Apparel And Luggage And Personal Care Products,Footwear,Mens Sandals
43,Paper Materials And Products,Paper Products,Business Forms Or Questionnaires
44,Apparel And Luggage And Personal Care Products,Clothing,Adult Diapers
45,Furniture And Furnishings,Accommodation Furniture,Arm Chair
46,Manufacturing Components And Supplies,Hardware,Anchor Bolts
47,Furniture And Furnishings,Accommodation Furniture,Tables
48,Office Equipment And Accessories And Supplies,Office Supplies,Stamps
49,Food Beverage And Tobacco Products,Cereal And Pulse Products,Cereal Grains
50,Food Beverage And Tobacco Products,Fresh Fruits,Abate Fetel Pears
51,Food Beverage And Tobacco Products,Fresh Fruits,Flavor Grenade Plucot
52,Defense And Law Enforcement And Security And Safety Equipment And Supplies,Law Enforcement,Body Armour
53,Food Beverage And Tobacco Products,Fresh Fruits,Apple Bananas
54,Food Beverage And Tobacco Products,Fresh Fruits,California Navel Oranges
55,Food Beverage And Tobacco Products,Fresh Vegetables,Cherry Belle Tomatoes
56,Medical Equipment And Accessories And Supplies,Medical Apparel And Textiles,Medical Exam Or Non Surgical Procedure Gloves
57,Published Products,Signage And Accessories,Signage Kits
58,Fuels And Fuel Additives And Lubricants And Anti Corrosive Materials,Fuels,Gasoline Or Petrol
59,Food Beverage And Tobacco Products,Fresh Fruits,Fuji Apples
60,Tools And General Machinery,Hand Tools,General Tool Kits
61,Apparel And Luggage And Personal Care Products,Personal Care Products,Toothbrushes
62,Office Equipment And Accessories And Supplies,Office Supplies,Binders
63,Paper Materials And Products,Paper Products,Business Cards
64,Defense And Law Enforcement And Security And Safety Equipment And Supplies,Personal Safety And Protection,Lab Coats
65,Food Beverage And Tobacco Products,Bread And Bakery Products,Baking Supplies
66,Domestic Appliances And Supplies And Consumer Electronic Products,Bedclothes And Table And Kitchen Linen And Towels,Pillow Cases
67,Office Equipment And Accessories And Supplies,Office Supplies,Ball Point Pens
68,Engineering And Research And Technology Based Services,Computer Services,Maintenance Or Support Fees
69,Paper Materials And Products,Paper Products,Self Adhesive Note Paper
70,Laboratory And Measuring And Observing And Testing Equipment,Measuring And Observing And Testing Instruments,Chemistry Analyzer Reagents
71,Politics And Civic Affairs Services,Public Administration And Finance Services,Administrative Fees Or Tax Collection Services
72,Commercial And Military And Private Vehicles And Their Accessories And Components,Transportation Components And Systems,Automobile Or Light Truck Tires
73,Paper Materials And Products,Paper Products,Examination Booklets Or Forms
74,Paper Materials And Products,Paper Products,Toilet Tissue
75,Domestic Appliances And Supplies And Consumer Electronic Products,Bedclothes And Table And Kitchen Linen And Towels,Sheets
76,Drugs And Pharmaceutical Products,Central Nervous System Drugs,Ibuprofen
77,Office Equipment And Accessories And Supplies,Office Machines And Their Supplies And Accessories,Photocopiers
78,Food Beverage And Tobacco Products,Prepared And Preserved Foods,Processed Clementine Fruit
79,Medical Equipment And Accessories And Supplies,Patient Care And Treatment Products And Supplies,Eyeglasses
80,Office Equipment And Accessories And Supplies,Office And Desk Accessories,Dry Erase Boards Or Accessories
81,Office Equipment And Accessories And Supplies,Office Machines And Their Supplies And Accessories,Printer Or Facsimile Toner
82,Material Handling And Conditioning And Storage Machinery And Their Accessories And Supplies,Containers And Storage,Storage Tanks
83,Food Beverage And Tobacco Products,Fresh Vegetables,Long White Potatoes
84,Food Beverage And Tobacco Products,Prepared And Preserved Foods,Frozen Sandwiches Or Filled Rolls
85,Drugs And Pharmaceutical Products,Immunomodulating Drugs,Influenza Virus Vaccine
86,Food Beverage And Tobacco Products,Dairy Products And Eggs,In Shell Table Egg From Chickens
87,Defense And Law Enforcement And Security And Safety Equipment And Supplies,Light Weapons And Ammunition,Defense Or Law Enforcement Ammunition
88,Cleaning Equipment And Supplies,Janitorial Equipment,Trash Bags
89,Paper Materials And Products,Paper Products,Paper Towels
90,Service Industry Machinery And Equipment And Supplies,Institutional Food Services Equipment,Food Service Glasses Or Cups Or Mugs Or Container Lids
91,Food Beverage And Tobacco Products,Fresh Fruits,Eureka Lemons
92,Manufacturing Components And Supplies,Hardware,Hose Or Pipe Clamps
93,Laboratory And Measuring And Observing And Testing Equipment,Laboratory And Scientific Equipment,Lancets
94,Food Beverage And Tobacco Products,Canned Or Jarred Vegetables,Canned Or Jarred Roma Vf Tomatoes
95,Furniture And Furnishings,Accommodation Furniture,Mattresses Or Sleep Sets
96,Transportation And Storage And Mail Services,Material Packing And Handling,Freight Fee
97,Food Beverage And Tobacco Products,Dairy Products And Eggs,Natural Cheese
98,Furniture And Furnishings,Merchandising Furniture And Accessories,Head Forms
99,Distribution And Conditioning Systems And Equipment And Components,Industrial Filtering And Purification,Air Filters
100,Furniture And Furnishings,Accommodation Furniture,Lockers
101,Published Products,Signage And Accessories,Label Making Tapes
102,Tools And General Machinery,Hand Tools,Tinners Snips
103,Food Beverage And Tobacco Products,Cereal And Pulse Products,Ready To Eat Or Hot Cereals
104,Food Beverage And Tobacco Products,Bread And Bakery Products,Baking Mixes
105,Food Beverage And Tobacco Products,Meat And Poultry Products,"Beef, Processed With Additions"
106,Furniture And Furnishings,Accommodation Furniture,Stands
107,Medical Equipment And Accessories And Supplies,Dental Equipment And Supplies,Dental Syringe Accessory Kits
108,Commercial And Military And Private Vehicles And Their Accessories And Components,Motor Vehicles,Police Vehicles
109,Food Beverage And Tobacco Products,Fresh Vegetables,Black Beans
110,Food Beverage And Tobacco Products,Fresh Vegetables,Fava Or Broad Beans
111,Service Industry Machinery And Equipment And Supplies,Institutional Food Services Equipment,Commercial Use Blenders
112,Tools And General Machinery,Hand Tools,Levels
113,Politics And Civic Affairs Services,Public Administration And Finance Services,License Or Registration Fee
114,Chemicals Including Bio Chemicals And Gas Materials,Additives,Acid Additives
115,Paper Materials And Products,Paper Products,Printer Or Copier Paper
116,Commercial And Military And Private Vehicles And Their Accessories And Components,Motor Vehicles,Automobiles Or Cars
117,Food Beverage And Tobacco Products,Edible Oils And Fats,Edible Vegetable Or Plant Fats
118,Material Handling And Conditioning And Storage Machinery And Their Accessories And Supplies,Material Handling Machinery And Equipment,Plate Lifting Clamp
119,Manufacturing Components And Supplies,Industrial Optics,Filter Blanks
120,Food Beverage And Tobacco Products,Canned Or Jarred Vegetables,Canned Or Jarred Delicious Tomatoes
121,Food Beverage And Tobacco Products,Dairy Products And Eggs,Prepared Eggs
122,Food Beverage And Tobacco Products,Fresh Fruits,Delicious Apples
123,Food Beverage And Tobacco Products,Frozen Vegetables,Frozen Amsterdam Carrots
124,Food Beverage And Tobacco Products,Fresh Vegetables,Round White Potatoes
125,Chemicals Including Bio Chemicals And Gas Materials,Solvents,Alcohol Solvents
126,Information Technology Broadcasting And Telecommunications,Computer Equipment And Accessories,Desktop Computers
127,Apparel And Luggage And Personal Care Products,Clothing,Womens Athletic Wear
128,Apparel And Luggage And Personal Care Products,Personal Care Products,Razors
129,Politics And Civic Affairs Services,Community And Social Services,Agricultural Research Services
130,Medical Equipment And Accessories And Supplies,Wound Care Products,Gauze Sponges
131,Medical Equipment And Accessories And Supplies,Wound Care Products,Suture
132,Food Beverage And Tobacco Products,Frozen Vegetables,Frozen Nori
133,Engineering And Research And Technology Based Services,Professional Engineering Services,Printing Equipment Maintenance
134,Laboratory And Measuring And Observing And Testing Equipment,Measuring And Observing And Testing Instruments,Temperature Sensor
135,Tools And General Machinery,Hand Tools,Hammers
136,Electrical Systems And Lighting And Components And Accessories And Supplies,Lighting Fixtures And Accessories,Vandal Resistant Light Fixture
137,Medical Equipment And Accessories And Supplies,Medical Sterilization Products,Steam Autoclaves Or Sterilizers
138,Food Beverage And Tobacco Products,Meat And Poultry Products,"Specialty Meat, Minimally Processed Without Additions"
139,Medical Equipment And Accessories And Supplies,Respiratory And Anesthesia And Resuscitation Products,Endotracheal Tubes
140,Medical Equipment And Accessories And Supplies,Patient Care And Treatment Products And Supplies,Tuberculin Syringes
141,Office Equipment And Accessories And Supplies,Office Supplies,Folders
142,Food Beverage And Tobacco Products,Fresh Vegetables,Cherry Tomatoes
143,Timepieces And Jewelry And Gemstone Products,Timepieces,Wrist Watches
144,Apparel And Luggage And Personal Care Products,Personal Care Products,Eye Care Supplies
145,Structures And Building And Construction And Manufacturing Components And Supplies,Plumbing Fixtures,Urinals
146,Food Beverage And Tobacco Products,Seasonings And Preservatives,Salad Dressing Or Dips
147,Food Beverage And Tobacco Products,Prepared And Preserved Foods,Shelf Stable Combination Meals
148,Drugs And Pharmaceutical Products,Drugs Affecting The Respiratory Tract,Acetylcysteine
149,Tools And General Machinery,Hand Tools,End Mills
150,Medical Equipment And Accessories And Supplies,Wound Care Products,Suture Needles
151,Electronic Components And Supplies,Discrete Semiconductor Devices,Power Diodes
152,Distribution And Conditioning Systems And Equipment And Components,Fluid And Gas Distribution,Ball Valves
153,Manufacturing Components And Supplies,Paints And Primers And Finishes,Coating Paints
154,Manufacturing Components And Supplies,Industrial Optics,Lenses
155,Domestic Appliances And Supplies And Consumer Electronic Products,Domestic Appliances,Domestic Refrigerators
156,Environmental Services,Environmental Management,Environmental Impact Assessment Eia Services
157,Service Industry Machinery And Equipment And Supplies,Institutional Food Services Equipment,Commercial Use Combination Oven
158,Information Technology Broadcasting And Telecommunications,Software,Operating System Software
159,Manufacturing Components And Supplies,Hardware,Coupling Half
160,Drugs And Pharmaceutical Products,Anti Infective Drugs,Povidone Iodine
161,Food Beverage And Tobacco Products,Seafood,Shelf Stable Fish
162,Electronic Components And Supplies,Printed Circuits And Integrated Circuits And Microassemblies,Random Access Memory Ram
163,Food Beverage And Tobacco Products,Prepared And Preserved Foods,Crisps Or Chips Or Pretzels Or Mixes
164,Food Beverage And Tobacco Products,Dairy Products And Eggs,Egg Products And Substitutes From Chickens
165,Healthcare Services,Medical Surgical Equipment Maintenance Refurbishment And Repair Services,Medical Minor Equipment Maintenance Or Repair
166,Apparel And Luggage And Personal Care Products,Personal Care Products,Disposable Personal Wipes
167,Domestic Appliances And Supplies And Consumer Electronic Products,Consumer Electronics,Headphones
168,Food Beverage And Tobacco Products,Fresh Fruits,Green Bananas
169,Distribution And Conditioning Systems And Equipment And Components,Pipe Piping And Pipe Fittings,Commercial Copper Pipe
170,Food Beverage And Tobacco Products,Bread And Bakery Products,Sweet Biscuits Or Cookies
171,Medical Equipment And Accessories And Supplies,Surgical Products,Ophthalmic Medical Instrument Sets
172,Cleaning Equipment And Supplies,Janitorial Equipment,Vacuum Cleaners
173,Food Beverage And Tobacco Products,Fresh Vegetables,Amsterdam Carrots
174,Power Generation And Distribution Machinery And Accessories,Power Sources,Turbine Engines
175,Food Beverage And Tobacco Products,Canned Or Jarred Vegetables,Canned Or Jarred Siberia Tomato Tomatoes
176,Manufacturing Components And Supplies,Housings And Cabinets And Casings,Gear Box Housings
177,Food Beverage And Tobacco Products,Dried Vegetables,Dried Black Beans
178,Office Equipment And Accessories And Supplies,Office Supplies,Paper Clips
179,Chemicals Including Bio Chemicals And Gas Materials,Additives,Detergent Surfactants
180,Food Beverage And Tobacco Products,Bread And Bakery Products,Shelf Stable Bread
181,Food Beverage And Tobacco Products,Prepared And Preserved Foods,Instant Snack Mixes
182,Food Beverage And Tobacco Products,Fresh Vegetables,Boiling Onions
183,Paper Materials And Products,Paper Products,Multipurpose Paper
184,Published Products,Signage And Accessories,Addressing Or Mailing Labels
185,Food Beverage And Tobacco Products,Meat And Poultry Products,"Mixed Species Meat, Minimally Processed Without Additions"
186,Medical Equipment And Accessories And Supplies,Wound Care Products,Alginate Dressing
187,Food Beverage And Tobacco Products,Bread And Bakery Products,Crackers
188,Structures And Building And Construction And Manufacturing Components And Supplies,Interior Finishing Materials,Carpet Pads
189,Commercial And Military And Private Vehicles And Their Accessories And Components,Transportation Components And Systems,Vehicle Bumpers
190,Apparel And Luggage And Personal Care Products,Personal Care Products,Nail Clippers
191,Apparel And Luggage And Personal Care Products,Clothing,Socks
192,Apparel And Luggage And Personal Care Products,Clothing,Gloves Or Mittens
193,Paper Materials And Products,Paper Products,Paper Pads Or Notebooks
194,Tools And General Machinery,Hand Tools,Impact Wrenches
195,Laboratory And Measuring And Observing And Testing Equipment,Measuring And Observing And Testing Instruments,Stereo Or Dissecting Light Microscopes
196,Manufacturing Components And Supplies,Paints And Primers And Finishes,Latex Paints
197,Information Technology Broadcasting And Telecommunications,Data Voice Or Multimedia Network Equipment Or Platforms And Accessories,Network System Cabinet Or Enclosure
198,Food Beverage And Tobacco Products,Fresh Fruits,Washington Navel Oranges
199,Resin And Rosin And Rubber And Foam And Film And Elastomeric Materials,Resins And Rosins And Other Resin Derived Materials,Epoxy
200,Information Technology Broadcasting And Telecommunications,Computer Equipment And Accessories,Notebook Computers
201,Tools And General Machinery,Hand Tools,Grinders
202,Distribution And Conditioning Systems And Equipment And Components,Industrial Pumps And Compressors,Air Compressors
203,Electrical Systems And Lighting And Components And Accessories And Supplies,Lighting Fixtures And Accessories,Light Cart
204,Laboratory And Measuring And Observing And Testing Equipment,Measuring And Observing And Testing Instruments,Monitor Or Meter Accessories
205,Office Equipment And Accessories And Supplies,Office Supplies,Postage Stamp Dispensers
206,Food Beverage And Tobacco Products,Prepared And Preserved Foods,Processed Grapefruit Fruit
207,Apparel And Luggage And Personal Care Products,Personal Care Products,Denture Adhesive
208,Medical Equipment And Accessories And Supplies,Medical Facility Products,Medical Carts Or Accessories
209,Office Equipment And Accessories And Supplies,Office Machines And Their Supplies And Accessories,Scanner Document Feeders
210,Food Beverage And Tobacco Products,Meat And Poultry Products,"Chicken, Minimally Processed Without Additions"
211,Defense And Law Enforcement And Security And Safety Equipment And Supplies,Security Surveillance And Detection,Key Chains Or Key Cases
212,Cleaning Equipment And Supplies,Water And Wastewater Treatment Supply And Disposal,Boiler Feed Chemicals
213,Furniture And Furnishings,Accommodation Furniture,Filing Cabinets Or Accesories
214,Sports And Recreational Equipment And Supplies And Accessories,Sports Equipment And Accessories,Basketball Hoop
215,Food Beverage And Tobacco Products,Prepared And Preserved Foods,Shelf Stable Prepared Soups Or Stews
216,Distribution And Conditioning Systems And Equipment And Components,Fluid And Gas Distribution,Relief Valves
217,Manufacturing Components And Supplies,Hardware,Bolt Nut
218,Published Products,Signage And Accessories,Printer Labels
219,Food Beverage And Tobacco Products,Fresh Fruits,Ambrosia Apples
220,Food Beverage And Tobacco Products,Fresh Vegetables,Cilantro
221,Defense And Law Enforcement And Security And Safety Equipment And Supplies,Law Enforcement,Weapon Or Explosives Detectors And Supplies
222,Information Technology Broadcasting And Telecommunications,Components For Information Technology Or Broadcasting Or Telecommunications,Control Unit
223,Food Beverage And Tobacco Products,Meat And Poultry Products,"Chicken, Minimally Processed With Additions"
224,Food Beverage And Tobacco Products,Canned Or Jarred Fruit,Canned Or Jarred Amber Crest Peaches
225,Medical Equipment And Accessories And Supplies,Patient Exam And Monitoring Products,Electronic Blood Pressure Units
226,Personal And Domestic Services,Domestic And Personal Assistance,Laundry Services
227,Structures And Building And Construction And Manufacturing Components And Supplies,Plumbing Fixtures,Shower Head
228,Food Beverage And Tobacco Products,Fresh Vegetables,Blackeyed Beans
229,Tools And General Machinery,Hand Tools,Saw Blades
230,Food Beverage And Tobacco Products,Beverages,Pear Juice
231,Power Generation And Distribution Machinery And Accessories,Power Sources,Cylinder Block
232,Building And Construction Machinery And Accessories,Heavy Construction Machinery And Equipment,Backhoes
233,Medical Equipment And Accessories And Supplies,Wound Care Products,Disinfectant Kits
234,Medical Equipment And Accessories And Supplies,Medical Sterilization Products,Sterilization Towels
235,Medical Equipment And Accessories And Supplies,Patient Care And Treatment Products And Supplies,Medical Syringes With Needles
236,Food Beverage And Tobacco Products,Dairy Products And Eggs,Fresh Milk Or Butter Products
237,Building And Facility Construction And Maintenance Services,Specialized Trade Construction And Maintenance Services,Voice And Data And Video Wiring Service
238,Food Beverage And Tobacco Products,Prepared And Preserved Foods,Nuts Or Dried Fruits
239,Distribution And Conditioning Systems And Equipment And Components,Fluid And Gas Distribution,Hose Reel
240,Mining And Well Drilling Machinery And Accessories,Oil And Gas Drilling And Exploration Equipment,Gauge Rings
241,Food Beverage And Tobacco Products,Frozen Vegetables,Frozen Green Beans
242,Tools And General Machinery,Hand Tools,Hole Saws
243,Healthcare Services,Medical Practice,Drug Or Alcohol Screening
244,Service Industry Machinery And Equipment And Supplies,Institutional Food Services Equipment,Food Service Trays
245,Food Beverage And Tobacco Products,Fresh Vegetables,Brown Mushrooms
246,Mineral And Textile And Inedible Plant And Animal Materials,Fabrics And Leather Materials,Plain Weave Wool Fabrics
247,Food Beverage And Tobacco Products,Fresh Fruits,Api Apples
248,Paper Materials And Products,Industrial Use Papers,Cardboard
249,Food Beverage And Tobacco Products,Prepared And Preserved Foods,Frozen Prepared Potatoes Or Rice Or Pasta Or Stuffing
250,Manufacturing Components And Supplies,Hardware,Locknuts
251,Food Beverage And Tobacco Products,Canned Or Jarred Vegetables,Canned Tuna
252,Office Equipment And Accessories And Supplies,Office Supplies,Hanging Folders Or Accessories
253,Electrical Systems And Lighting And Components And Accessories And Supplies,Electrical Equipment And Components And Supplies,Electrical Box Hardware And Accessories
254,Editorial And Design And Graphic And Fine Art Services,Reproduction Services,Textbook Or Research Publishing
255,Manufacturing Components And Supplies,Hardware,Clamp Coupling
256,Drugs And Pharmaceutical Products,Hormones And Hormone Antagonists,Insulin
257,Food Beverage And Tobacco Products,Dairy Products And Eggs,Processed Cheese
258,Published Products,Signage And Accessories,Badges Or Badge Holders
259,Engineering And Research And Technology Based Services,Computer Services,Industry Specific Software Maintenance
260,Food Beverage And Tobacco Products,Prepared And Preserved Foods,Frozen Combination Meals
261,Fuels And Fuel Additives And Lubricants And Anti Corrosive Materials,Fuels,Diesel Fuel
262,Published Products,Signage And Accessories,Self Adhesive Labels
263,Published Products,Signage And Accessories,Key Tags
264,Manufacturing Components And Supplies,Hardware,Flange Nuts
265,Apparel And Luggage And Personal Care Products,Clothing,Womens Slacks Or Trousers Or Shorts
266,Commercial And Military And Private Vehicles And Their Accessories And Components,Marine Transport,Cargo Or Container Ships
267,Domestic Appliances And Supplies And Consumer Electronic Products,Domestic Kitchenware And Kitchen Supplies,Domestic Spoons
268,Medical Equipment And Accessories And Supplies,Respiratory And Anesthesia And Resuscitation Products,Respiratory Aspirator Products Or Accessories
269,Cleaning Equipment And Supplies,Cleaning And Janitorial Supplies,Brooms
270,Food Beverage And Tobacco Products,Prepared And Preserved Foods,Batter Or Breading Mixes
271,Industrial Manufacturing And Processing Machinery And Accessories,Sawmilling And Lumber Processing Machinery And Equipment,Adjustable Fence
272,Timepieces And Jewelry And Gemstone Products,Timepieces,Wall Clocks
273,Tools And General Machinery,Hand Tools,Light Bulb Changer
274,Power Generation And Distribution Machinery And Accessories,Batteries And Generators And Kinetic Power Transmission,Alkaline Batteries
275,Defense And Law Enforcement And Security And Safety Equipment And Supplies,Personal Safety And Protection,Protective Aprons
276,Cleaning Equipment And Supplies,Cleaning And Janitorial Supplies,Cleaning Cloths Or Wipes
277,Domestic Appliances And Supplies And Consumer Electronic Products,Bedclothes And Table And Kitchen Linen And Towels,Bath Towels
278,Apparel And Luggage And Personal Care Products,Sewing Supplies And Accessories,Buttons
279,Domestic Appliances And Supplies And Consumer Electronic Products,Consumer Electronics,Remote Control
280,Engineering And Research And Technology Based Services,Computer Services,Server Software Maintenance
281,Industrial Cleaning Services,Refuse Disposal And Treatment,Labor Fee
282,Electrical Systems And Lighting And Components And Accessories And Supplies,Lighting Fixtures And Accessories,Auto Lift Lighting System
283,Food Beverage And Tobacco Products,Meat And Poultry Products,"Turkey, Processed Without Additions"
284,Food Beverage And Tobacco Products,Prepared And Preserved Foods,Fresh Combination Meals
285,Industrial Cleaning Services,Refuse Disposal And Treatment,Fuel Recovery Fee
286,Food Beverage And Tobacco Products,Bread And Bakery Products,Frozen Bread Dough
287,Defense And Law Enforcement And Security And Safety Equipment And Supplies,Personal Safety And Protection,Insulated Gloves
288,Information Technology Broadcasting And Telecommunications,Software,Data Base Management System Software
289,Tools And General Machinery,Hand Tools,Socket Sets
290,Manufacturing Components And Supplies,Bearings And Bushings And Wheels And Gears,Cylindrical Bearing
291,Manufacturing Components And Supplies,Hardware,Hexagonal Nuts
292,Apparel And Luggage And Personal Care Products,Footwear,Mens Boots
293,Office Equipment And Accessories And Supplies,Office Supplies,Specialty Envelopes
294,Medical Equipment And Accessories And Supplies,Medical Facility Products,Medication Or Pill Dispensers Or Accessories
295,Manufacturing Components And Supplies,Hardware,Casters
296,Defense And Law Enforcement And Security And Safety Equipment And Supplies,Security Surveillance And Detection,Padlocks
297,Furniture And Furnishings,Commercial And Industrial Furniture,Modular Clerical Office Packages
298,Distribution And Conditioning Systems And Equipment And Components,Fluid And Gas Distribution,Safety Valves
299,Cleaning Equipment And Supplies,Cleaning And Janitorial Supplies,Food Grade Sanitizers
300,Apparel And Luggage And Personal Care Products,Clothing,Caps
301,Furniture And Furnishings,Accommodation Furniture,Partitions
302,Mineral And Textile And Inedible Plant And Animal Materials,Earth And Stone,Gravel
303,Apparel And Luggage And Personal Care Products,Clothing,Customs Uniforms
304,Chemicals Including Bio Chemicals And Gas Materials,Additives,Sweeteners
305,Information Technology Broadcasting And Telecommunications,Computer Equipment And Accessories,Laser Printers
306,Service Industry Machinery And Equipment And Supplies,Institutional Food Services Equipment,Salad Bars
307,Manufacturing Components And Supplies,Industrial Optics,Visual Filters
308,Tools And General Machinery,Hand Tools,Arbors
309,Food Beverage And Tobacco Products,Bread And Bakery Products,Frozen Cakes Or Pies Or Pastries
310,Defense And Law Enforcement And Security And Safety Equipment And Supplies,Personal Safety And Protection,Goggles
311,Electrical Systems And Lighting And Components And Accessories And Supplies,Electrical Equipment And Components And Supplies,Power Supply Units
312,Food Beverage And Tobacco Products,Beverages,Prune Juice
313,Manufacturing Components And Supplies,Seals,Fiber Reinforced Diaphragm Seal
314,Industrial Cleaning Services,Refuse Disposal And Treatment,Hazardous Waste Fee
315,Electrical Systems And Lighting And Components And Accessories And Supplies,Electrical Equipment And Components And Supplies,Relay Board Or Multiple Relay Module
316,Office Equipment And Accessories And Supplies,Office Supplies,Dividers
317,Office Equipment And Accessories And Supplies,Office Supplies,Standard Envelopes
318,Apparel And Luggage And Personal Care Products,Clothing,Mens Shirts
319,Food Beverage And Tobacco Products,Prepared And Preserved Foods,Soup Bases
320,Information Technology Broadcasting And Telecommunications,Software,License Management Software
321,Information Technology Broadcasting And Telecommunications,Software,Analytical Or Scientific Software
322,Live Plant And Animal Material And Accessories And Supplies,Seeds And Bulbs And Seedlings And Cuttings,Corn Seeds Or Seedlings
323,Food Beverage And Tobacco Products,Chocolate And Sugars And Sweeteners And Confectionary Products,Syrups
324,Medical Equipment And Accessories And Supplies,Surgical Products,Surgical Scalpels Or Knives Or Blades Or Trephines Or Accessories
325,Manufacturing Components And Supplies,Hardware,Complex Stud
326,Power Generation And Distribution Machinery And Accessories,Electrical Wire And Cable And Harness,Coaxial Cable
327,Industrial Cleaning Services,Refuse Disposal And Treatment,Garbage Dump
328,Tools And General Machinery,Hand Tools,Chain Saw
329,Food Beverage And Tobacco Products,Fresh Vegetables,Baby Carrots
330,Distribution And Conditioning Systems And Equipment And Components,Heating And Ventilation And Air Circulation,Heat Exchangers
331,Industrial Manufacturing And Processing Machinery And Accessories,Metal Treatment Machinery,Chemical Metal Cleaner
332,Defense And Law Enforcement And Security And Safety Equipment And Supplies,Fire Protection,Fire Sprinkler Systems
333,Food Beverage And Tobacco Products,Fresh Vegetables,Tip Top Cabbage
334,Building And Facility Construction And Maintenance Services,Specialized Trade Construction And Maintenance Services,Electrical Copying Equipment Maintenance
335,Food Beverage And Tobacco Products,Prepared And Preserved Foods,Fresh Prepared Potatoes Or Rice Or Pasta Or Stuffing
336,Office Equipment And Accessories And Supplies,Office Supplies,Staples
337,Food Beverage And Tobacco Products,Dairy Products And Eggs,Frozen Milk And Butter Products
338,Engineering And Research And Technology Based Services,Computer Services,System Management Software Maintenance
339,Domestic Appliances And Supplies And Consumer Electronic Products,Consumer Electronics,Radios
340,Office Equipment And Accessories And Supplies,Office Supplies,Combination Pen And Highlighter
341,Food Beverage And Tobacco Products,Fresh Fruits,Baby Bananas
342,Industrial Manufacturing And Processing Machinery And Accessories,Raw Materials Processing Machinery,Drilling Machines
343,Furniture And Furnishings,Commercial And Industrial Furniture,Computer Support Parts Or Accessories
344,Public Utilities And Public Sector Related Services,Information Services,College Or University Libraries
345,Office Equipment And Accessories And Supplies,Office Supplies,Pencil Or Pen Grips
346,Structures And Building And Construction And Manufacturing Components And Supplies,Concrete And Cement And Plaster,Grout
347,Defense And Law Enforcement And Security And Safety Equipment And Supplies,Personal Safety And Protection,Safety Boots
348,Manufacturing Components And Supplies,Paints And Primers And Finishes,Paint Brushes
349,Power Generation And Distribution Machinery And Accessories,Electrical Wire And Cable And Harness,Instrumentation Cable
350,Food Beverage And Tobacco Products,Beverages,Non Dairy Creamers
351,Food Beverage And Tobacco Products,Meat And Poultry Products,"Specialty Poultry, Minimally Processed Without Additions"
352,Structures And Building And Construction And Manufacturing Components And Supplies,Structural Components And Basic Shapes,Reinforcing Bar Or Rebar Or Mesh
353,Tools And General Machinery,Hand Tools,Nut Driver Bits
354,Industrial Manufacturing And Processing Machinery And Accessories,Industrial Process Machinery And Equipment And Supplies,Pharmacy Compounder Or Accessories
355,Furniture And Furnishings,Accommodation Furniture,Furniture Carts
356,Land And Buildings And Structures And Thoroughfares,Prefabricated Buildings And Structures,Dental Unit
357,Food Beverage And Tobacco Products,Seasonings And Preservatives,Cooking Sauce
358,Manufacturing Components And Supplies,Hardware,Mounting Kits
359,Service Industry Machinery And Equipment And Supplies,Institutional Food Services Equipment,Food Service Cups Or Mugs
360,Defense And Law Enforcement And Security And Safety Equipment And Supplies,Personal Safety And Protection,Protective Gloves
361,Manufacturing Components And Supplies,Hardware,Inserts
362,Medical Equipment And Accessories And Supplies,Emergency And Field Medical Services Products,Field Medical Or Laboratory Medical Equipment Kits Or Related Products
363,Cleaning Equipment And Supplies,Cleaning And Janitorial Supplies,Mop Heads
364,Food Beverage And Tobacco Products,Beverages,Powdered Drink Mix
365,Food Beverage And Tobacco Products,Fresh Fruits,Amber Crest Peaches
366,Travel And Food And Lodging And Entertainment Services,Restaurants And Catering,Delivered Meals Services
367,Laboratory And Measuring And Observing And Testing Equipment,Measuring And Observing And Testing Instruments,Chemistry Test Strips Or Test Paper
368,Tools And General Machinery,Hydraulic Machinery And Equipment,Hydraulic Extractor
369,Manufacturing Components And Supplies,Hardware,Shim
370,Public Utilities And Public Sector Related Services,Utilities,Supply Of Fuel Oil
371,Transportation And Storage And Mail Services,Transportation Repair Or Maintenance Services,Heavy Truck Maintenance And Repair
372,Cleaning Equipment And Supplies,Cleaning And Janitorial Supplies,Bleaches
373,Published Products,Printed Media,Leisure Reading Books
374,Food Beverage And Tobacco Products,Meat And Poultry Products,"Beef, Processed Without Additions"
375,Distribution And Conditioning Systems And Equipment And Components,Fluid And Gas Distribution,Plumbing Vents
376,Cleaning Equipment And Supplies,Cleaning And Janitorial Supplies,Rags
377,Medical Equipment And Accessories And Supplies,Dental Equipment And Supplies,Dental Burs
378,Structures And Building And Construction And Manufacturing Components And Supplies,Interior Finishing Materials,Acoustic Ceiling Tiles
379,Defense And Law Enforcement And Security And Safety Equipment And Supplies,Personal Safety And Protection,Respirators
380,Information Technology Broadcasting And Telecommunications,Computer Equipment And Accessories,Bar Code Reader Equipment
381,Laboratory And Measuring And Observing And Testing Equipment,Measuring And Observing And Testing Instruments,Occupant Sensor
382,Cleaning Equipment And Supplies,Cleaning And Janitorial Supplies,Institutional Soap Or Lotion Dispensers
383,Apparel And Luggage And Personal Care Products,Clothing,Mens Slacks Or Trousers Or Shorts
384,Medical Equipment And Accessories And Supplies,Intravenous And Arterial Administration Products,Peripheral Intravenous Catheters For General Use
385,Electrical Systems And Lighting And Components And Accessories And Supplies,Electrical Equipment And Components And Supplies,Circuit Breakers
386,Medical Equipment And Accessories And Supplies,Dental Equipment And Supplies,Dental Hygiene Instruments
387,Food Beverage And Tobacco Products,Edible Oils And Fats,Edible Vegetable Or Plant Oils
388,Food Beverage And Tobacco Products,Meat And Poultry Products,"Beef, Minimally Processed Without Additions"
389,Medical Equipment And Accessories And Supplies,Intravenous And Arterial Administration Products,Analgesic Infusion Sets Or Kits
390,Medical Equipment And Accessories And Supplies,Orthopedic And Prosthetic And Sports Medicine Products,Knee Braces Or Hinged Knee Supports
391,Tools And General Machinery,Pneumatic Machinery And Equipment,Air Regulators
392,Material Handling And Conditioning And Storage Machinery And Their Accessories And Supplies,Material Handling Machinery And Equipment,Hoists
393,Information Technology Broadcasting And Telecommunications,Communications Devices And Accessories,Phone Headsets
394,Paper Materials And Products,Paper Products,Thermal Paper
395,Musical Instruments And Games And Toys And Arts And Crafts And Educational Equipment And Materials And Accessories And Supplies,Arts And Crafts Equipment And Accessories And Supplies,Rubber Stamping Stamps
396,Food Beverage And Tobacco Products,Bread And Bakery Products,Frozen Bread
397,Service Industry Machinery And Equipment And Supplies,Institutional Food Services Equipment,Commercial Use Electric Can Openers
398,Engineering And Research And Technology Based Services,Computer Services,Database Information Retrieval
399,Power Generation And Distribution Machinery And Accessories,Electrical Wire And Cable And Harness,Installation Cables
400,Medical Equipment And Accessories And Supplies,Patient Care And Treatment Products And Supplies,Vascular Or Compression Apparel Or Supports
401,Healthcare Services,Medical Practice,Psychologists Services
402,Fuels And Fuel Additives And Lubricants And Anti Corrosive Materials,Gaseous Fuels And Additives,Propane
403,Defense And Law Enforcement And Security And Safety Equipment And Supplies,Personal Safety And Protection,Waterproof Trousers Or Pants
404,Structures And Building And Construction And Manufacturing Components And Supplies,Interior Finishing Materials,Panels Or Paneling
405,Transportation And Storage And Mail Services,Mail And Cargo Transport,National Postal Delivery Services
406,Laboratory And Measuring And Observing And Testing Equipment,Measuring And Observing And Testing Instruments,Fiber Optic Test Sources
407,Laboratory And Measuring And Observing And Testing Equipment,Laboratory Supplies And Fixtures,Dosing Cups
408,Information Technology Broadcasting And Telecommunications,Components For Information Technology Or Broadcasting Or Telecommunications,Read Only Compact Disc Cd
409,Food Beverage And Tobacco Products,Prepared And Preserved Foods,Fresh Plain Pasta Or Noodles
410,Information Technology Broadcasting And Telecommunications,Data Voice Or Multimedia Network Equipment Or Platforms And Accessories,Server Load Balancer
411,Office Equipment And Accessories And Supplies,Office Supplies,Mechanical Pencils
412,Manufacturing Components And Supplies,Hardware,Turnbuckles
413,Industrial Production And Manufacturing Services,Manufacture Of Electrical Goods And Precision Instruments,Electrical Accessories Or Supplies Manufacture Services
414,Structures And Building And Construction And Manufacturing Components And Supplies,Construction And Maintenance Support Equipment,Construction Trailer
415,Apparel And Luggage And Personal Care Products,Clothing,Womens Shirts Or Blouses
416,Medical Equipment And Accessories And Supplies,Independent Living Aids For The Physically Challenged,Canes Or Cane Accessories
417,Apparel And Luggage And Personal Care Products,Personal Care Products,Barber And Salon Hair Cutting Gown Or Cape
418,Engineering And Research And Technology Based Services,Computer Services,Network Application Software Maintenance
419,Chemicals Including Bio Chemicals And Gas Materials,Elements And Gases,Sodium Na
420,Office Equipment And Accessories And Supplies,Office Machines And Their Supplies And Accessories,Ink Cartridges
421,Material Handling And Conditioning And Storage Machinery And Their Accessories And Supplies,Containers And Storage,Flexible Intermediate Bulk Containers
422,Medical Equipment And Accessories And Supplies,Patient Care And Treatment Products And Supplies,Medical Cartridge Syringes
423,Food Beverage And Tobacco Products,Fresh Vegetables,Broccoli Raab
424,Medical Equipment And Accessories And Supplies,Emergency And Field Medical Services Products,Automated External Defibrillators Aed Or Hard Paddles
425,Industrial Manufacturing And Processing Machinery And Accessories,Metal Cutting Machinery And Accessories,Pipe Or Tube Cutter
426,Food Beverage And Tobacco Products,Meat And Poultry Products,"Pork, Processed With Additions"
427,Food Beverage And Tobacco Products,Prepared And Preserved Foods,Shelf Stable Plain Pasta Or Noodles
428,Musical Instruments And Games And Toys And Arts And Crafts And Educational Equipment And Materials And Accessories And Supplies,Developmental And Professional Teaching Aids And Materials And Accessories And Supplies,Electronic Card Readers
429,Medical Equipment And Accessories And Supplies,Dental Equipment And Supplies,Dental Syringes Or Needles Or Syringes With Needles
430,Manufacturing Components And Supplies,Hardware,Hardware Staples
431,Material Handling And Conditioning And Storage Machinery And Their Accessories And Supplies,Material Handling Machinery And Equipment,Overhead Track Conveyor
432,Live Plant And Animal Material And Accessories And Supplies,Fertilizers And Plant Nutrients And Herbicides,Weed Killer
433,Distribution And Conditioning Systems And Equipment And Components,Pipe Piping And Pipe Fittings,Copper Pipe Elbow
434,Medical Equipment And Accessories And Supplies,Patient Care And Treatment Products And Supplies,Medical Catheter Tip Syringes
435,Industrial Manufacturing And Processing Machinery And Accessories,Sawmilling And Lumber Processing Machinery And Equipment,Lumber Alignment Guide
436,Distribution And Conditioning Systems And Equipment And Components,Fluid And Gas Distribution,Gate Valves
437,Medical Equipment And Accessories And Supplies,Dental Equipment And Supplies,Amalgam Carriers
438,Transportation And Storage And Mail Services,Mail And Cargo Transport,Letter Or Small Parcel Local Delivery Services
439,Medical Equipment And Accessories And Supplies,Medical Apparel And Textiles,Surgical Gloves
440,Food Beverage And Tobacco Products,Meat And Poultry Products,"Chicken, Processed With Additions"
441,Mineral And Textile And Inedible Plant And Animal Materials,Fabrics And Leather Materials,Tape Fabrics
442,Laboratory And Measuring And Observing And Testing Equipment,Measuring And Observing And Testing Instruments,Ph Test Strips Or Papers
443,Medical Equipment And Accessories And Supplies,Orthopedic And Prosthetic And Sports Medicine Products,Cases For Splint Or Accessories
444,Industrial Production And Manufacturing Services,Plastic And Chemical Industries,Drugs Or Medicine Production Services
445,Sports And Recreational Equipment And Supplies And Accessories,Gymnastics And Boxing Equipment,Boxing Rings
446,Apparel And Luggage And Personal Care Products,Personal Care Products,Dental Floss
447,Furniture And Furnishings,Accommodation Furniture,Desks
448,Musical Instruments And Games And Toys And Arts And Crafts And Educational Equipment And Materials And Accessories And Supplies,Developmental And Professional Teaching Aids And Materials And Accessories And Supplies,Badges
449,Electrical Systems And Lighting And Components And Accessories And Supplies,Electrical Equipment And Components And Supplies,Cable Ties
450,Food Beverage And Tobacco Products,Fresh Fruits,Granny Smith Apples
451,Furniture And Furnishings,Home Furnishing Adornments,Glass Vase
452,Food Beverage And Tobacco Products,Beverages,Instant Coffee
453,Engineering And Research And Technology Based Services,Manufacturing Technologies,Transport Facilitation
454,Sports And Recreational Equipment And Supplies And Accessories,Sports Equipment And Accessories,Sport Safety Equipment Other Than Headgear
455,Food Beverage And Tobacco Products,Cereal And Pulse Products,Pulse Flour
456,Medical Equipment And Accessories And Supplies,Respiratory And Anesthesia And Resuscitation Products,Spirometers Or Its Accessories Or Its Supplies
457,Farming And Fishing And Forestry And Wildlife Contracting Services,Water Resources Development And Oversight,Water Quality Assessment Services
458,Industrial Manufacturing And Processing Machinery And Accessories,Industrial Process Machinery And Equipment And Supplies,Form Or Fill Or Seal Machinery
459,Food Beverage And Tobacco Products,Prepared And Preserved Foods,Frozen Sandwich Fillers
460,Tools And General Machinery,Hand Tools,Socket Attachments And Accessories
461,Medical Equipment And Accessories And Supplies,Clinical Nutrition,Nutritional Bars Or Pudding Or Other Supplements
462,Service Industry Machinery And Equipment And Supplies,Institutional Food Services Equipment,Food Serving Or Dispensing Table
463,Sports And Recreational Equipment And Supplies And Accessories,Camping And Outdoor Equipment And Accessories,Drink Coolers
464,Food Beverage And Tobacco Products,Fresh Vegetables,Pinto Beans
465,Food Beverage And Tobacco Products,Fresh Vegetables,Potato Yams
466,Commercial And Military And Private Vehicles And Their Accessories And Components,Transportation Components And Systems,Universal Joints
467,Food Beverage And Tobacco Products,Frozen Vegetables,Frozen Bell Peppers
468,Office Equipment And Accessories And Supplies,Office And Desk Accessories,File Storage Boxes Or Organizers
469,Information Technology Broadcasting And Telecommunications,Data Voice Or Multimedia Network Equipment Or Platforms And Accessories,Radio Frequency Data Communication Equipment
470,Office Equipment And Accessories And Supplies,Office Supplies,Clipboards
471,Food Beverage And Tobacco Products,Fresh Vegetables,Winter-Over Bunching Onions
472,Medical Equipment And Accessories And Supplies,Emergency And Field Medical Services Products,Emergency Medical Services Air Splints
473,Mineral And Textile And Inedible Plant And Animal Materials,Fabrics And Leather Materials,Wire Mesh Fabric Or Cloth
474,Farming And Fishing And Forestry And Wildlife Contracting Services,Fisheries And Aquaculture,Fishery Resources Protection Or Conservation
475,Medical Equipment And Accessories And Supplies,Dental Equipment And Supplies,Dental Floss Threaders
476,Organizations And Clubs,Civic Organizations And Associations And Movements,Legal Assistance Services
477,Drugs And Pharmaceutical Products,Central Nervous System Drugs,Auranofin
478,Structures And Building And Construction And Manufacturing Components And Supplies,Roads And Landscape,Ungraded Crushed Rock
479,Domestic Appliances And Supplies And Consumer Electronic Products,Consumer Electronics,Television Tuners
480,Commercial And Military And Private Vehicles And Their Accessories And Components,Transportation Services Equipment,Vehicle Parts Washing Machine
481,Office Equipment And Accessories And Supplies,Office Machines And Their Supplies And Accessories,Stapler Units
482,Medical Equipment And Accessories And Supplies,Physical And Occupational Therapy And Rehabilitation Products,Therapeutic Games
483,Distribution And Conditioning Systems And Equipment And Components,Pipe Piping And Pipe Fittings,Rubber Pipe Plug
484,Healthcare Services,Medical Practice,Rehabilitation Services For Substance Abuse
485,Mineral And Textile And Inedible Plant And Animal Materials,Minerals And Ores And Metals,Asbestos
486,Building And Facility Construction And Maintenance Services,Specialized Trade Construction And Maintenance Services,Heating And Cooling And Air Conditioning Hvac Installation And Maintenance Service
487,Food Beverage And Tobacco Products,Bread And Bakery Products,Fresh Cakes Or Pies Or Pastries
488,Defense And Law Enforcement And Security And Safety Equipment And Supplies,Personal Safety And Protection,Eyewashers Or Eye Wash Stations
489,Medical Equipment And Accessories And Supplies,Intravenous And Arterial Administration Products,Intravenous Or Arterial Tubing Adapters Or Connectors Or Locks Or Caps Or Protectors
490,Service Industry Machinery And Equipment And Supplies,Institutional Food Services Equipment,Plastic Food Wrap
491,Paper Materials And Products,Paper Products,Control Forms Or Control Books
492,Industrial Manufacturing And Processing Machinery And Accessories,Industrial Process Machinery And Equipment And Supplies,Rotary Tables
493,Food Beverage And Tobacco Products,Fresh Vegetables,Iceberg Lettuce
494,Food Beverage And Tobacco Products,Canned Or Jarred Vegetables,Canned Or Jarred Pinto Beans
495,Commercial And Military And Private Vehicles And Their Accessories And Components,Transportation Services Equipment,Brake Drum Lathe
496,Medical Equipment And Accessories And Supplies,Medical Facility Products,Patient Care Mattresses Or Accessories
497,Electrical Systems And Lighting And Components And Accessories And Supplies,Lamps And Lightbulbs And Lamp Components,Fluorescent Ballast
498,Manufacturing Components And Supplies,Hardware,Cap Screws
499,Medical Equipment And Accessories And Supplies,Medical Diagnostic Imaging And Nuclear Medicine Products,Vascular Ultrasound Units
500,Structures And Building And Construction And Manufacturing Components And Supplies,Plumbing Fixtures,Toilet Bowls
501,Drugs And Pharmaceutical Products,Anti Infective Drugs,Hydrogen Peroxide Antiseptics
502,Medical Equipment And Accessories And Supplies,Independent Living Aids For The Physically Challenged,Walkers Or Rollators
503,Laboratory And Measuring And Observing And Testing Equipment,Laboratory Supplies And Fixtures,Sampling Syringes
504,Food Beverage And Tobacco Products,Fresh Fruits,Coconuts
505,Furniture And Furnishings,Accommodation Furniture,Data Binder Racks
506,Apparel And Luggage And Personal Care Products,Personal Care Products,Dental Kits
507,Defense And Law Enforcement And Security And Safety Equipment And Supplies,Personal Safety And Protection,Shoe Insoles
508,Medical Equipment And Accessories And Supplies,Emergency And Field Medical Services Products,Emergency Medical Services Intravenous Iv Cases
509,Commercial And Military And Private Vehicles And Their Accessories And Components,Motor Vehicles,Golf Carts
510,Medical Equipment And Accessories And Supplies,Patient Care And Treatment Products And Supplies,Emesis Basins
511,Medical Equipment And Accessories And Supplies,Wound Care Products,Foam Dressings
512,Structures And Building And Construction And Manufacturing Components And Supplies,Interior Finishing Materials,Cabinets
513,Food Beverage And Tobacco Products,Prepared And Preserved Foods,Flavored Ices Or Ice Cream Or Ice Cream Desserts Or Frozen Yogurts
514,Apparel And Luggage And Personal Care Products,Personal Care Products,Para Pharmaceutical Creams Or Lotions
515,Defense And Law Enforcement And Security And Safety Equipment And Supplies,Personal Safety And Protection,Mask Or Respirators Filters Or Accessories
516,Engineering And Research And Technology Based Services,Computer Services,Enterprise Resource Planning Software Maintenance
517,Power Generation And Distribution Machinery And Accessories,Batteries And Generators And Kinetic Power Transmission,Battery Chargers
518,Information Technology Broadcasting And Telecommunications,Data Voice Or Multimedia Network Equipment Or Platforms And Accessories,Television Core Equipment
519,Management And Business Professionals And Administrative Services,Real Estate Services,Portable Toilet Rental Service
520,Building And Construction Machinery And Accessories,Heavy Construction Machinery And Equipment,Blades Or Tooth Or Other Cutting Edges
521,Education And Training Services,Vocational Training,Computer Vocational Training Services
522,Education And Training Services,Alternative Educational Systems,Part Time Adult Education Services
523,Apparel And Luggage And Personal Care Products,Personal Care Products,Shampoos
524,Defense And Law Enforcement And Security And Safety Equipment And Supplies,Light Weapons And Ammunition,Military Rifles
525,Medical Equipment And Accessories And Supplies,Patient Care And Treatment Products And Supplies,Restraint Straps Or Buckles Or Accessories Or Supplies
526,Food Beverage And Tobacco Products,Fresh Vegetables,Delicious Tomatoes
527,Medical Equipment And Accessories And Supplies,Medical Apparel And Textiles,Medical Staff Isolation Or Surgical Masks
528,Power Generation And Distribution Machinery And Accessories,Power Sources,Heating And Cooling System Motor Ac
529,Food Beverage And Tobacco Products,Canned Or Jarred Fruit,Canned Or Jarred Black Diamond Plums
530,Food Beverage And Tobacco Products,Beverages,Frozen Juices
531,Furniture And Furnishings,Classroom And Instructional And Institutional Furniture And Fixtures,Sink Base Units
532,Apparel And Luggage And Personal Care Products,Clothing,Mens Suits
533,Medical Equipment And Accessories And Supplies,Respiratory And Anesthesia And Resuscitation Products,Medical Gas Cylinders Or Related Devices
534,Medical Equipment And Accessories And Supplies,Dental Equipment And Supplies,Dental Laboratory Curing Units
535,Food Beverage And Tobacco Products,Fresh Fruits,Cantaloupe Melons
536,Food Beverage And Tobacco Products,Fresh Vegetables,Celebrity Celery
537,Food Beverage And Tobacco Products,Frozen Vegetables,Frozen Broccolini
538,Food Beverage And Tobacco Products,Frozen Vegetables,Frozen English Peas
539,Industrial Manufacturing And Processing Machinery And Accessories,Industrial Process Machinery And Equipment And Supplies,Spray Gun
540,Electrical Systems And Lighting And Components And Accessories And Supplies,Lighting Fixtures And Accessories,Fiber Optic Lighting
541,Food Beverage And Tobacco Products,Prepared And Preserved Foods,Instant Mashed Potatoes
542,Manufacturing Components And Supplies,Hardware,Drywall Screws
543,Food Beverage And Tobacco Products,Beverages,Apple Juice
544,Information Technology Broadcasting And Telecommunications,Software,Office Suite Software
545,Material Handling And Conditioning And Storage Machinery And Their Accessories And Supplies,Packaging Materials,Egg Trays
546,Laboratory And Measuring And Observing And Testing Equipment,Measuring And Observing And Testing Instruments,Water Sensor
547,Chemicals Including Bio Chemicals And Gas Materials,Elements And Gases,Calibration Sources
548,Power Generation And Distribution Machinery And Accessories,Electrical Wire And Cable And Harness,Installation Wire
549,Food Beverage And Tobacco Products,Meat And Poultry Products,"Mixed Species Meat, Processed Without Additions"
550,Distribution And Conditioning Systems And Equipment And Components,Heating And Ventilation And Air Circulation,Unit Cooler
551,Politics And Civic Affairs Services,Humanitarian Aid And Relief,Food Distribution Services
552,Food Beverage And Tobacco Products,Fresh Vegetables,Feast Bunching Onions
553,Industrial Manufacturing And Processing Machinery And Accessories,Industrial Process Machinery And Equipment And Supplies,Cutters
554,Structures And Building And Construction And Manufacturing Components And Supplies,Structural Components And Basic Shapes,Framing Lumber
555,Food Beverage And Tobacco Products,Canned Or Jarred Vegetables,Canned Or Jarred Jalapeno Peppers
556,Material Handling And Conditioning And Storage Machinery And Their Accessories And Supplies,Containers And Storage,Plastic Bags
557,Live Plant And Animal Material And Accessories And Supplies,Seeds And Bulbs And Seedlings And Cuttings,Soya Seeds Or Seedlings
558,Structures And Building And Construction And Manufacturing Components And Supplies,Structural Building Products,Concrete Blocks
559,Information Technology Broadcasting And Telecommunications,Data Voice Or Multimedia Network Equipment Or Platforms And Accessories,Network Switches
560,Material Handling And Conditioning And Storage Machinery And Their Accessories And Supplies,Packaging Materials,Food Cans
561,Commercial And Military And Private Vehicles And Their Accessories And Components,Transportation Components And Systems,Vehicle Mirrors
562,Commercial And Military And Private Vehicles And Their Accessories And Components,Transportation Components And Systems,Vehicle Bumper Guard
563,Structures And Building And Construction And Manufacturing Components And Supplies,Interior Finishing Materials,Drywall
564,Office Equipment And Accessories And Supplies,Office Machines And Their Supplies And Accessories,Pocket Calculator
565,Cleaning Equipment And Supplies,Janitorial Equipment,Waste Containers Or Rigid Liners
566,Information Technology Broadcasting And Telecommunications,Data Voice Or Multimedia Network Equipment Or Platforms And Accessories,Fiber Optic Cable Stripper
567,Laboratory And Measuring And Observing And Testing Equipment,Measuring And Observing And Testing Instruments,Coagulation Test Kits Or Supplies
568,Structures And Building And Construction And Manufacturing Components And Supplies,Plumbing Fixtures,Toilets
569,Education And Training Services,Specialized Educational Services,Theater Studies
570,Engineering And Research And Technology Based Services,Computer Services,Proprietary Or Licensed Systems Maintenance Or Support
571,Education And Training Services,Specialized Educational Services,Painting
572,Mining And Oil And Gas Services,Oil And Gas Data Management And Processing Services,Geology Services
573,Industrial Manufacturing And Processing Machinery And Accessories,Metal Cutting Machinery And Accessories,Flame Cutting Machine
574,Electrical Systems And Lighting And Components And Accessories And Supplies,Electrical Equipment And Components And Supplies,Electrical Or Power Regulators
575,Engineering And Research And Technology Based Services,Professional Engineering Services,Structural Engineering
576,Distribution And Conditioning Systems And Equipment And Components,Industrial Filtering And Purification,Filter Element
577,Laboratory And Measuring And Observing And Testing Equipment,Measuring And Observing And Testing Instruments,Radiation Detectors
578,Mining And Well Drilling Machinery And Accessories,Oil And Gas Drilling And Exploration Equipment,Acidizing Pumping Units
579,Defense And Law Enforcement And Security And Safety Equipment And Supplies,Law Enforcement,Riot Helmets
580,Cleaning Equipment And Supplies,Water And Wastewater Treatment Supply And Disposal,Sludge Shredders
581,Medical Equipment And Accessories And Supplies,Clinical Nutrition,Adult Supplemental Formulas For General Use
582,Medical Equipment And Accessories And Supplies,Dental Equipment And Supplies,Dental Amalgam Capsules
583,Food Beverage And Tobacco Products,Seasonings And Preservatives,Cooking Or Table Salt
584,Commercial And Military And Private Vehicles And Their Accessories And Components,Transportation Services Equipment,Integrated Maintenance Information Systems
585,Defense And Law Enforcement And Security And Safety Equipment And Supplies,Personal Safety And Protection,Safety Glasses
586,Office Equipment And Accessories And Supplies,Office Machines And Their Supplies And Accessories,Franking Or Postage Machines
587,Information Technology Broadcasting And Telecommunications,Components For Information Technology Or Broadcasting Or Telecommunications,Network Interface Cards
588,Industrial Manufacturing And Processing Machinery And Accessories,Welding And Soldering And Brazing Machinery And Accessories And Supplies,Spot Welding Machine
589,Mining And Well Drilling Machinery And Accessories,Oil And Gas Drilling And Exploration Equipment,Well Testing Separators
590,Food Beverage And Tobacco Products,Prepared And Preserved Foods,Dried Or Processed Meats
591,Information Technology Broadcasting And Telecommunications,Software,Helpdesk Or Call Center Software
592,Industrial Production And Manufacturing Services,Manufacturing Support Services,Sequenced Delivery Service
593,Laboratory And Measuring And Observing And Testing Equipment,Laboratory Supplies And Fixtures,Chromatography Syringes
594,Medical Equipment And Accessories And Supplies,Respiratory And Anesthesia And Resuscitation Products,Continuous Positive Airway Pressure Cpap Masks Or Straps
595,Farming And Fishing And Forestry And Wildlife Contracting Services,Livestock Services,Animal Hospital Services
596,Industrial Production And Manufacturing Services,Manufacturing Support Services,Manufacturing Equipment Maintenance Services
597,Information Technology Broadcasting And Telecommunications,Communications Devices And Accessories,Ip Phones
598,Transportation And Storage And Mail Services,Storage,File Archive Storage
599,Food Beverage And Tobacco Products,Prepared And Preserved Foods,Shelf Stable Prepared Potatoes Or Rice Or Pasta Or Stuffing
600,Medical Equipment And Accessories And Supplies,Patient Exam And Monitoring Products,Exam Procedure Trays
601,Industrial Manufacturing And Processing Machinery And Accessories,Welding And Soldering And Brazing Machinery And Accessories And Supplies,Welding Wire
602,Food Beverage And Tobacco Products,Meat And Poultry Products,"Chicken, Processed Without Additions"
603,Paper Materials And Products,Paper Products,Library Book Or Borrowers Cards
604,Distribution And Conditioning Systems And Equipment And Components,Industrial Pumps And Compressors,Water Pumps
605,Medical Equipment And Accessories And Supplies,Wound Care Products,Bandage Or Dressing Starter Kits
606,Mineral And Textile And Inedible Plant And Animal Materials,Non Edible Plant And Forestry Products,Plywood
607,Distribution And Conditioning Systems And Equipment And Components,Heating And Ventilation And Air Circulation,Blowers
608,Industrial Production And Manufacturing Services,Machinery And Transport Equipment Manufacture,Motor Vehicles Parts Or Accessories Manufacture Services
609,Engineering And Research And Technology Based Services,Computer Services,Computer Hardware Maintenance Support Service
610,Food Beverage And Tobacco Products,Canned Or Jarred Organic Vegetables,Canned Or Jarred Organic Cherry Belle Tomatoes
611,Politics And Civic Affairs Services,Humanitarian Aid And Relief,Emergency Food Supply Services
612,Structures And Building And Construction And Manufacturing Components And Supplies,Interior Finishing Materials,Carpet Or Rug Underlays
613,Medical Equipment And Accessories And Supplies,Medical Apparel And Textiles,Hospital Underpads
614,Politics And Civic Affairs Services,Humanitarian Aid And Relief,Food Supply Services
615,Service Industry Machinery And Equipment And Supplies,Institutional Food Services Equipment,Hot Water Dispenser
616,Industrial Manufacturing And Processing Machinery And Accessories,Chicken Processing Machinery And Equipment,Chicken Defeathering Machine
617,Fuels And Fuel Additives And Lubricants And Anti Corrosive Materials,Gaseous Fuels And Additives,Liquified Petroleum Gas
618,Medical Equipment And Accessories And Supplies,Patient Care And Treatment Products And Supplies,Intrauterine Catheters Or Catheterization Kits
619,Printing And Photographic And Audio And Visual Equipment And Supplies,Printing And Publishing Equipment,Printing Punches
620,Food Beverage And Tobacco Products,Fresh Vegetables,Purple Top White Turnips
621,Musical Instruments And Games And Toys And Arts And Crafts And Educational Equipment And Materials And Accessories And Supplies,Developmental And Professional Teaching Aids And Materials And Accessories And Supplies,Recipe Books Or Cook Books
622,Management And Business Professionals And Administrative Services,Management Advisory Services,Information Technology Consultation Services
623,Food Beverage And Tobacco Products,Fresh Vegetables,French Navy Beans
624,Material Handling And Conditioning And Storage Machinery And Their Accessories And Supplies,Industrial Refrigeration,Refrigerant
625,Food Beverage And Tobacco Products,Beverages,Shelf Stable Juice
626,Structures And Building And Construction And Manufacturing Components And Supplies,Portable Structure Building Components,Base Plate
627,Printing And Photographic And Audio And Visual Equipment And Supplies,Photographic Or Filming Or Video Equipment,Digital Cameras
628,Medical Equipment And Accessories And Supplies,Patient Exam And Monitoring Products,Medical Exam Specula Or Dilator Tips Or Tip Dispensers
629,Musical Instruments And Games And Toys And Arts And Crafts And Educational Equipment And Materials And Accessories And Supplies,Developmental And Professional Teaching Aids And Materials And Accessories And Supplies,Blank Flash Cards
630,Musical Instruments And Games And Toys And Arts And Crafts And Educational Equipment And Materials And Accessories And Supplies,Developmental And Professional Teaching Aids And Materials And Accessories And Supplies,Acid Free Glue Sticks
631,Paper Materials And Products,Paper Products,Construction Paper
632,Office Equipment And Accessories And Supplies,Office Supplies,Colored Pencils
633,Musical Instruments And Games And Toys And Arts And Crafts And Educational Equipment And Materials And Accessories And Supplies,Arts And Crafts Equipment And Accessories And Supplies,Presentation Easels
634,Office Equipment And Accessories And Supplies,Office Supplies,Wooden Pencils
635,Office Equipment And Accessories And Supplies,Office Supplies,Erasers
636,Paper Materials And Products,Paper Products,Poster Papers
637,Sports And Recreational Equipment And Supplies And Accessories,Collectibles And Awards,Certificates
638,Office Equipment And Accessories And Supplies,Office And Desk Accessories,Magnetic Boards Or Accessories
639,Structures And Building And Construction And Manufacturing Components And Supplies,Concrete And Cement And Plaster,Ready Mix Concrete
640,Food Beverage And Tobacco Products,Meat And Poultry Products,"Beef, Minimally Processed With Additions"
641,Information Technology Broadcasting And Telecommunications,Communications Devices And Accessories,Mobile Phones
642,Medical Equipment And Accessories And Supplies,Wound Care Products,Bandages Or Dressings For General Use
643,Cleaning Equipment And Supplies,Janitorial Equipment,Vacuum Cleaner Supplies Or Accessories
644,Medical Equipment And Accessories And Supplies,Wound Care Products,Gauze Bandages
645,Manufacturing Components And Supplies,Paints And Primers And Finishes,Water Based Paints
646,Food Beverage And Tobacco Products,Canned Or Jarred Fruit,Canned Or Jarred Cherimoya Pineapple
647,Mineral And Textile And Inedible Plant And Animal Materials,Minerals And Ores And Metals,Steel
648,Chemicals Including Bio Chemicals And Gas Materials,Colorants,Inorganic Metal Oxides
649,Domestic Appliances And Supplies And Consumer Electronic Products,Window Treatments,Venetian Blinds
650,Food Beverage And Tobacco Products,Seasonings And Preservatives,Dipping Sauces Or Condiments Or Spreads Or Marinades
651,Information Technology Broadcasting And Telecommunications,Computer Equipment And Accessories,Scanners
652,Power Generation And Distribution Machinery And Accessories,Power Sources,Pump Motor Ac
653,Commercial And Military And Private Vehicles And Their Accessories And Components,Transportation Components And Systems,Shock Absorber
654,Material Handling And Conditioning And Storage Machinery And Their Accessories And Supplies,Containers And Storage,Air Or Gas Tanks Or Cylinders
655,Medical Equipment And Accessories And Supplies,Patient Exam And Monitoring Products,Medical Acoustic Stethoscope Or Accessory
656,Food Beverage And Tobacco Products,Fresh Vegetables,Kidney Beans
657,Industrial Production And Manufacturing Services,Food And Beverage Industries,Non Alcoholic Fruit Based Beverage Processing Services
658,Cleaning Equipment And Supplies,Cleaning And Janitorial Supplies,Urinal Or Toilet Accessories
659,Defense And Law Enforcement And Security And Safety Equipment And Supplies,Public Safety And Control,Life Vests Or Preservers
660,Building And Facility Construction And Maintenance Services,Specialized Trade Construction And Maintenance Services,Satellite System Maintenance Or Repair Service
661,Distribution And Conditioning Systems And Equipment And Components,Heating And Ventilation And Air Circulation,Commercial Water Heaters
662,Apparel And Luggage And Personal Care Products,Personal Care Products,Hair Combs Or Brushes
663,Mineral And Textile And Inedible Plant And Animal Materials,Fibers And Threads And Yarns,Glass Fibers
664,Food Beverage And Tobacco Products,Dairy Products And Eggs,Powdered Milk
665,Manufacturing Components And Supplies,Paints And Primers And Finishes,Spray Paints
666,Food Beverage And Tobacco Products,Canned Or Jarred Vegetables,Canned Or Jarred Red Alert Tomatoes
667,Distribution And Conditioning Systems And Equipment And Components,Fluid And Gas Distribution,Valve Parts Or Accessories
668,Distribution And Conditioning Systems And Equipment And Components,Fluid And Gas Distribution,Swing Check Valves
669,Structures And Building And Construction And Manufacturing Components And Supplies,Plumbing Fixtures,Toilet Tanks
670,Laboratory And Measuring And Observing And Testing Equipment,Measuring And Observing And Testing Instruments,Theodolites
671,Structures And Building And Construction And Manufacturing Components And Supplies,Doors And Windows And Glass,Chain Link Garage Door
672,Building And Facility Construction And Maintenance Services,Nonresidential Building Construction Services,Commercial And Office Building New Construction Service
673,Food Beverage And Tobacco Products,Seasonings And Preservatives,Spices Or Extracts
674,Manufacturing Components And Supplies,Hardware,Screw Clamps
675,Food Beverage And Tobacco Products,Prepared And Preserved Foods,Edible Ice Cream Cups Or Cones
676,Food Beverage And Tobacco Products,Prepared And Preserved Foods,Jams Or Jellies Or Fruit Preserves
677,Manufacturing Components And Supplies,Hardware,Electrical Fixture Brackets
678,Engineering And Research And Technology Based Services,Computer Services,Software Patches Or Upgrades
679,Cleaning Equipment And Supplies,Cleaning And Janitorial Supplies,Laundry Products
680,Food Beverage And Tobacco Products,Cereal And Pulse Products,Corn Starch Or Corn Flour
681,Medical Equipment And Accessories And Supplies,Patient Exam And Monitoring Products,Ophthalmic Visual Function Analyzers
682,Defense And Law Enforcement And Security And Safety Equipment And Supplies,Personal Safety And Protection,Knee Supports
683,Commercial And Military And Private Vehicles And Their Accessories And Components,Transportation Components And Systems,Vehicle Jack
684,Material Handling And Conditioning And Storage Machinery And Their Accessories And Supplies,Industrial Refrigeration,Under Counter Refrigerator
685,Commercial And Military And Private Vehicles And Their Accessories And Components,Vehicle Bodies And Trailers,Cargo Truck Body
686,Distribution And Conditioning Systems And Equipment And Components,Pipe Piping And Pipe Fittings,Commercial Cast Iron Pipe
687,Power Generation And Distribution Machinery And Accessories,Power Sources,Diesel Engines
688,Information Technology Broadcasting And Telecommunications,Computer Equipment And Accessories,Bluetooth Universal Serial Bus Usb Adapter
689,Apparel And Luggage And Personal Care Products,Personal Care Products,Petroleum Jelly
690,Musical Instruments And Games And Toys And Arts And Crafts And Educational Equipment And Materials And Accessories And Supplies,Developmental And Professional Teaching Aids And Materials And Accessories And Supplies,Curriculum Based Electronic Learning Aids
691,Food Beverage And Tobacco Products,Bread And Bakery Products,Plain Savory Biscuits
692,Medical Equipment And Accessories And Supplies,Clinical Nutrition,Medical Nutrition Food Or Liquid Thickeners
693,Musical Instruments And Games And Toys And Arts And Crafts And Educational Equipment And Materials And Accessories And Supplies,Developmental And Professional Teaching Aids And Materials And Accessories And Supplies,Character Education Resource Materials
694,Commercial And Military And Private Vehicles And Their Accessories And Components,Vehicle Bodies And Trailers,Truck Chassis
695,Farming And Fishing And Forestry And Wildlife Machinery And Accessories,Agricultural And Forestry And Landscape Machinery And Equipment,Sprayers
696,Medical Equipment And Accessories And Supplies,Surgical Products,Endoscopic Probes
697,Chemicals Including Bio Chemicals And Gas Materials,Elements And Gases,Hydrogen Compound Gases
698,Mining And Well Drilling Machinery And Accessories,Oil And Gas Drilling And Exploration Equipment,Surface Data Logging Units
699,Material Handling And Conditioning And Storage Machinery And Their Accessories And Supplies,Material Handling Machinery And Equipment,Rod Gate
700,Chemicals Including Bio Chemicals And Gas Materials,Elements And Gases,Chlorinated Mixed Gases
701,Tools And General Machinery,Hand Tools,Extension Pole
702,Cleaning Equipment And Supplies,Industrial Laundry And Dry Cleaning Equipment,Clothes Dryers
703,Medical Equipment And Accessories And Supplies,Independent Living Aids For The Physically Challenged,Grab Bars Or Tub Safety Rails For The Physically Challenged
704,Live Plant And Animal Material And Accessories And Supplies,Fertilizers And Plant Nutrients And Herbicides,Fish Meal
705,Tools And General Machinery,Hand Tools,Bolt Cutters
706,Material Handling And Conditioning And Storage Machinery And Their Accessories And Supplies,Containers And Storage,Paper Bags
707,Apparel And Luggage And Personal Care Products,Clothing,Hats
708,Commercial And Military And Private Vehicles And Their Accessories And Components,Transportation Components And Systems,Truck Suspension Systems
709,Commercial And Military And Private Vehicles And Their Accessories And Components,Transportation Components And Systems,Heavy Truck Tires
710,Commercial And Military And Private Vehicles And Their Accessories And Components,Transportation Components And Systems,Driving Axles
711,Food Beverage And Tobacco Products,Chocolate And Sugars And Sweeteners And Confectionary Products,Sugar Or Sugar Substitute Candy
712,Furniture And Furnishings,Commercial And Industrial Furniture,Industrial Storage Units
713,Food Beverage And Tobacco Products,Prepared And Preserved Foods,Shelf Stable Savory Pies Or Quiches Or Pasties
714,Industrial Manufacturing And Processing Machinery And Accessories,Metal Cutting Machinery And Accessories,Plasma Cutting Machine
715,Food Beverage And Tobacco Products,Canned Or Jarred Fruit,Canned Or Jarred Amber Jewel Plums
716,Defense And Law Enforcement And Security And Safety Equipment And Supplies,Security Surveillance And Detection,Keys
717,Medical Equipment And Accessories And Supplies,Dental Equipment And Supplies,Resilient Lining Materials For Removable Dentures
718,Management And Business Professionals And Administrative Services,Management Advisory Services,Project Administration Or Planning
719,Medical Equipment And Accessories And Supplies,Patient Care And Treatment Products And Supplies,Skin Preparation Wipes
720,Food Beverage And Tobacco Products,Fresh Fruits,Lady Finger Banana
721,Building And Facility Construction And Maintenance Services,Specialized Trade Construction And Maintenance Services,Access Control System Installation Service
722,Distribution And Conditioning Systems And Equipment And Components,Industrial Filtering And Purification,Oil Filters
723,Power Generation And Distribution Machinery And Accessories,Electrical Wire And Cable And Harness,Signal Cable
724,Information Technology Broadcasting And Telecommunications,Communications Devices And Accessories,Satellite Phone
725,Fuels And Fuel Additives And Lubricants And Anti Corrosive Materials,Lubricants And Oils And Greases And Anti Corrosives,Transformer Oil Or Insulating Oil
726,Industrial Manufacturing And Processing Machinery And Accessories,Metal Cutting Machinery And Accessories,Machine End Mill
727,Environmental Services,Environmental Management,Environmental Monitoring
728,Food Beverage And Tobacco Products,Fresh Vegetables,Ailsa Craig Tomatoes
729,Apparel And Luggage And Personal Care Products,Personal Care Products,Soaps
730,Medical Equipment And Accessories And Supplies,Patient Care And Treatment Products And Supplies,Contact Lenses
731,Electrical Systems And Lighting And Components And Accessories And Supplies,Electrical Equipment And Components And Supplies,Enclosure Plates Or Covers
732,Information Technology Broadcasting And Telecommunications,Data Voice Or Multimedia Network Equipment Or Platforms And Accessories,Radio Core Equipment
733,Mineral And Textile And Inedible Plant And Animal Materials,Fabrics And Leather Materials,Upholstery Fabrics
734,Healthcare Services,Medical Practice,Commercial Pharmaceutical Services
735,Politics And Civic Affairs Services,Humanitarian Aid And Relief,Sanitation Programs
736,Mining And Well Drilling Machinery And Accessories,Oil And Gas Drilling And Exploration Equipment,Under Balance Vent Subs
737,Live Plant And Animal Material And Accessories And Supplies,Animal Feed,Poultry Food
738,Office Equipment And Accessories And Supplies,Office Machines And Their Supplies And Accessories,Self-Inking Stamp
739,Printing And Photographic And Audio And Visual Equipment And Supplies,Audio And Visual Presentation And Composing Equipment,Projection Lamps
740,Mineral And Textile And Inedible Plant And Animal Materials,Earth And Stone,Soil
741,Electrical Systems And Lighting And Components And Accessories And Supplies,Lamps And Lightbulbs And Lamp Components,Fluorescent Lamps
742,Published Products,Signage And Accessories,Directional Signs
743,Domestic Appliances And Supplies And Consumer Electronic Products,Domestic Kitchenware And Kitchen Supplies,Domestic Pastry Blender
744,Defense And Law Enforcement And Security And Safety Equipment And Supplies,Conventional War Weapons,Grenades
745,Material Handling And Conditioning And Storage Machinery And Their Accessories And Supplies,Containers And Storage,Hot Water Tank
746,Musical Instruments And Games And Toys And Arts And Crafts And Educational Equipment And Materials And Accessories And Supplies,Developmental And Professional Teaching Aids And Materials And Accessories And Supplies,Idea Books
747,Medical Equipment And Accessories And Supplies,Respiratory And Anesthesia And Resuscitation Products,Endotracheal Or Tracheostomy Tube Repair Kits
748,National Defense And Public Order And Security And Safety Services,Public Order And Safety,Mentally Impaired Criminal Facilities
749,Electrical Systems And Lighting And Components And Accessories And Supplies,Lighting Fixtures And Accessories,Flashlight
750,Office Equipment And Accessories And Supplies,Office Machines And Their Supplies And Accessories,Laser Fax Machine
751,Laboratory And Measuring And Observing And Testing Equipment,Measuring And Observing And Testing Instruments,Soil Testing Kits
752,Environmental Services,Environmental Management,Risk Or Hazard Assessment
753,Food Beverage And Tobacco Products,Prepared And Preserved Foods,Fresh Sandwiches Or Filled Rolls
754,Laboratory And Measuring And Observing And Testing Equipment,Measuring And Observing And Testing Instruments,Tape Testers
755,Office Equipment And Accessories And Supplies,Office Machines And Their Supplies And Accessories,Time Cards Or Sheets
756,Medical Equipment And Accessories And Supplies,Medical Facility Products,Gurneys Or Scissor Lifts
757,Medical Equipment And Accessories And Supplies,Emergency And Field Medical Services Products,Emergency Medical Services Portable Oxygen Or Resuscitation Cases
758,Chemicals Including Bio Chemicals And Gas Materials,Compounds And Mixtures,Inorganic Chemical Mixtures
759,Domestic Appliances And Supplies And Consumer Electronic Products,Bedclothes And Table And Kitchen Linen And Towels,Blankets
760,Industrial Manufacturing And Processing Machinery And Accessories,Sawmilling And Lumber Processing Machinery And Equipment,Base Bed
761,Healthcare Services,Comprehensive Health Services,Private Specialized Clinic Services
762,Food Beverage And Tobacco Products,Fresh Vegetables,Bibb Lettuce
763,Office Equipment And Accessories And Supplies,Office Machines And Their Supplies And Accessories,Printer Or Facsimile Or Photocopier Belts
764,Manufacturing Components And Supplies,Paints And Primers And Finishes,Sealers
765,Medical Equipment And Accessories And Supplies,Medical Diagnostic Imaging And Nuclear Medicine Products,Cardiac Recorder
766,Medical Equipment And Accessories And Supplies,Independent Living Aids For The Physically Challenged,Head Or Face Protective Helmets Or Devices Or Accessories For The Physically Challenged
767,Medical Equipment And Accessories And Supplies,Patient Exam And Monitoring Products,Medical Exam Scope Bulbs Or Lamps
768,Musical Instruments And Games And Toys And Arts And Crafts And Educational Equipment And Materials And Accessories And Supplies,Developmental And Professional Teaching Aids And Materials And Accessories And Supplies,Water Testing Chemicals
769,Laboratory And Measuring And Observing And Testing Equipment,Measuring And Observing And Testing Instruments,Glucose Analyzers
770,Musical Instruments And Games And Toys And Arts And Crafts And Educational Equipment And Materials And Accessories And Supplies,Toys And Games,Board Games
771,Environmental Services,Environmental Protection,Landscape Protection Services
772,Laboratory And Measuring And Observing And Testing Equipment,Laboratory Supplies And Fixtures,General Purpose Trays
773,Structures And Building And Construction And Manufacturing Components And Supplies,Structural Components And Basic Shapes,Iron Channels
774,Information Technology Broadcasting And Telecommunications,Components For Information Technology Or Broadcasting Or Telecommunications,Console Extenders
775,Distribution And Conditioning Systems And Equipment And Components,Industrial Filtering And Purification,Filter Cartridge
776,Paper Materials And Products,Paper Products,Computer Printout Paper
777,Food Beverage And Tobacco Products,Prepared And Preserved Foods,Frozen Savory Pies Or Quiches Or Pasties
778,Engineering And Research And Technology Based Services,Professional Engineering Services,Plant Or Facility Infrastructure Engineering
779,Distribution And Conditioning Systems And Equipment And Components,Heating And Ventilation And Air Circulation,Air Collectors
780,Medical Equipment And Accessories And Supplies,Patient Care And Treatment Products And Supplies,Needle Or Blade Or Other Sharp Disposal Containers Or Carts Or Accessories
781,Medical Equipment And Accessories And Supplies,Emergency And Field Medical Services Products,Emergency Medical Services Intravenous Iv Kits
782,Laboratory And Measuring And Observing And Testing Equipment,Measuring And Observing And Testing Instruments,Blood Bank Reagents Or Solutions
783,Industrial Manufacturing And Processing Machinery And Accessories,Rapid Prototyping Machinery And Accessories,Laminated Object Manufacturing Machine
784,Transportation And Storage And Mail Services,Transportation Repair Or Maintenance Services,Automotive And Light Truck Maintenance And Repair
785,Commercial And Military And Private Vehicles And Their Accessories And Components,Transportation Components And Systems,Seat Cushions Or Bolsters
786,Information Technology Broadcasting And Telecommunications,Software,Facilities Management Software
787,Medical Equipment And Accessories And Supplies,Wound Care Products,Negative Pressure Dressings
788,Information Technology Broadcasting And Telecommunications,Software,Storage Networking Software
789,Industrial Production And Manufacturing Services,Machinery And Transport Equipment Manufacture,Motor Vehicles Manufacture Services
790,Building And Facility Construction And Maintenance Services,Specialized Trade Construction And Maintenance Services,Computerized Controls Installation Service
791,Structures And Building And Construction And Manufacturing Components And Supplies,Roads And Landscape,Bridge Seat Mounting
792,Material Handling And Conditioning And Storage Machinery And Their Accessories And Supplies,Containers And Storage,Tool Chests Or Boxes Or Cabinets
793,Structures And Building And Construction And Manufacturing Components And Supplies,Construction And Maintenance Support Equipment,Ladders
794,Manufacturing Components And Supplies,Rope And Chain And Cable And Wire And Strap,Ratchet Tie Down Strap
795,Drugs And Pharmaceutical Products,Hematolic Drugs,Gelatin
796,Commercial And Military And Private Vehicles And Their Accessories And Components,Transportation Components And Systems,Automobile Suspension Systems
797,Food Beverage And Tobacco Products,Meat And Poultry Products,"Specialty Meat, Minimally Processed With Additions"
798,Electrical Systems And Lighting And Components And Accessories And Supplies,Electrical Equipment And Components And Supplies,Electrodes
799,Food Beverage And Tobacco Products,Meat And Poultry Products,"Turkey, Processed With Additions"
800,Medical Equipment And Accessories And Supplies,Medical Facility Products,Medicine Feeding Cups Or Bottles Or Accessories
801,Medical Equipment And Accessories And Supplies,Medical Facility Products,Wheelchair Accessories
802,Medical Equipment And Accessories And Supplies,Patient Care And Treatment Products And Supplies,Medical Suction Containers
803,Material Handling And Conditioning And Storage Machinery And Their Accessories And Supplies,Containers And Storage,Water Bags
804,Medical Equipment And Accessories And Supplies,Wound Care Products,Suture Removal Kits Or Trays Or Packs Or Sets
805,Healthcare Services,Medical Practice,Urinalysis Laboratory Services
806,Engineering And Research And Technology Based Services,Computer Services,Database Design
807,Laboratory And Measuring And Observing And Testing Equipment,Laboratory Supplies And Fixtures,Chromatography Syringe Needles
808,Published Products,Signage And Accessories,Flags Or Accessories
809,Material Handling And Conditioning And Storage Machinery And Their Accessories And Supplies,Material Handling Machinery And Equipment,Laundry And Dressing Trolley
810,Paper Materials And Products,Paper Products,Label Papers
811,Medical Equipment And Accessories And Supplies,Medical Apparel And Textiles,Finger Cots
812,Manufacturing Components And Supplies,Adhesives And Sealants,Transparent Tape
813,Office Equipment And Accessories And Supplies,Office Supplies,Sheet Protectors
814,Office Equipment And Accessories And Supplies,Office And Desk Accessories,Desktop Trays Or Organizers
815,Office Equipment And Accessories And Supplies,Office Supplies,Staplers
816,Laboratory And Measuring And Observing And Testing Equipment,Measuring And Observing And Testing Instruments,Air Cleaner Tester
817,Manufacturing Components And Supplies,Gaskets,Metal Stamped Gasket
818,Food Beverage And Tobacco Products,Prepared And Preserved Foods,Dessert Mix
819,Medical Equipment And Accessories And Supplies,Wound Care Products,Abdominal Binders
820,Laboratory And Measuring And Observing And Testing Equipment,Laboratory And Scientific Equipment,Vacuum Blood Collection Tubes Or Containers
821,Defense And Law Enforcement And Security And Safety Equipment And Supplies,Personal Safety And Protection,Foot Rests
822,Information Technology Broadcasting And Telecommunications,Computer Equipment And Accessories,Plotter Printers
823,Structures And Building And Construction And Manufacturing Components And Supplies,Structural Building Products,Ceramic Tiles Or Flagstones
824,Structures And Building And Construction And Manufacturing Components And Supplies,Exterior Finishing Materials,Roofing Membranes
825,Structures And Building And Construction And Manufacturing Components And Supplies,Plumbing Fixtures,Sinks
826,Management And Business Professionals And Administrative Services,Human Resources Services,Temporary Legal Staffing Needs
827,Manufacturing Components And Supplies,Rope And Chain And Cable And Wire And Strap,Chain Links
828,Medical Equipment And Accessories And Supplies,Physical And Occupational Therapy And Rehabilitation Products,Resistive Exercise Bands Or Putty Or Tubing Or Accessories For Rehabilitation Or Therapy
829,Medical Equipment And Accessories And Supplies,Independent Living Aids For The Physically Challenged,Elevated Toilet Seats For The Physically Challenged
830,Medical Equipment And Accessories And Supplies,Medical Training And Education Supplies,Cardio Pulmonary Resuscitation Cpr Training Aids
831,Distribution And Conditioning Systems And Equipment And Components,Fluid And Gas Distribution,Water Hoses
832,Fuels And Fuel Additives And Lubricants And Anti Corrosive Materials,Gaseous Fuels And Additives,Acetylene
833,Editorial And Design And Graphic And Fine Art Services,Reproduction Services,Stationery Or Business Form Printing
834,Medical Equipment And Accessories And Supplies,Patient Care And Treatment Products And Supplies,Urethral Urinary Catheters
835,Electrical Systems And Lighting And Components And Accessories And Supplies,Electrical Wire Management Devices And Accessories And Supplies,Electrical Conduit
836,Medical Equipment And Accessories And Supplies,Independent Living Aids For The Physically Challenged,Sock Or Stocking Aids For The Physically Challenged
837,Electrical Systems And Lighting And Components And Accessories And Supplies,Electrical Equipment And Components And Supplies,Distribution Or Control Board Fixtures
838,Office Equipment And Accessories And Supplies,Office Supplies,Binder Or Bulldog Clips
839,Medical Equipment And Accessories And Supplies,Respiratory And Anesthesia And Resuscitation Products,Nebulizers Or Accessories
840,Distribution And Conditioning Systems And Equipment And Components,Heating And Ventilation And Air Circulation,Ventilation Check
841,Office Equipment And Accessories And Supplies,Office Supplies,Felt Pen
842,Public Utilities And Public Sector Related Services,Telecommunications Media Services,Paging Services
843,Management And Business Professionals And Administrative Services,Legal Services,Expert Witness Service
844,National Defense And Public Order And Security And Safety Services,Public Order And Safety,Community Outreach Programs
845,Office Equipment And Accessories And Supplies,Office Supplies,Folder Binding Accessories
846,Office Equipment And Accessories And Supplies,Office Supplies,Ballpoint Pen Ink Refill
847,Manufacturing Components And Supplies,Adhesives And Sealants,Masking Tape
848,Structures And Building And Construction And Manufacturing Components And Supplies,Insulation,Asphalt Board Sealing Layer
849,Industrial Production And Manufacturing Services,Manufacturing Support Services,Electrical Equipment Maintenance And Repair Service
850,Industrial Cleaning Services,Refuse Disposal And Treatment,Landfill For Non Hazardous Generic Waste
851,Domestic Appliances And Supplies And Consumer Electronic Products,Domestic Kitchenware And Kitchen Supplies,Domestic Kitchen Spatulas
852,Information Technology Broadcasting And Telecommunications,Software,Project Management Software
853,National Defense And Public Order And Security And Safety Services,Public Order And Safety,Special Weapons And Tactics Swat Or Riot Teams
854,Material Handling And Conditioning And Storage Machinery And Their Accessories And Supplies,Material Handling Machinery And Equipment,Forklifts
855,Distribution And Conditioning Systems And Equipment And Components,Industrial Filtering And Purification,Filter Base
856,Power Generation And Distribution Machinery And Accessories,Batteries And Generators And Kinetic Power Transmission,Lithium Batteries
857,Structures And Building And Construction And Manufacturing Components And Supplies,Interior Finishing Materials,Drawer Slide
858,Chemicals Including Bio Chemicals And Gas Materials,Elements And Gases,Iodine I
859,Industrial Production And Manufacturing Services,Manufacturing Support Services,Packaging Of Pharmaceuticals Services
860,Office Equipment And Accessories And Supplies,Office Supplies,Binder Pockets Or Accessories
861,Domestic Appliances And Supplies And Consumer Electronic Products,Domestic Kitchenware And Kitchen Supplies,Lunch Box
862,Food Beverage And Tobacco Products,Chocolate And Sugars And Sweeteners And Confectionary Products,Natural Sugars Or Sweetening Products
863,Material Handling And Conditioning And Storage Machinery And Their Accessories And Supplies,Material Handling Machinery And Equipment,Bulk Transporters
864,Medical Equipment And Accessories And Supplies,Independent Living Aids For The Physically Challenged,Nail Clippers Or Files For The Physically Challenged
865,Service Industry Machinery And Equipment And Supplies,Institutional Food Services Equipment,Commercial Use Food Warmers
866,Electrical Systems And Lighting And Components And Accessories And Supplies,Electrical Equipment And Components And Supplies,Switch Part Or Accessory
867,Medical Equipment And Accessories And Supplies,Emergency And Field Medical Services Products,Automated External Defibrillator Aed Accessories
868,Apparel And Luggage And Personal Care Products,Clothing,Mens Tshirts
869,Material Handling And Conditioning And Storage Machinery And Their Accessories And Supplies,Material Handling Machinery And Equipment,Carts
870,Manufacturing Components And Supplies,Adhesives And Sealants,Caulks
871,Medical Equipment And Accessories And Supplies,Orthopedic And Prosthetic And Sports Medicine Products,Orthopedic Splint Systems
872,Land And Buildings And Structures And Thoroughfares,Prefabricated Buildings And Structures,Medical Unit
873,Tools And General Machinery,Hand Tools,Lawnmowers
874,Medical Equipment And Accessories And Supplies,Independent Living Aids For The Physically Challenged,Walker Or Rollator Accessories
875,Mineral And Textile And Inedible Plant And Animal Materials,Scrap And Waste Materials,Oil Wastes
876,Published Products,Electronic Reference Material,Electronic Directories
877,Distribution And Conditioning Systems And Equipment And Components,Fluid And Gas Distribution,Solenoid Valves
878,Commercial And Military And Private Vehicles And Their Accessories And Components,Transportation Components And Systems,Automotive Windshield Wipers
879,Manufacturing Components And Supplies,Paints And Primers And Finishes,Enamel Paints
880,Medical Equipment And Accessories And Supplies,Medical Apparel And Textiles,Medical Staff Aprons Or Bibs
881,Chemicals Including Bio Chemicals And Gas Materials,Elements And Gases,Carbon Dioxide Gas Co2
882,Structures And Building And Construction And Manufacturing Components And Supplies,Doors And Windows And Glass,Tempered Glass
883,Medical Equipment And Accessories And Supplies,Medical Apparel And Textiles,Medical Staff Scrubs
884,Structures And Building And Construction And Manufacturing Components And Supplies,Plumbing Fixtures,Hand Shower Repair Kit
885,Sports And Recreational Equipment And Supplies And Accessories,Field And Court Sports Equipment,Volleyball Storage For Balls Or Nets
886,Manufacturing Components And Supplies,Paints And Primers And Finishes,Paint Roller Covers
887,Mineral And Textile And Inedible Plant And Animal Materials,Minerals And Ores And Metals,Aluminum
888,Fuels And Fuel Additives And Lubricants And Anti Corrosive Materials,Lubricants And Oils And Greases And Anti Corrosives,Rust Proofing Preparation
889,Musical Instruments And Games And Toys And Arts And Crafts And Educational Equipment And Materials And Accessories And Supplies,Developmental And Professional Teaching Aids And Materials And Accessories And Supplies,Career Education Or Planning Or Decision Making Skills Instructional Materials
890,Musical Instruments And Games And Toys And Arts And Crafts And Educational Equipment And Materials And Accessories And Supplies,Arts And Crafts Equipment And Accessories And Supplies,Brush Or Tool Cleaners
891,Cleaning Equipment And Supplies,Janitorial Equipment,Cleaning Pails Or Buckets
892,Building And Construction Machinery And Accessories,Heavy Construction Machinery And Equipment,Earthmoving Buckets Or Its Parts Or Accessories
893,Defense And Law Enforcement And Security And Safety Equipment And Supplies,Personal Safety And Protection,Chemical Resistant Gloves
894,Manufacturing Components And Supplies,Paints And Primers And Finishes,Finishing Stain Toner
895,Manufacturing Components And Supplies,Paints And Primers And Finishes,Glazes
896,Structures And Building And Construction And Manufacturing Components And Supplies,Insulation,Spray Coating Insulation
897,Industrial Cleaning Services,Refuse Disposal And Treatment,State County Local Waste Or Recycle Fee
898,Defense And Law Enforcement And Security And Safety Equipment And Supplies,Security Surveillance And Detection,Cable Locks
899,Industrial Manufacturing And Processing Machinery And Accessories,Mass Transfer Equipment,Air Dryers
900,Distribution And Conditioning Systems And Equipment And Components,Industrial Pumps And Compressors,Air Compressor Parts
901,Education And Training Services,Vocational Training,Re Training Or Refreshing Training Services
902,Structures And Building And Construction And Manufacturing Components And Supplies,Interior Finishing Materials,Stone Or Tile Flooring
903,Medical Equipment And Accessories And Supplies,Patient Care And Treatment Products And Supplies,Urinary Catheter Plugs Or Clamps
904,Environmental Services,Environmental Protection,Toxic Substances Protection Services
905,Domestic Appliances And Supplies And Consumer Electronic Products,Bedclothes And Table And Kitchen Linen And Towels,Mattress Pads
906,Food Beverage And Tobacco Products,Fresh Fruits,Ida Red Apples
907,Medical Equipment And Accessories And Supplies,Intravenous And Arterial Administration Products,Arterial Line Catheters
908,Building And Facility Construction And Maintenance Services,Specialized Trade Construction And Maintenance Services,Heavy Equipment Maintenance And Repair Service
909,Building And Facility Construction And Maintenance Services,Specialized Trade Construction And Maintenance Services,General Office Equipment Maintenance
910,Sports And Recreational Equipment And Supplies And Accessories,Fitness Equipment,Fitness Weights
911,Medical Equipment And Accessories And Supplies,Patient Care And Treatment Products And Supplies,Medical Bulb Syringes
912,Medical Equipment And Accessories And Supplies,Respiratory And Anesthesia And Resuscitation Products,Medical Oxygen Tubing Or Connectors
913,Printing And Photographic And Audio And Visual Equipment And Supplies,Audio And Visual Presentation And Composing Equipment,Distance Learning Systems
914,Structures And Building And Construction And Manufacturing Components And Supplies,Doors And Windows And Glass,Wooden Doors
915,Engineering And Research And Technology Based Services,Professional Engineering Services,Architectural Engineering
916,Office Equipment And Accessories And Supplies,Office And Desk Accessories,Deposit Bags
917,Timepieces And Jewelry And Gemstone Products,Jewelry,Rings
918,Manufacturing Components And Supplies,Hardware,Carriage Bolts
919,Medical Equipment And Accessories And Supplies,Respiratory And Anesthesia And Resuscitation Products,Oxygen Delivery Connectors Or Adapters
920,Medical Equipment And Accessories And Supplies,Patient Exam And Monitoring Products,Aneroid Blood Pressure Units
921,Sports And Recreational Equipment And Supplies And Accessories,Collectibles And Awards,Crowns
922,Material Handling And Conditioning And Storage Machinery And Their Accessories And Supplies,Industrial Refrigeration,Cabinet Refrigerator
923,Chemicals Including Bio Chemicals And Gas Materials,Waxes And Oils,Synthetic Oils
924,Chemicals Including Bio Chemicals And Gas Materials,Elements And Gases,Ammonia
925,Commercial And Military And Private Vehicles And Their Accessories And Components,Transportation Services Equipment,Spacecraft Service Modules
926,Apparel And Luggage And Personal Care Products,Footwear,Shoe Stretcher
927,Domestic Appliances And Supplies And Consumer Electronic Products,Bedclothes And Table And Kitchen Linen And Towels,Wash Cloths
928,Furniture And Furnishings,Classroom And Instructional And Institutional Furniture And Fixtures,Woodworking Tool Storage Cabinets Or Cabinets With Tools
929,Medical Equipment And Accessories And Supplies,Surgical Products,Urological Surgical Catheters Or Accessories
930,Tools And General Machinery,Hand Tools,Screwdriver Set
931,Food Beverage And Tobacco Products,Dried Fruit,Dried Lady Finger Banana
932,Defense And Law Enforcement And Security And Safety Equipment And Supplies,Personal Safety And Protection,Safety Vests
933,Electrical Systems And Lighting And Components And Accessories And Supplies,Electrical Equipment And Components And Supplies,Midget Fuses
934,Material Handling And Conditioning And Storage Machinery And Their Accessories And Supplies,Packing Supplies,Packing Peanuts
935,Medical Equipment And Accessories And Supplies,Dental Equipment And Supplies,Dental Material Pluggers Or Tips Or Accessories
936,Domestic Appliances And Supplies And Consumer Electronic Products,Domestic Kitchenware And Kitchen Supplies,Domestic Disposable Flatware
937,Chemicals Including Bio Chemicals And Gas Materials,Elements And Gases,Argon Gas Ar
938,Electrical Systems And Lighting And Components And Accessories And Supplies,Electrical Equipment And Components And Supplies,Contactors
939,Cleaning Equipment And Supplies,Janitorial Equipment,Hazardous Waste Container
940,Structures And Building And Construction And Manufacturing Components And Supplies,Structural Materials,Hot Rolled C360 Brass Sheet
941,Land And Buildings And Structures And Thoroughfares,Permanent Buildings And Structures,Swimming Pool
942,Mining And Oil And Gas Services,Oil And Gas Well Project Management Services,Underground Gas Storage Services
943,Defense And Law Enforcement And Security And Safety Equipment And Supplies,Personal Safety And Protection,Protective Pants
944,Manufacturing Components And Supplies,Adhesives And Sealants,Reactive Adhesive
945,Electronic Components And Supplies,Printed Circuits And Integrated Circuits And Microassemblies,Couplers
946,Cleaning Equipment And Supplies,Industrial Laundry And Dry Cleaning Equipment,Centrifugal Laundry Extractor
947,Medical Equipment And Accessories And Supplies,Physical And Occupational Therapy And Rehabilitation Products,Pedal Exercisers For Rehabilitation Or Therapy
948,Defense And Law Enforcement And Security And Safety Equipment And Supplies,Personal Safety And Protection,Back Support Belts
949,Electrical Systems And Lighting And Components And Accessories And Supplies,Electrical Equipment And Components And Supplies,Outlet Box
950,Industrial Production And Manufacturing Services,Machinery And Transport Equipment Manufacture,Office Machinery Or Equipment Manufacture Services
951,Structures And Building And Construction And Manufacturing Components And Supplies,Structural Components And Basic Shapes,Metal Posts
952,Distribution And Conditioning Systems And Equipment And Components,Pipe Piping And Pipe Fittings,Industrial Copper Pipe
953,Defense And Law Enforcement And Security And Safety Equipment And Supplies,Defense And Law Enforcement And Security And Safety Training Equipment,Firing Or Shooting Range
954,Chemicals Including Bio Chemicals And Gas Materials,Explosive Materials,Explosive Primers
955,Food Beverage And Tobacco Products,Beverages,Pineapple Concentrate
956,Medical Equipment And Accessories And Supplies,Patient Care And Treatment Products And Supplies,Blood Collection Syringes
957,Medical Equipment And Accessories And Supplies,Respiratory And Anesthesia And Resuscitation Products,Medical Head Hoods
958,Medical Equipment And Accessories And Supplies,Patient Care And Treatment Products And Supplies,Irrigation Needles
959,Information Technology Broadcasting And Telecommunications,Computer Equipment And Accessories,Universal Serial Bus Usb Extension Cable
960,Power Generation And Distribution Machinery And Accessories,Batteries And Generators And Kinetic Power Transmission,Product Specific Battery Packs
961,Medical Equipment And Accessories And Supplies,Wound Care Products,Medical And Surgical Adherent Tapes For General Use
962,Laboratory And Measuring And Observing And Testing Equipment,Measuring And Observing And Testing Instruments,Chemistry Reagents Or Solutions
963,Medical Equipment And Accessories And Supplies,Patient Exam And Monitoring Products,Psychodiagnostic Test Sets Or Kits
964,Commercial And Military And Private Vehicles And Their Accessories And Components,Motor Vehicles,All Terrain Vehicles Tracked Or Wheeled
965,Office Equipment And Accessories And Supplies,Office Machines And Their Supplies And Accessories,Mail Sealing Machines
966,Commercial And Military And Private Vehicles And Their Accessories And Components,Transportation Components And Systems,Disc Brake Pads
967,Medical Equipment And Accessories And Supplies,Patient Care And Treatment Products And Supplies,Prefilled Flush Syringe
968,Chemicals Including Bio Chemicals And Gas Materials,Additives,Reagent Kits
969,Drugs And Pharmaceutical Products,Hematolic Drugs,Magnesium Pidolate
970,Material Handling And Conditioning And Storage Machinery And Their Accessories And Supplies,Packaging Materials,Packaging Boxes
971,Commercial And Military And Private Vehicles And Their Accessories And Components,Transportation Components And Systems,Immobilizer
972,Healthcare Services,Medical Surgical Equipment Maintenance Refurbishment And Repair Services,Medical Or Surgical Equipment Or Implant Rental And Shipping Fee
973,Engineering And Research And Technology Based Services,Manufacturing Technologies,Safety Or Risk Analysis
974,Medical Equipment And Accessories And Supplies,Emergency And Field Medical Services Products,Ambulance Cots Or Accessories
975,Office Equipment And Accessories And Supplies,Office Supplies,Window Envelopes
976,Domestic Appliances And Supplies And Consumer Electronic Products,Domestic Kitchenware And Kitchen Supplies,Domestic Tea Or Coffee Pots
977,Live Plant And Animal Material And Accessories And Supplies,Seeds And Bulbs And Seedlings And Cuttings,Castor Oil Seeds
978,Drugs And Pharmaceutical Products,Hormones And Hormone Antagonists,Calcium Chloride
979,Drugs And Pharmaceutical Products,Agents Affecting Water And Electrolytes,Vitamin Supplements
980,Distribution And Conditioning Systems And Equipment And Components,Industrial Pumps And Compressors,Reciprocating Compressor Parts
981,Office Equipment And Accessories And Supplies,Office And Desk Accessories,Compasses
982,Musical Instruments And Games And Toys And Arts And Crafts And Educational Equipment And Materials And Accessories And Supplies,Developmental And Professional Teaching Aids And Materials And Accessories And Supplies,Recording Timer
983,Office Equipment And Accessories And Supplies,Office Supplies,File Inserts Or Tabs
984,Politics And Civic Affairs Services,Community And Social Services,Social Welfare Services
985,Healthcare Services,Comprehensive Health Services,Personal Care Services In Specialized Institutions
986,Food Beverage And Tobacco Products,Beverages,Cranberry Concentrate
987,Service Industry Machinery And Equipment And Supplies,Institutional Food Services Equipment,Commercial Use Microwave Ovens
988,Manufacturing Components And Supplies,Hardware,Flat Washers
989,Electrical Systems And Lighting And Components And Accessories And Supplies,Electrical Equipment And Components And Supplies,Cable Gland Connector
990,Manufacturing Components And Supplies,Hardware,Spider Coupling
991,Information Technology Broadcasting And Telecommunications,Components For Information Technology Or Broadcasting Or Telecommunications,Compact Disc Or Digital Versatile Disc Cd/Dvd Briefcase
992,Commercial And Military And Private Vehicles And Their Accessories And Components,Transportation Components And Systems,Fan
993,Material Handling And Conditioning And Storage Machinery And Their Accessories And Supplies,Material Handling Machinery And Equipment,Platform Truck
994,Information Technology Broadcasting And Telecommunications,Components For Information Technology Or Broadcasting Or Telecommunications,Digital Video Disc Video Dvd V
995,Manufacturing Components And Supplies,Hardware,U Bolts
996,Food Beverage And Tobacco Products,Chocolate And Sugars And Sweeteners And Confectionary Products,Chocolate Or Chocolate Substitute Candy
997,Laboratory And Measuring And Observing And Testing Equipment,Measuring And Observing And Testing Instruments,Urinalysis Test Strips
998,Food Beverage And Tobacco Products,Beverages,Cider Or Perry
999,Information Technology Broadcasting And Telecommunications,Components For Information Technology Or Broadcasting Or Telecommunications,Hardware Or Telephony Adapters
1000,Mineral And Textile And Inedible Plant And Animal Materials,Earth And Stone,Common Clay
1001,Manufacturing Components And Supplies,Adhesives And Sealants,Cloth Tape
1002,Food Beverage And Tobacco Products,Bread And Bakery Products,Frozen Pastry Dough
1003,Apparel And Luggage And Personal Care Products,Personal Care Products,Feminine Hygiene Products
1004,Fuels And Fuel Additives And Lubricants And Anti Corrosive Materials,Lubricants And Oils And Greases And Anti Corrosives,Engine Oil
1005,Information Technology Broadcasting And Telecommunications,Components For Information Technology Or Broadcasting Or Telecommunications,Wireless Network Interface Cards
1006,Engineering And Research And Technology Based Services,Computer Services,Online Database Information Retrieval Service
1007,Defense And Law Enforcement And Security And Safety Equipment And Supplies,Light Weapons And Ammunition,Handguns
1008,Office Equipment And Accessories And Supplies,Office Machines And Their Supplies And Accessories,Printer Maintenance Kit
1009,Industrial Manufacturing And Processing Machinery And Accessories,Sawmilling And Lumber Processing Machinery And Equipment,Bandsaw Wheel
1010,Distribution And Conditioning Systems And Equipment And Components,Fluid And Gas Distribution,Liquid Strainers
1011,Defense And Law Enforcement And Security And Safety Equipment And Supplies,Security Surveillance And Detection,Key Cabinets Or Organizers
1012,Domestic Appliances And Supplies And Consumer Electronic Products,Domestic Kitchenware And Kitchen Supplies,Domestic Disposable Cups Or Glasses Or Lids
1013,Food Beverage And Tobacco Products,Prepared And Preserved Foods,Gelatin Or Jelly Crystals
1014,Food Beverage And Tobacco Products,Meat And Poultry Products,"Specialty Meat, Processed With Additions"
1015,Food Beverage And Tobacco Products,Organic Fresh Fruits,Organic Pitmaston Pineapple Apples
1016,Laboratory And Measuring And Observing And Testing Equipment,Measuring And Observing And Testing Instruments,Rain Gauge Calibrator
1017,Laboratory And Measuring And Observing And Testing Equipment,Measuring And Observing And Testing Instruments,Psychrometers
1018,Power Generation And Distribution Machinery And Accessories,Atomic And Nuclear Energy Machinery And Equipment,Shielded Containers For Radiation Protection
1019,Laboratory And Measuring And Observing And Testing Equipment,Measuring And Observing And Testing Instruments,Speed Sensors
1020,Tools And General Machinery,Hand Tools,Soil Probe
1021,Information Technology Broadcasting And Telecommunications,Computer Equipment And Accessories,Head Mounted Displays
1022,Manufacturing Components And Supplies,Hardware,Spacers Or Standoffs
1023,Medical Equipment And Accessories And Supplies,Intravenous And Arterial Administration Products,Intravenous Infusion Pumps For General Use
1024,Medical Equipment And Accessories And Supplies,Patient Care And Treatment Products And Supplies,Patient Restraint Boards Or Accessories
1025,Medical Equipment And Accessories And Supplies,Orthopedic And Prosthetic And Sports Medicine Products,Walking Braces
1026,Distribution And Conditioning Systems And Equipment And Components,Industrial Pumps And Compressors,Pump Packings
1027,Electrical Systems And Lighting And Components And Accessories And Supplies,Lamps And Lightbulbs And Lamp Components,Induction Lighting System
1028,Office Equipment And Accessories And Supplies,Office And Desk Accessories,Display Systems Or Its Accessories
1029,Information Technology Broadcasting And Telecommunications,Computer Equipment And Accessories,Data Acquisition System
1030,Musical Instruments And Games And Toys And Arts And Crafts And Educational Equipment And Materials And Accessories And Supplies,Developmental And Professional Teaching Aids And Materials And Accessories And Supplies,Solar Collecting Devices
1031,Information Technology Broadcasting And Telecommunications,Data Voice Or Multimedia Network Equipment Or Platforms And Accessories,Cellular Antenna
1032,Electrical Systems And Lighting And Components And Accessories And Supplies,Electrical Equipment And Components And Supplies,Electrical General Purpose Enclosure
1033,Building And Facility Construction And Maintenance Services,Specialized Trade Construction And Maintenance Services,Elevator Installation Maintenance And Repair Service
1034,Medical Equipment And Accessories And Supplies,Surgical Products,Eye Protector Or Its Accessories
1035,Manufacturing Components And Supplies,Adhesives And Sealants,Putty Primer
1036,Structures And Building And Construction And Manufacturing Components And Supplies,Construction And Maintenance Support Equipment,Scaffolding
1037,Distribution And Conditioning Systems And Equipment And Components,Heating And Ventilation And Air Circulation,Evaporative Coolers
1038,Power Generation And Distribution Machinery And Accessories,Electrical Wire And Cable And Harness,Insulated Or Covered Wire
1039,Material Handling And Conditioning And Storage Machinery And Their Accessories And Supplies,Containers And Storage,Laundry Nets Or Bags
1040,Manufacturing Components And Supplies,Pneumatic And Hydraulic And Electric Control Systems,Electronic Actuators
1041,Distribution And Conditioning Systems And Equipment And Components,Heating And Ventilation And Air Circulation,Fan Guards Or Accessories
1042,Mining And Oil And Gas Services,Well Drilling And Construction Services,Water Or Gas Testing Services
1043,Food Beverage And Tobacco Products,Canned Or Jarred Fruit,Canned Or Jarred Classic Peaches
1044,Healthcare Services,Comprehensive Health Services,Health Service Planning
1045,Material Handling And Conditioning And Storage Machinery And Their Accessories And Supplies,Containers And Storage,Wood Pallet
1046,Food Beverage And Tobacco Products,Fresh Fruits,Golden Pineapple
1047,Food Beverage And Tobacco Products,Seasonings And Preservatives,Pickles
1048,Apparel And Luggage And Personal Care Products,Clothing,Institutional Food Preparation Or Service Attire
1049,Food Beverage And Tobacco Products,Meat And Poultry Products,"Turkey, Minimally Processed With Additions"
1050,Medical Equipment And Accessories And Supplies,Patient Exam And Monitoring Products,Blood Pressure Monitor Dome Kits
1051,Distribution And Conditioning Systems And Equipment And Components,Heating And Ventilation And Air Circulation,Centrifugal Liquid Chiller
1052,Organizations And Clubs,Clubs,Gun Or Hunting Sport Clubs
1053,Service Industry Machinery And Equipment And Supplies,Institutional Food Services Equipment,Food Service Pitchers
1054,Commercial And Military And Private Vehicles And Their Accessories And Components,Motor Vehicles,Minivans Or Vans
1055,Medical Equipment And Accessories And Supplies,Medical Facility Products,Medical Exam Or Procedure Tables For General Use
1056,Material Handling And Conditioning And Storage Machinery And Their Accessories And Supplies,Material Handling Machinery And Equipment,Slings
1057,Medical Equipment And Accessories And Supplies,Surgical Products,Ureteral Catheters
1058,Material Handling And Conditioning And Storage Machinery And Their Accessories And Supplies,Industrial Refrigeration,Combined Refrigerator Freezers
1059,Education And Training Services,Vocational Training,Teacher Training Services
1060,Building And Facility Construction And Maintenance Services,Nonresidential Building Construction Services,Waste Water And Sewage Treatment Plant Construction Service
1061,Furniture And Furnishings,Accommodation Furniture,Side Table
1062,Food Beverage And Tobacco Products,Meat And Poultry Products,"Turkey, Minimally Processed Without Additions"
1063,Medical Equipment And Accessories And Supplies,Patient Exam And Monitoring Products,Electronic Medical Thermometers
1064,Farming And Fishing And Forestry And Wildlife Contracting Services,Land And Soil Preparation And Management And Protection,Land Use Planning
1065,Information Technology Broadcasting And Telecommunications,Computer Equipment And Accessories,Computer Workstation
1066,Cleaning Equipment And Supplies,Cleaning And Janitorial Supplies,Cleaning Brushes
1067,Material Handling And Conditioning And Storage Machinery And Their Accessories And Supplies,Material Handling Machinery And Equipment,Forklift Or Elevator Accessories Or Supplies
1068,Medical Equipment And Accessories And Supplies,Dental Equipment And Supplies,Dental Instrument Trays Or Tubs
1069,Mineral And Textile And Inedible Plant And Animal Materials,Scrap And Waste Materials,Composition Leather
1070,Medical Equipment And Accessories And Supplies,Respiratory And Anesthesia And Resuscitation Products,Bi Level Positive Airway Pressure Bi Pap Accessories
1071,Office Equipment And Accessories And Supplies,Office And Desk Accessories,Hanging Rails Or Holders
1072,Office Equipment And Accessories And Supplies,Office Machines And Their Supplies And Accessories,Adhesive Label Cartridges
1073,Distribution And Conditioning Systems And Equipment And Components,Heating And Ventilation And Air Circulation,Air Circulators
1074,Live Plant And Animal Material And Accessories And Supplies,Floriculture And Silviculture Products,Dried Grass Plumes
1075,Material Handling And Conditioning And Storage Machinery And Their Accessories And Supplies,Material Handling Machinery And Equipment,Warehouse Casers
1076,Information Technology Broadcasting And Telecommunications,Software,Web Platform Development Software
1077,Distribution And Conditioning Systems And Equipment And Components,Tubes Tubing And Tube Fittings,Hdpe Plastic Tubing
1078,Distribution And Conditioning Systems And Equipment And Components,Industrial Pumps And Compressors,Submersible Pumps
1079,Domestic Appliances And Supplies And Consumer Electronic Products,Domestic Appliances,Domestic Electric Fan
1080,Manufacturing Components And Supplies,Rope And Chain And Cable And Wire And Strap,Barbed Wire
1081,Food Beverage And Tobacco Products,Fresh Vegetables,AnasaziãÂ® Beans
1082,Structures And Building And Construction And Manufacturing Components And Supplies,Structural Components And Basic Shapes,Stainless Steel Angles
1083,Food Beverage And Tobacco Products,Canned Or Jarred Organic Vegetables,Canned Or Jarred Organic Siberia Tomato Tomatoes
1084,Furniture And Furnishings,Merchandising Furniture And Accessories,Floor Stands
1085,Laboratory And Measuring And Observing And Testing Equipment,Measuring And Observing And Testing Instruments,Blood Bank Analyzer Reagents
1086,Industrial Cleaning Services,Cleaning And Janitorial Services,Exhaust Hood Or Fan Clearing
1087,Building And Facility Construction And Maintenance Services,Building And Facility Maintenance And Repair Services,Elevator Maintenance Services
1088,Musical Instruments And Games And Toys And Arts And Crafts And Educational Equipment And Materials And Accessories And Supplies,Developmental And Professional Teaching Aids And Materials And Accessories And Supplies,Drug Or Tobacco Or Alcohol Abuse Education Instructional Materials
1089,Defense And Law Enforcement And Security And Safety Equipment And Supplies,Rockets And Subsystems,Liquid Boosters
1090,Medical Equipment And Accessories And Supplies,Patient Care And Treatment Products And Supplies,Chemotherapy Administration Sets Or Kits
1091,Structures And Building And Construction And Manufacturing Components And Supplies,Concrete And Cement And Plaster,Cement
1092,Electrical Systems And Lighting And Components And Accessories And Supplies,Lighting Fixtures And Accessories,Light Emitting Diode Led Optic Lighting
1093,Domestic Appliances And Supplies And Consumer Electronic Products,Domestic Kitchenware And Kitchen Supplies,Domestic Serving Utensils
1094,Laboratory And Measuring And Observing And Testing Equipment,Laboratory Supplies And Fixtures,Labeling Tapes
1095,Musical Instruments And Games And Toys And Arts And Crafts And Educational Equipment And Materials And Accessories And Supplies,Developmental And Professional Teaching Aids And Materials And Accessories And Supplies,Materials Teaching Aids Or Materials
1096,Medical Equipment And Accessories And Supplies,Patient Care And Treatment Products And Supplies,Restraint Vests And Jackets
1097,Food Beverage And Tobacco Products,Fresh Vegetables,Russet Potatoes
1098,Power Generation And Distribution Machinery And Accessories,Power Sources,Pressure Washer Motor Ac
1099,Food Beverage And Tobacco Products,Prepared And Preserved Foods,Prepared Desserts
1100,Structures And Building And Construction And Manufacturing Components And Supplies,Doors And Windows And Glass,Metal Doors
1101,Food Beverage And Tobacco Products,Fresh Vegetables,Roma Vf Tomatoes
1102,Musical Instruments And Games And Toys And Arts And Crafts And Educational Equipment And Materials And Accessories And Supplies,Musical Instruments And Parts And Accessories,Drums
1103,National Defense And Public Order And Security And Safety Services,Military Services And National Defense,Chemical Weapons Usage
1104,Sports And Recreational Equipment And Supplies And Accessories,Field And Court Sports Equipment,Basketballs
1105,Engineering And Research And Technology Based Services,Professional Engineering Services,High Voltage Overhead Line Maintenance And Repair
1106,Domestic Appliances And Supplies And Consumer Electronic Products,Consumer Electronics,Televisions
1107,Food Beverage And Tobacco Products,Beverages,Soft Drinks
1108,Healthcare Services,Medical Practice,Physical Therapy Services
1109,Defense And Law Enforcement And Security And Safety Equipment And Supplies,Personal Safety And Protection,Insulated Clothing For Cold Environments
1110,Defense And Law Enforcement And Security And Safety Equipment And Supplies,Personal Safety And Protection,Protective Wristbands
1111,Distribution And Conditioning Systems And Equipment And Components,Pipe Piping And Pipe Fittings,Industrial Brass Pipe
1112,Laboratory And Measuring And Observing And Testing Equipment,Laboratory And Scientific Equipment,Laboratory X Ray Equipment Controller
1113,Editorial And Design And Graphic And Fine Art Services,Reproduction Services,Color Copy Or Collating Services
1114,Laboratory And Measuring And Observing And Testing Equipment,Measuring And Observing And Testing Instruments,Hematology Reagents Or Solutions Or Stains
1115,Information Technology Broadcasting And Telecommunications,Computer Equipment And Accessories,Computer Kiosk
1116,Healthcare Services,Comprehensive Health Services,Nursing Services
1117,Industrial Production And Manufacturing Services,Food And Beverage Industries,Fruit Or Vegetable Packing Services
1118,Defense And Law Enforcement And Security And Safety Equipment And Supplies,Personal Safety And Protection,Powered Air Purifying Respirator System Paprs Or Accessories
1119,National Defense And Public Order And Security And Safety Services,Public Order And Safety,Sheriffs Services
1120,Power Generation And Distribution Machinery And Accessories,Power Sources,Alternator
1121,Drugs And Pharmaceutical Products,Central Nervous System Drugs,Flurbiprofen
1122,Information Technology Broadcasting And Telecommunications,Components For Information Technology Or Broadcasting Or Telecommunications,Keycaps Or Keytops Or Keys
1123,Tools And General Machinery,Hand Tools,Hub Adapters
1124,Commercial And Military And Private Vehicles And Their Accessories And Components,Transportation Components And Systems,Engine Starter Motor
1125,Electrical Systems And Lighting And Components And Accessories And Supplies,Lighting Fixtures And Accessories,Light Boxes
1126,Food Beverage And Tobacco Products,Cereal And Pulse Products,Cereal Flour
1127,Medical Equipment And Accessories And Supplies,Dental Equipment And Supplies,Dental Scalers Or Accessories
1128,Medical Equipment And Accessories And Supplies,Patient Exam And Monitoring Products,Ophthalmometer Bulbs
1129,Food Beverage And Tobacco Products,Fresh Fruits,Citrus Fruit Rinds
1130,Building And Facility Construction And Maintenance Services,Specialized Trade Construction And Maintenance Services,Concrete Pumping Service
1131,Engineering And Research And Technology Based Services,Information Technology Service Delivery,Pager Administration Service
1132,Musical Instruments And Games And Toys And Arts And Crafts And Educational Equipment And Materials And Accessories And Supplies,Developmental And Professional Teaching Aids And Materials And Accessories And Supplies,Name Plates Or Tags
1133,Medical Equipment And Accessories And Supplies,Surgical Products,Endoscopic Instrument Seals
1134,Mining And Well Drilling Machinery And Accessories,Mining And Quarrying Machinery And Equipment,Apron Feeder
1135,Medical Equipment And Accessories And Supplies,Independent Living Aids For The Physically Challenged,Shower Or Bath Chairs Or Seats For The Physically Challenged
1136,Drugs And Pharmaceutical Products,"Drugs Affecting The Ears, Eye, Nose And Skin",Hydrophillic Creams Or Ointments
1137,Food Beverage And Tobacco Products,Fresh Vegetables,Butter And Sugar Corn
1138,Office Equipment And Accessories And Supplies,Office Machines And Their Supplies And Accessories,Time Stamping Machines
1139,Medical Equipment And Accessories And Supplies,Patient Care And Treatment Products And Supplies,General Use Medical Labels
1140,Distribution And Conditioning Systems And Equipment And Components,Fluid And Gas Distribution,Vacuum Breaker
1141,Manufacturing Components And Supplies,Hardware,Cap Nuts
1142,Cleaning Equipment And Supplies,Cleaning And Janitorial Supplies,Spill Kits
1143,Food Beverage And Tobacco Products,Fresh Fruits,Dominico Bananas
1144,Medical Equipment And Accessories And Supplies,Patient Care And Treatment Products And Supplies,Hypodermic Needles
1145,Structures And Building And Construction And Manufacturing Components And Supplies,Plumbing Fixtures,Toothbrush Or Tumbler Holder
1146,Mining And Well Drilling Machinery And Accessories,Oil And Gas Drilling And Exploration Equipment,Coiled Tubing Units
1147,Editorial And Design And Graphic And Fine Art Services,Writing And Translations,Court Reporting Services
1148,Medical Equipment And Accessories And Supplies,Respiratory And Anesthesia And Resuscitation Products,Medical Oxygen Masks Or Parts
1149,Medical Equipment And Accessories And Supplies,Medical Apparel And Textiles,Surgical Towels
1150,Cleaning Equipment And Supplies,Cleaning And Janitorial Supplies,Paper Towel Dispensers
1151,Live Plant And Animal Material And Accessories And Supplies,Dried Cut Blooms Of High Species Or Variety Count Flowers,Dried Cut Ornamental Mixed Pepper
1152,National Defense And Public Order And Security And Safety Services,Public Order And Safety,Appeals Process Or Judicial Review
1153,Food Beverage And Tobacco Products,Seasonings And Preservatives,Red Pepper Powder
1154,Distribution And Conditioning Systems And Equipment And Components,Fluid And Gas Distribution,Plumbing Spiders
1155,Material Handling And Conditioning And Storage Machinery And Their Accessories And Supplies,Packaging Materials,Beverage Cans
1156,Paper Materials And Products,Paper Products,Correspondence Forms Or Correspondence Books
1157,Power Generation And Distribution Machinery And Accessories,Power Sources,Gasoline Outboard Motor
1158,Distribution And Conditioning Systems And Equipment And Components,Pipe Piping And Pipe Fittings,Brass Pipe Union
1159,Defense And Law Enforcement And Security And Safety Equipment And Supplies,Personal Safety And Protection,Protective Hood
1160,Mining And Well Drilling Machinery And Accessories,Oil And Gas Drilling And Exploration Equipment,Workover Boats
1161,Fuels And Fuel Additives And Lubricants And Anti Corrosive Materials,Gaseous Fuels And Additives,Water Gas Or Producer Gas
1162,Medical Equipment And Accessories And Supplies,Respiratory And Anesthesia And Resuscitation Products,Oxygen Concentrators
1163,Mining And Well Drilling Machinery And Accessories,Oil And Gas Drilling And Exploration Equipment,Slickline Running Or Pulling Prongs
1164,Sports And Recreational Equipment And Supplies And Accessories,Other Sports,Lanyards
1165,Drugs And Pharmaceutical Products,Anti Infective Drugs,Topical Iodine Solutions Or Gels
1166,Information Technology Broadcasting And Telecommunications,Computer Equipment And Accessories,Monitor Arms Or Stands
1167,Distribution And Conditioning Systems And Equipment And Components,Heating And Ventilation And Air Circulation,Heat Pumps
1168,Engineering And Research And Technology Based Services,Computer Services,Printer Maintenance
1169,Structures And Building And Construction And Manufacturing Components And Supplies,Roads And Landscape,Asphalt
1170,Information Technology Broadcasting And Telecommunications,Computer Equipment And Accessories,Mouse Pads
1171,Electrical Systems And Lighting And Components And Accessories And Supplies,Electrical Equipment And Components And Supplies,Controller Switch
1172,Tools And General Machinery,Hand Tools,Portable Waste Oil Storage
1173,Medical Equipment And Accessories And Supplies,Independent Living Aids For The Physically Challenged,Straws Or Straw Holders For The Physically Challenged
1174,Electronic Components And Supplies,Printed Circuits And Integrated Circuits And Microassemblies,Splitter
1175,Paper Materials And Products,Paper Products,Pharmacy Prescription Pad
1176,Furniture And Furnishings,Classroom And Instructional And Institutional Furniture And Fixtures,Circulation Or Librarian Desks Or Components
1177,Manufacturing Components And Supplies,Hardware,Braces
1178,Live Plant And Animal Material And Accessories And Supplies,Pest Control Products,Insecticides
1179,Electrical Systems And Lighting And Components And Accessories And Supplies,Lamps And Lightbulbs And Lamp Components,Lamp Filament
1180,Distribution And Conditioning Systems And Equipment And Components,Fluid And Gas Distribution,Tee Strainer
1181,Tools And General Machinery,Pneumatic Machinery And Equipment,Air Coupling
1182,Distribution And Conditioning Systems And Equipment And Components,Fluid And Gas Distribution,Valve Kits
1183,Distribution And Conditioning Systems And Equipment And Components,Industrial Pumps And Compressors,Pump Shaft
1184,Laboratory And Measuring And Observing And Testing Equipment,Measuring And Observing And Testing Instruments,Chemical Test Strips Or Papers
1185,Medical Equipment And Accessories And Supplies,Medical Apparel And Textiles,Medical Glove Boxes Or Dispensers
1186,Domestic Appliances And Supplies And Consumer Electronic Products,Bedclothes And Table And Kitchen Linen And Towels,Pillows
1187,Live Plant And Animal Material And Accessories And Supplies,Live Animals,Dogs
1188,Structures And Building And Construction And Manufacturing Components And Supplies,Interior Finishing Materials,Access Flooring
1189,Structures And Building And Construction And Manufacturing Components And Supplies,Interior Finishing Materials,Floor Panel
1190,Environmental Services,Environmental Management,Urban Environmental Development Planning
1191,Food Beverage And Tobacco Products,Canned Or Jarred Organic Fruit,Canned Or Jarred Organic Jackfruit
1192,Medical Equipment And Accessories And Supplies,Intravenous And Arterial Administration Products,Intravenous Tubing With Catheter Administration Kits
1193,Medical Equipment And Accessories And Supplies,Physical And Occupational Therapy And Rehabilitation Products,Therapeutic Cushion Seats Or Accessories
1194,Defense And Law Enforcement And Security And Safety Equipment And Supplies,Personal Safety And Protection,Protective Sandals
1195,Medical Equipment And Accessories And Supplies,Surgical Products,Lap Mayo Trays Or Mayo Stands For Surgical Use Or Accessories
1196,Office Equipment And Accessories And Supplies,Office Machines And Their Supplies And Accessories,Laminator Pouches
1197,Building And Facility Construction And Maintenance Services,Heavy Construction Services,Rock Removal Service
1198,Structures And Building And Construction And Manufacturing Components And Supplies,Structural Components And Basic Shapes,Precast Concrete Element
1199,Defense And Law Enforcement And Security And Safety Equipment And Supplies,Personal Safety And Protection,Grounding Hardware
1200,Defense And Law Enforcement And Security And Safety Equipment And Supplies,Personal Safety And Protection,Welding Masks
1201,Domestic Appliances And Supplies And Consumer Electronic Products,Consumer Electronics,Radio Frequency Transmitters Or Receivers
1202,Printing And Photographic And Audio And Visual Equipment And Supplies,Photographic Or Filming Or Video Equipment,Digital Camcorders Or Video Cameras
1203,Office Equipment And Accessories And Supplies,Office And Desk Accessories,Copy Holders
1204,Musical Instruments And Games And Toys And Arts And Crafts And Educational Equipment And Materials And Accessories And Supplies,Developmental And Professional Teaching Aids And Materials And Accessories And Supplies,Reading Resource Books
1205,Food Beverage And Tobacco Products,Frozen Vegetables,Frozen Specialty Potatoes
1206,Manufacturing Components And Supplies,Forgings,Silicone Sealant
1207,Mining And Well Drilling Machinery And Accessories,Oil And Gas Operating And Production Equipment,Oil Field Water Oil Centrifuges
1208,Food Beverage And Tobacco Products,Prepared And Preserved Foods,Shelf Stable Prepared Salads
1209,Distribution And Conditioning Systems And Equipment And Components,Heating And Ventilation And Air Circulation,Fans
1210,Medical Equipment And Accessories And Supplies,Surgical Products,Ear Nose And Throat Ent Irrigation Or Aspiration Supplies Or Accessories
1211,Musical Instruments And Games And Toys And Arts And Crafts And Educational Equipment And Materials And Accessories And Supplies,Arts And Crafts Equipment And Accessories And Supplies,Display Board
1212,Electrical Systems And Lighting And Components And Accessories And Supplies,Electrical Equipment And Components And Supplies,Electrical Control Modules
1213,Apparel And Luggage And Personal Care Products,Luggage And Handbags And Packs And Cases,Equipment Cases
1214,Defense And Law Enforcement And Security And Safety Equipment And Supplies,Personal Safety And Protection,Safety Harnesses Or Belts
1215,Distribution And Conditioning Systems And Equipment And Components,Pipe Piping And Pipe Fittings,Brass Pipe Nipple
1216,Land And Buildings And Structures And Thoroughfares,Prefabricated Buildings And Structures,Shelter
1217,Material Handling And Conditioning And Storage Machinery And Their Accessories And Supplies,Packing Supplies,Tarpaulins
1218,Electronic Components And Supplies,Automation Control Devices And Components And Accessories,Control Sound Module
1219,Laboratory And Measuring And Observing And Testing Equipment,Measuring And Observing And Testing Instruments,Electrical Clip
1220,Electrical Systems And Lighting And Components And Accessories And Supplies,Electrical Wire Management Devices And Accessories And Supplies,Wireway
1221,Distribution And Conditioning Systems And Equipment And Components,Industrial Filtering And Purification,Water Filters
1222,Electrical Systems And Lighting And Components And Accessories And Supplies,Electrical Equipment And Components And Supplies,Power Relay
1223,Travel And Food And Lodging And Entertainment Services,Travel Facilitation,Interpreters
1224,Medical Equipment And Accessories And Supplies,Patient Exam And Monitoring Products,Multiparameter Vital Sign Unit Or Accessories
1225,National Defense And Public Order And Security And Safety Services,Security And Personal Safety,Fire Alarm Maintenance Or Monitoring
1226,Defense And Law Enforcement And Security And Safety Equipment And Supplies,Law Enforcement,Alcohol Analysers
1227,Laboratory And Measuring And Observing And Testing Equipment,Measuring And Observing And Testing Instruments,Metal Detectors
1228,Medical Equipment And Accessories And Supplies,Orthopedic And Prosthetic And Sports Medicine Products,Lower Extremity Prosthetic Devices
1229,Mining And Oil And Gas Services,Oil And Gas Data Management And Processing Services,Data Storage And Backup
1230,Farming And Fishing And Forestry And Wildlife Contracting Services,Crop Production And Management And Protection,Herbicide Services
1231,Defense And Law Enforcement And Security And Safety Equipment And Supplies,Security Surveillance And Detection,Clock Timers
1232,Medical Equipment And Accessories And Supplies,Orthopedic And Prosthetic And Sports Medicine Products,Ankle Or Foot Orthopedic Softgoods
1233,Printing And Photographic And Audio And Visual Equipment And Supplies,Audio And Visual Presentation And Composing Equipment,Projection Screens Or Displays
1234,Building And Facility Construction And Maintenance Services,Heavy Construction Services,Construction Equipment Rental Or Leasing Service
1235,Information Technology Broadcasting And Telecommunications,Communications Devices And Accessories,Two Way Radios
1236,Laboratory And Measuring And Observing And Testing Equipment,Laboratory And Scientific Equipment,Transcription Or Translation Systems Or Kits
1237,Medical Equipment And Accessories And Supplies,Respiratory And Anesthesia And Resuscitation Products,Anesthesia Inhalers Or Inhaler Units Or Accessories
1238,Defense And Law Enforcement And Security And Safety Equipment And Supplies,Personal Safety And Protection,Ear Plugs
1239,Office Equipment And Accessories And Supplies,Office Supplies,File Pockets Or Accessories
1240,Live Plant And Animal Material And Accessories And Supplies,Fresh Cut Blooms Of Low Species Or Variety Count Flowers,Fresh Cut Floribunda Or Italy Mimosa
1241,Structures And Building And Construction And Manufacturing Components And Supplies,Structural Materials,Composite Metal Sheet
1242,Power Generation And Distribution Machinery And Accessories,Batteries And Generators And Kinetic Power Transmission,Mechanical Clutch
1243,Medical Equipment And Accessories And Supplies,Orthopedic And Prosthetic And Sports Medicine Products,Orthotics Or Foot Care Products
1244,Defense And Law Enforcement And Security And Safety Equipment And Supplies,Personal Safety And Protection,Facial Shields
1245,Medical Equipment And Accessories And Supplies,Respiratory And Anesthesia And Resuscitation Products,Artificial Airway Accessories
1246,Industrial Production And Manufacturing Services,Machining And Processing Services,Painting Services
1247,Sports And Recreational Equipment And Supplies And Accessories,Watersports Equipment,Bouyancy Compensators
1248,Service Industry Machinery And Equipment And Supplies,Institutional Food Services Equipment,Commercial Use Dishwashers
1249,Tools And General Machinery,Hand Tools,Knife Blades
1250,Live Plant And Animal Material And Accessories And Supplies,Animal Feed,Feed Oats
1251,Medical Equipment And Accessories And Supplies,Respiratory And Anesthesia And Resuscitation Products,Bender Tools
1252,Defense And Law Enforcement And Security And Safety Equipment And Supplies,Personal Safety And Protection,Masks Or Accessories
1253,Tools And General Machinery,Hand Tools,Oil Cup
1254,Mining And Well Drilling Machinery And Accessories,Oil And Gas Drilling And Exploration Equipment,Casing Patch Parts And Accessories
1255,Electrical Systems And Lighting And Components And Accessories And Supplies,Lighting Fixtures And Accessories,Exit Light Conversion Kit
1256,Office Equipment And Accessories And Supplies,Office Machines And Their Supplies And Accessories,Paper Shredding Machines Or Accessories
1257,Manufacturing Components And Supplies,Hardware,Shelf Brackets
1258,Distribution And Conditioning Systems And Equipment And Components,Fluid And Gas Distribution,Vacuum Hose
1259,Healthcare Services,Medical Practice,Optometrists Services
1260,Tools And General Machinery,Pneumatic Machinery And Equipment,Air Motors
1261,Medical Equipment And Accessories And Supplies,Medical Facility Products,Wheelchairs
1262,Food Beverage And Tobacco Products,Fresh Vegetables,Broccoli Romanesco
1263,Distribution And Conditioning Systems And Equipment And Components,Fluid And Gas Distribution,Expansion Valves
1264,Medical Equipment And Accessories And Supplies,Emergency And Field Medical Services Products,Emergency Response Litters Or Stretchers Or Accessories
1265,Food Beverage And Tobacco Products,Fresh Vegetables,Virginia Peanuts
1266,Medical Equipment And Accessories And Supplies,Orthopedic And Prosthetic And Sports Medicine Products,Back Or Lumbar Or Sacral Orthopedic Softgoods
1267,Medical Equipment And Accessories And Supplies,Orthopedic And Prosthetic And Sports Medicine Products,Upper Extremity Prosthetic Devices
1268,Domestic Appliances And Supplies And Consumer Electronic Products,Domestic Kitchenware And Kitchen Supplies,Domestic Cake Or Pie Pans
1269,Commercial And Military And Private Vehicles And Their Accessories And Components,Transportation Components And Systems,Tailgates Or Liftgates
1270,Medical Equipment And Accessories And Supplies,Dental Equipment And Supplies,Dental Instruments Rings
1271,Food Beverage And Tobacco Products,Fresh Fruits,Greening Apples
1272,Information Technology Broadcasting And Telecommunications,Communications Devices And Accessories,Mobile Phone Face Plates
1273,Food Beverage And Tobacco Products,Fresh Vegetables,Bell Peppers
1274,Food Beverage And Tobacco Products,Fresh Vegetables,Zucchini Squash
1275,Medical Equipment And Accessories And Supplies,Medical Diagnostic Imaging And Nuclear Medicine Products,Medical X Ray Film Markers
1276,Medical Equipment And Accessories And Supplies,Surgical Products,Surgical Irrigation Sets Or Accessories
1277,Paper Materials And Products,Paper Products,Medical Monitoring Or Tracing Or Recording Paper
1278,Medical Equipment And Accessories And Supplies,Surgical Products,Surgical Scissors
1279,Information Technology Broadcasting And Telecommunications,Software,Human Resources Software
1280,Office Equipment And Accessories And Supplies,Office Supplies,Correction Film Or Tape
1281,Published Products,Electronic Reference Material,Motion Pictures On Digital Video Disk Dvd
1282,Live Plant And Animal Material And Accessories And Supplies,Live Plants Of Low Species Or Variety Count Flowers,Live Buddleia Or Butterfly Bush
1283,Defense And Law Enforcement And Security And Safety Equipment And Supplies,Personal Safety And Protection,Protective Mesh Jacket
1284,Material Handling And Conditioning And Storage Machinery And Their Accessories And Supplies,Packing Supplies,Tamper Proof Or Security Seals
1285,Laboratory And Measuring And Observing And Testing Equipment,Measuring And Observing And Testing Instruments,Diagnostic Beverages For Laboratory Testing
1286,Distribution And Conditioning Systems And Equipment And Components,Industrial Pumps And Compressors,Centrifugal Pumps
1287,Medical Equipment And Accessories And Supplies,Medical Facility Products,Patient Care Beds Or Accessories For Specialty Care
1288,Domestic Appliances And Supplies And Consumer Electronic Products,Domestic Appliances,Domestic Waffle Irons
1289,Food Beverage And Tobacco Products,Prepared And Preserved Foods,Nut Or Mixed Spreads
1290,Mineral And Textile And Inedible Plant And Animal Materials,Minerals And Ores And Metals,Aluminum Liquid
1291,Manufacturing Components And Supplies,Gaskets,O Ring Molded Gasket
1292,Apparel And Luggage And Personal Care Products,Footwear,Womens Boots
1293,Medical Equipment And Accessories And Supplies,Wound Care Products,Medical Adhesives Or Glues For Skin Closure
1294,Laboratory And Measuring And Observing And Testing Equipment,Laboratory And Scientific Equipment,Laboratory Heaters
1295,Management And Business Professionals And Administrative Services,Human Resources Services,Temporary Technician Staffing Needs
1296,Musical Instruments And Games And Toys And Arts And Crafts And Educational Equipment And Materials And Accessories And Supplies,Arts And Crafts Equipment And Accessories And Supplies,Lacing Or Stringing Accessories
1297,Chemicals Including Bio Chemicals And Gas Materials,Additives,Cationic Friction Reducers
1298,Distribution And Conditioning Systems And Equipment And Components,Pipe Piping And Pipe Fittings,Pvc Plastic Pipe Adapter
1299,Distribution And Conditioning Systems And Equipment And Components,Pipe Piping And Pipe Fittings,Pvc Plastic Pipe Union
1300,Distribution And Conditioning Systems And Equipment And Components,Pipe Piping And Pipe Fittings,Copper Pipe Coupling
1301,Distribution And Conditioning Systems And Equipment And Components,Pipe Piping And Pipe Fittings,Copper Pipe Union
1302,Distribution And Conditioning Systems And Equipment And Components,Pipe Piping And Pipe Fittings,Copper Pipe Tee
1303,Distribution And Conditioning Systems And Equipment And Components,Pipe Piping And Pipe Fittings,Brass Pipe Adapter
1304,Distribution And Conditioning Systems And Equipment And Components,Fluid And Gas Distribution,Pinch Valves
1305,Distribution And Conditioning Systems And Equipment And Components,Pipe Piping And Pipe Fittings,Cast Iron Pipe Adapter
1306,Distribution And Conditioning Systems And Equipment And Components,Pipe Piping And Pipe Fittings,Copper Pipe Reducing Coupling
1307,Distribution And Conditioning Systems And Equipment And Components,Pipe Piping And Pipe Fittings,Brass Pipe Coupling
1308,Distribution And Conditioning Systems And Equipment And Components,Pipe Piping And Pipe Fittings,Cast Iron Pipe Elbow
1309,Sports And Recreational Equipment And Supplies And Accessories,Camping And Outdoor Equipment And Accessories,Pneumatic Mattresses
1310,Distribution And Conditioning Systems And Equipment And Components,Pipe Piping And Pipe Fittings,Copper Pipe Blind Flange
1311,Electrical Systems And Lighting And Components And Accessories And Supplies,Lighting Fixtures And Accessories,Halogen Lighting Fixtures
1312,Cleaning Equipment And Supplies,Cleaning And Janitorial Supplies,Deodorizers
1313,Commercial And Military And Private Vehicles And Their Accessories And Components,Transportation Components And Systems,Automobile Tire Tubes
1314,Office Equipment And Accessories And Supplies,Office And Desk Accessories,Stencils Or Lettering Aids
1315,Fuels And Fuel Additives And Lubricants And Anti Corrosive Materials,Lubricants And Oils And Greases And Anti Corrosives,Moisture Repellent
1316,Laboratory And Measuring And Observing And Testing Equipment,Measuring And Observing And Testing Instruments,Glucose Monitors Or Meters
1317,Distribution And Conditioning Systems And Equipment And Components,Pipe Piping And Pipe Fittings,Pipe Inserts
1318,Information Technology Broadcasting And Telecommunications,Computer Equipment And Accessories,Computer Mouse Or Trackballs
1319,Information Technology Broadcasting And Telecommunications,Computer Equipment And Accessories,Keyboards
1320,Defense And Law Enforcement And Security And Safety Equipment And Supplies,Personal Safety And Protection,Protective Insole
1321,Food Beverage And Tobacco Products,Dried Vegetables,Dried Long White Potatoes
1322,Medical Equipment And Accessories And Supplies,Surgical Products,Surgeons Hand Scrub Brushes Or Solutions Or Accessories
1323,Medical Equipment And Accessories And Supplies,Surgical Products,Surgical Light Handles Or Covers
1324,Mineral And Textile And Inedible Plant And Animal Materials,Scrap And Waste Materials,Food Waste Or Scrap
1325,Material Handling And Conditioning And Storage Machinery And Their Accessories And Supplies,Containers And Storage,Non Metallic Bins
1326,Medical Equipment And Accessories And Supplies,Medical Apparel And Textiles,Patient Bibs
1327,Drugs And Pharmaceutical Products,Cardiovascular Drugs,Amyl Nitrate
1328,Laboratory And Measuring And Observing And Testing Equipment,Measuring And Observing And Testing Instruments,Humidifier Temperature Controllers
1329,Medical Equipment And Accessories And Supplies,Medical Diagnostic Imaging And Nuclear Medicine Products,Medical Radiological Shielding Freestanding Or Portable Screens
1330,Medical Equipment And Accessories And Supplies,Dental Equipment And Supplies,Dental Resins Processing Units Or Accessories
1331,Electrical Systems And Lighting And Components And Accessories And Supplies,Electrical Wire Management Devices And Accessories And Supplies,Duct Sealing System
1332,Printing And Photographic And Audio And Visual Equipment And Supplies,Photographic Or Filming Or Video Equipment,Infrared Camera
1333,Information Technology Broadcasting And Telecommunications,Software,Application Server Software
1334,Medical Equipment And Accessories And Supplies,Dental Equipment And Supplies,Attachments Or Replacement Parts For Dental Instruments
1335,Industrial Manufacturing And Processing Machinery And Accessories,Metal Treatment Machinery,Electrochemical Metal Cleaner
1336,Power Generation And Distribution Machinery And Accessories,Power Sources,General Purpose Motor Ac
1337,Chemicals Including Bio Chemicals And Gas Materials,Waxes And Oils,Petrolatums
1338,Electronic Components And Supplies,Passive Discrete Components,Inverters
1339,Material Handling And Conditioning And Storage Machinery And Their Accessories And Supplies,Packing Supplies,Collapsible Tubes
1340,Distribution And Conditioning Systems And Equipment And Components,Industrial Pumps And Compressors,Pump Repair Kits
1341,Material Handling And Conditioning And Storage Machinery And Their Accessories And Supplies,Material Handling Machinery And Equipment,Dollies
1342,Defense And Law Enforcement And Security And Safety Equipment And Supplies,Personal Safety And Protection,Helmet Parts Or Accessories
1343,Paper Materials And Products,Paper Products,Paper Napkins Or Serviettes
1344,Office Equipment And Accessories And Supplies,Office Machines And Their Supplies And Accessories,Storage Accessories For Office Machines
1345,Electrical Systems And Lighting And Components And Accessories And Supplies,Electrical Equipment And Components And Supplies,Surge Protector Panel
1346,Laboratory And Measuring And Observing And Testing Equipment,Measuring And Observing And Testing Instruments,Signal Generators
1347,Musical Instruments And Games And Toys And Arts And Crafts And Educational Equipment And Materials And Accessories And Supplies,Musical Instruments And Parts And Accessories,Recorder
1348,Farming And Fishing And Forestry And Wildlife Machinery And Accessories,Agricultural And Forestry And Landscape Machinery And Equipment,Dusters
1349,Information Technology Broadcasting And Telecommunications,Components For Information Technology Or Broadcasting Or Telecommunications,Pen Or Flash Drive
1350,Industrial Cleaning Services,Refuse Disposal And Treatment,Recycling Of Computer Based Products
1351,Information Technology Broadcasting And Telecommunications,Software,Portal Server Software
1352,Information Technology Broadcasting And Telecommunications,Components For Information Technology Or Broadcasting Or Telecommunications,Hard Disk Drives
1353,Power Generation And Distribution Machinery And Accessories,Electrical Wire And Cable And Harness,Power Cord
1354,Information Technology Broadcasting And Telecommunications,Computer Equipment And Accessories,Liquid Crystal Display Lcd Panels Or Monitors
1355,Medical Equipment And Accessories And Supplies,Medical Sterilization Products,Steam Autoclave Or Sterilizer Accessories
1356,Medical Equipment And Accessories And Supplies,Medical Training And Education Supplies,Kits For Medical Education Or Training
1357,Medical Equipment And Accessories And Supplies,Physical And Occupational Therapy And Rehabilitation Products,Boot Exercisers For Rehabilitation Or Therapy
1358,Material Handling And Conditioning And Storage Machinery And Their Accessories And Supplies,Containers And Storage,Dry Freight Container
1359,Cleaning Equipment And Supplies,Cleaning And Janitorial Supplies,Household Disinfectants
1360,Distribution And Conditioning Systems And Equipment And Components,Pipe Piping And Pipe Fittings,Brass Pipe Threaded Flange
1361,Information Technology Broadcasting And Telecommunications,Software,Medical Software
1362,Electrical Systems And Lighting And Components And Accessories And Supplies,Lighting Fixtures And Accessories,Desk Fixtures
1363,Medical Equipment And Accessories And Supplies,Patient Care And Treatment Products And Supplies,Patient Positioning Cushions Or Pads Or Pillows
1364,Medical Equipment And Accessories And Supplies,Patient Exam And Monitoring Products,Mercury Medical Thermometers
1365,Medical Equipment And Accessories And Supplies,Patient Exam And Monitoring Products,Blood Pressure Measuring Instrument Accessories
1366,Printing And Photographic And Audio And Visual Equipment And Supplies,Photographic Or Filming Or Video Equipment,Camera Lens
1367,Defense And Law Enforcement And Security And Safety Equipment And Supplies,Personal Safety And Protection,Wrist Braces
1368,Industrial Manufacturing And Processing Machinery And Accessories,Industrial Food And Beverage Equipment,Beverage Sterilizer
1369,Electrical Systems And Lighting And Components And Accessories And Supplies,Electrical Equipment And Components And Supplies,Distribution Power Transformers
1370,Electrical Systems And Lighting And Components And Accessories And Supplies,Electrical Equipment And Components And Supplies,General Purpose Relay
1371,Power Generation And Distribution Machinery And Accessories,Batteries And Generators And Kinetic Power Transmission,Rechargeable Batteries
1372,Apparel And Luggage And Personal Care Products,Personal Care Products,Denture Cleaning Tablets
1373,Medical Equipment And Accessories And Supplies,Patient Care And Treatment Products And Supplies,Arterial Needles
1374,Manufacturing Components And Supplies,Industrial Optics,Metallic Mirrors
1375,Power Generation And Distribution Machinery And Accessories,Electrical Wire And Cable And Harness,Cable Accessories
1376,Industrial Production And Manufacturing Services,Plastic And Chemical Industries,Rubber Tires Or Tubes Production Services
1377,Laboratory And Measuring And Observing And Testing Equipment,Laboratory And Scientific Equipment,Laboratory Washing Detergents
1378,Politics And Civic Affairs Services,Public Administration And Finance Services,Administrative Procedures Or Services
1379,Structures And Building And Construction And Manufacturing Components And Supplies,Doors And Windows And Glass,Wired Glass
1380,Manufacturing Components And Supplies,Paints And Primers And Finishes,Powder Coat
1381,Mining And Well Drilling Machinery And Accessories,Oil And Gas Drilling And Exploration Equipment,Gun Adapters
1382,Medical Equipment And Accessories And Supplies,Wound Care Products,Ostomy Collection Supplies
1383,Laboratory And Measuring And Observing And Testing Equipment,Measuring And Observing And Testing Instruments,Standard Aggregate
1384,Food Beverage And Tobacco Products,Dried Vegetables,Dried Specialty Potatoes
1385,Furniture And Furnishings,Accommodation Furniture,Beds
1386,Manufacturing Components And Supplies,Hardware,Channel Nuts
1387,Musical Instruments And Games And Toys And Arts And Crafts And Educational Equipment And Materials And Accessories And Supplies,Musical Instruments And Parts And Accessories,Mouthpieces
1388,Power Generation And Distribution Machinery And Accessories,Power Sources,Compressor Motor Ac
1389,Published Products,Printed Media,Operation Or Instruction Manuals
1390,Electrical Systems And Lighting And Components And Accessories And Supplies,Electrical Equipment And Components And Supplies,Fuel Cell Power Supply
1391,Domestic Appliances And Supplies And Consumer Electronic Products,Domestic Kitchenware And Kitchen Supplies,Domestic Food Storage Containers
1392,Land And Buildings And Structures And Thoroughfares,Prefabricated Buildings And Structures,Greenhouse
1393,Management And Business Professionals And Administrative Services,Human Resources Services,Temporary Information Technology Software Developers
1394,Medical Equipment And Accessories And Supplies,Dental Equipment And Supplies,Dental Forceps
1395,Power Generation And Distribution Machinery And Accessories,Power Sources,Motor Stator
1396,Cleaning Equipment And Supplies,Cleaning And Janitorial Supplies,Dishwashing Products
1397,Laboratory And Measuring And Observing And Testing Equipment,Measuring And Observing And Testing Instruments,Chemistry Test Kits Or Supplies
1398,Defense And Law Enforcement And Security And Safety Equipment And Supplies,Launchers,Rocket Launchers
1399,Drugs And Pharmaceutical Products,Anti Infective Drugs,Paromomycin Sulfate
1400,Manufacturing Components And Supplies,Hardware,Swivel Nuts
1401,Office Equipment And Accessories And Supplies,Office Machines And Their Supplies And Accessories,Printer Or Facsimile Or Photocopier Drums
1402,Material Handling And Conditioning And Storage Machinery And Their Accessories And Supplies,Material Handling Machinery And Equipment,Hand Trucks Or Accessories
1403,Industrial Manufacturing And Processing Machinery And Accessories,Industrial Process Machinery And Equipment And Supplies,Filter And Mixer Tank Unit
1404,Electrical Systems And Lighting And Components And Accessories And Supplies,Electrical Equipment And Components And Supplies,Circuit Breaker Switchboard
1405,Medical Equipment And Accessories And Supplies,Patient Care And Treatment Products And Supplies,Blood Collection Needles
1406,Structures And Building And Construction And Manufacturing Components And Supplies,Plumbing Fixtures,Faucet Aerator
1407,Defense And Law Enforcement And Security And Safety Equipment And Supplies,Light Weapons And Ammunition,Cartridge Belt
1408,Mining And Well Drilling Machinery And Accessories,Oil And Gas Drilling And Exploration Equipment,Surface Data Logging Sensors
1409,Manufacturing Components And Supplies,Hardware,Washer Kits
1410,Building And Facility Construction And Maintenance Services,Specialized Trade Construction And Maintenance Services,Closet Organizer Installation And Repair Service
1411,Medical Equipment And Accessories And Supplies,Medical Facility Products,Medical Or Surgical Bedside Rails
1412,Structures And Building And Construction And Manufacturing Components And Supplies,Plumbing Fixtures,Drain
1413,Distribution And Conditioning Systems And Equipment And Components,Fluid And Gas Distribution,Special Hoses
1414,Medical Equipment And Accessories And Supplies,Medical Sterilization Products,Sterilization Pouches
1415,Distribution And Conditioning Systems And Equipment And Components,Fluid And Gas Distribution,Control Valves
1416,Medical Equipment And Accessories And Supplies,Medical Training And Education Supplies,Training Videos For Medical Staff Education
1417,Live Plant And Animal Material And Accessories And Supplies,Seeds And Bulbs And Seedlings And Cuttings,Bean Seeds Or Seedlings
1418,Medical Equipment And Accessories And Supplies,Physical And Occupational Therapy And Rehabilitation Products,Pulleys Or Accessories For Rehabilitation Or Therapy
1419,Medical Equipment And Accessories And Supplies,Patient Care And Treatment Products And Supplies,Needle Guides
1420,Electrical Systems And Lighting And Components And Accessories And Supplies,Lamps And Lightbulbs And Lamp Components,Halogen Lamps
1421,Medical Equipment And Accessories And Supplies,Orthopedic And Prosthetic And Sports Medicine Products,Orthopedic Casting Material For Splints
1422,Industrial Manufacturing And Processing Machinery And Accessories,Mass Transfer Equipment,Liquid Dispersed Contactor
1423,Sports And Recreational Equipment And Supplies And Accessories,Fitness Equipment,Exercise Balls
1424,Musical Instruments And Games And Toys And Arts And Crafts And Educational Equipment And Materials And Accessories And Supplies,Toys And Games,Puzzles
1425,Live Plant And Animal Material And Accessories And Supplies,Seeds And Bulbs And Seedlings And Cuttings,Sunflower Seeds
1426,Medical Equipment And Accessories And Supplies,Wound Care Products,Medical Or Surgical Tapes For Skin Attachment
1427,Structures And Building And Construction And Manufacturing Components And Supplies,Insulation,Heat Shields
1428,Mining And Well Drilling Machinery And Accessories,Oil And Gas Drilling And Exploration Equipment,Sand Control Manifold Units
1429,Material Handling And Conditioning And Storage Machinery And Their Accessories And Supplies,Material Handling Machinery And Equipment,Conveyor Roller
1430,Electrical Systems And Lighting And Components And Accessories And Supplies,Electrical Equipment And Components And Supplies,Keylock Switch
1431,Commercial And Military And Private Vehicles And Their Accessories And Components,Transportation Components And Systems,Central Locking System
1432,Electrical Systems And Lighting And Components And Accessories And Supplies,Electrical Equipment And Components And Supplies,Auxiliary Relay
1433,Manufacturing Components And Supplies,Adhesives And Sealants,Sealing Compound
1434,Chemicals Including Bio Chemicals And Gas Materials,Additives,Anti Foaming Agents
1435,Laboratory And Measuring And Observing And Testing Equipment,Measuring And Observing And Testing Instruments,Humidity Sensor
1436,Laboratory And Measuring And Observing And Testing Equipment,Measuring And Observing And Testing Instruments,Thermocouples
1437,Tools And General Machinery,Hydraulic Machinery And Equipment,Hydraulic Cylinders
1438,Medical Equipment And Accessories And Supplies,Physical And Occupational Therapy And Rehabilitation Products,Therapeutic Ceramic Clay Or Accessories
1439,Distribution And Conditioning Systems And Equipment And Components,Industrial Pumps And Compressors,Circulating Pumps
1440,Medical Equipment And Accessories And Supplies,Dental Equipment And Supplies,Dental Burnishers
1441,Laboratory And Measuring And Observing And Testing Equipment,Laboratory Supplies And Fixtures,Laboratory Forceps
1442,Medical Equipment And Accessories And Supplies,Surgical Products,Tray Inserts For Surgical Apparatus
1443,Industrial Manufacturing And Processing Machinery And Accessories,Industrial Food And Beverage Equipment,Ice Making Machine Parts And Accessories
1444,Manufacturing Components And Supplies,Hardware,Door Stops
1445,Food Beverage And Tobacco Products,Frozen Fruit,Frozen Pitmaston Pineapple Apples
1446,Laboratory And Measuring And Observing And Testing Equipment,Measuring And Observing And Testing Instruments,Thermostats
1447,Power Generation And Distribution Machinery And Accessories,Power Sources,Automotive Motor Ac
1448,Industrial Manufacturing And Processing Machinery And Accessories,Industrial Process Machinery And Equipment And Supplies,Bottle Cappers Or Cotton Inserters Or Safety Seal Applicators
1449,Distribution And Conditioning Systems And Equipment And Components,Industrial Pumps And Compressors,Hydraulic Pumps
1450,Editorial And Design And Graphic And Fine Art Services,Reproduction Services,Publication Printing
1451,Laboratory And Measuring And Observing And Testing Equipment,Laboratory And Scientific Equipment,Water Samplers
1452,Electrical Systems And Lighting And Components And Accessories And Supplies,Electrical Equipment And Components And Supplies,Electrical Lead Set
1453,Tools And General Machinery,Hand Tools,Hex Keys
1454,Tools And General Machinery,Hand Tools,Screwdrivers
1455,Medical Equipment And Accessories And Supplies,Patient Exam And Monitoring Products,Ear Specula Sets
1456,Medical Equipment And Accessories And Supplies,Independent Living Aids For The Physically Challenged,Dressing Sticks For The Physically Challenged
1457,Material Handling And Conditioning And Storage Machinery And Their Accessories And Supplies,Industrial Refrigeration,Liquid Nitrogen Refrigerators
1458,Medical Equipment And Accessories And Supplies,Patient Care And Treatment Products And Supplies,Needle Caps Or Protection Devices Or Accessories
1459,Office Equipment And Accessories And Supplies,Office And Desk Accessories,Bulletin Boards Or Accessories
1460,Defense And Law Enforcement And Security And Safety Equipment And Supplies,Public Safety And Control,Safety Air Mat
1461,Paper Materials And Products,Industrial Use Papers,Acid Free Tissue Papers
1462,Power Generation And Distribution Machinery And Accessories,Electrical Wire And Cable And Harness,Extension Cord
1463,Apparel And Luggage And Personal Care Products,Personal Care Products,Hand Or Body Lotion Or Oil
1464,Live Plant And Animal Material And Accessories And Supplies,Fresh Cut Rose,Fresh Cut Caribbean Rose
1465,Information Technology Broadcasting And Telecommunications,Computer Equipment And Accessories,Notebook Computer Carrying Case
1466,Manufacturing Components And Supplies,Hardware,Angle Brackets
1467,Resin And Rosin And Rubber And Foam And Film And Elastomeric Materials,Resins And Rosins And Other Resin Derived Materials,Ethylene Vinyl Alcohol
1468,Medical Equipment And Accessories And Supplies,Wound Care Products,Wound Care Or Cleansing Trays
1469,Medical Equipment And Accessories And Supplies,Intravenous And Arterial Administration Products,Intravenous Or Arterial Catheter Skin Care Kits
1470,Medical Equipment And Accessories And Supplies,Patient Care And Treatment Products And Supplies,Diagnostic Procedure Needles
1471,Building And Construction Machinery And Accessories,Heavy Construction Machinery And Equipment,Rollers
1472,Defense And Law Enforcement And Security And Safety Equipment And Supplies,Personal Safety And Protection,Anti Static Floor Mats
1473,Defense And Law Enforcement And Security And Safety Equipment And Supplies,Personal Safety And Protection,Cervical Pillow
1474,Laboratory And Measuring And Observing And Testing Equipment,Laboratory Supplies And Fixtures,Syringe Adapters Or Accessories
1475,Medical Equipment And Accessories And Supplies,Independent Living Aids For The Physically Challenged,Hygiene Or Stimulation Toileting Aids For The Physically Challenged
1476,Distribution And Conditioning Systems And Equipment And Components,Fluid And Gas Distribution,Nozzle Tips Or Caps
1477,Apparel And Luggage And Personal Care Products,Luggage And Handbags And Packs And Cases,Travel Carts
1478,Office Equipment And Accessories And Supplies,Office Supplies,Classification Folder
1479,Medical Equipment And Accessories And Supplies,Wound Care Products,Bandages Or Dressings For Burn Care
1480,Power Generation And Distribution Machinery And Accessories,Batteries And Generators And Kinetic Power Transmission,Nickel Cadmium Batteries
1481,Electrical Systems And Lighting And Components And Accessories And Supplies,Lighting Fixtures And Accessories,Incandescent Fixture
1482,Commercial And Military And Private Vehicles And Their Accessories And Components,Transportation Components And Systems,Fuel Tanks
1483,Food Beverage And Tobacco Products,Frozen Vegetables,Frozen Green Globe Turnips
1484,Mineral And Textile And Inedible Plant And Animal Materials,Earth And Stone,Granite
1485,Electrical Systems And Lighting And Components And Accessories And Supplies,Lighting Fixtures And Accessories,Lamp Ballasts
1486,Service Industry Machinery And Equipment And Supplies,Institutional Food Services Equipment,Ice Cream Display Cases
1487,Food Beverage And Tobacco Products,Frozen Fruit,Frozen Akane Apples
1488,Industrial Production And Manufacturing Services,Food And Beverage Industries,Vegetable Oils Or Fats Processing Services
1489,Electrical Systems And Lighting And Components And Accessories And Supplies,Electrical Equipment And Components And Supplies,Electronic Transformers
1490,Industrial Manufacturing And Processing Machinery And Accessories,Metal Cutting Machinery And Accessories,Lathe Turret
1491,Food Beverage And Tobacco Products,Dried Vegetables,Dried Siberia Tomato Tomatoes
1492,Industrial Production And Manufacturing Services,Plastic And Chemical Industries,Soap Or Cleaning Preparations Or Perfumes Or Cosmetics Production Services
1493,Mining And Well Drilling Machinery And Accessories,Oil And Gas Drilling And Exploration Equipment,Tubing Guides
1494,Building And Facility Construction And Maintenance Services,Building And Facility Maintenance And Repair Services,Air Conditioning Installation Or Maintenance Or Repair Service
1495,Sports And Recreational Equipment And Supplies And Accessories,Field And Court Sports Equipment,Soccer Balls
1496,Distribution And Conditioning Systems And Equipment And Components,Heating And Ventilation And Air Circulation,Domestic Water Heaters
1497,Food Beverage And Tobacco Products,Frozen Vegetables,Frozen Albion Onions
1498,Food Beverage And Tobacco Products,Frozen Vegetables,Frozen Aloha Corn
1499,Sports And Recreational Equipment And Supplies And Accessories,Field And Court Sports Equipment,Baseball Gloves
1500,Sports And Recreational Equipment And Supplies And Accessories,Field And Court Sports Equipment,Basketball Complete Game Systems
1501,Sports And Recreational Equipment And Supplies And Accessories,Field And Court Sports Equipment,Baseball Bases
1502,Sports And Recreational Equipment And Supplies And Accessories,Field And Court Sports Equipment,Baseball Or Softball Protective Gear
1503,Laboratory And Measuring And Observing And Testing Equipment,Measuring And Observing And Testing Instruments,Calibration Weights Or Weight Sets
1504,Industrial Cleaning Services,Refuse Disposal And Treatment,Medical Waste Disposal
1505,Medical Equipment And Accessories And Supplies,Patient Exam And Monitoring Products,Ophthalmic Tonometers Or Accessories
1506,Tools And General Machinery,Hand Tools,Wedges
1507,Office Equipment And Accessories And Supplies,Office Machines And Their Supplies And Accessories,Hole Punching Units
1508,Furniture And Furnishings,Commercial And Industrial Furniture,Industrial Cabinets Or Drawers Or Shelving
1509,Laboratory And Measuring And Observing And Testing Equipment,Laboratory And Scientific Equipment,Laboratory Ultraviolet Uv Sterilizers
1510,Laboratory And Measuring And Observing And Testing Equipment,Laboratory Supplies And Fixtures,Laboratory Scissors
1511,Medical Equipment And Accessories And Supplies,Wound Care Products,Germicidal Dressings
1512,Live Plant And Animal Material And Accessories And Supplies,Seeds And Bulbs And Seedlings And Cuttings,Lily Bulbs
1513,Service Industry Machinery And Equipment And Supplies,Institutional Food Services Equipment,Syrup Pumps
1514,Published Products,Printed Media,Code Book
1515,Commercial And Military And Private Vehicles And Their Accessories And Components,Transportation Components And Systems,Breather Elements
1516,Engineering And Research And Technology Based Services,Earth Science Services,Hydrological Surveys
1517,Laboratory And Measuring And Observing And Testing Equipment,Measuring And Observing And Testing Instruments,Point Plotting Recorders
1518,Industrial Cleaning Services,Cleaning And Janitorial Services,Building Cleaning Services
1519,Power Generation And Distribution Machinery And Accessories,Batteries And Generators And Kinetic Power Transmission,Shaft Supports Or Assemblies
1520,Sports And Recreational Equipment And Supplies And Accessories,Field And Court Sports Equipment,Batons
1521,Engineering And Research And Technology Based Services,Computer Services,World Wide Web Www Site Design Services
1522,Office Equipment And Accessories And Supplies,Office Supplies,Eraser Refills
1523,Domestic Appliances And Supplies And Consumer Electronic Products,Domestic Kitchenware And Kitchen Supplies,Potato Mashers
1524,Food Beverage And Tobacco Products,Meat And Poultry Products,"Specialty Poultry, Processed With Additions"
1525,Transportation And Storage And Mail Services,Mail And Cargo Transport,Mailing Or Mail Pick Up Or Delivery Services
1526,Food Beverage And Tobacco Products,Dairy Products And Eggs,Shelf Stable Milk Or Butter Products
1527,Material Handling And Conditioning And Storage Machinery And Their Accessories And Supplies,Material Handling Machinery And Equipment,Conveyor Carrying Idler Bracket
1528,Engineering And Research And Technology Based Services,Computer Services,Third Party Warranty Service
1529,Industrial Manufacturing And Processing Machinery And Accessories,Industrial Process Machinery And Equipment And Supplies,Paint Robots
1530,Manufacturing Components And Supplies,Bearings And Bushings And Wheels And Gears,Ball Bearings
1531,Service Industry Machinery And Equipment And Supplies,Institutional Food Services Equipment,Commercial Use Waffle Irons
1532,Food Beverage And Tobacco Products,Fresh Vegetables,Specialty Potatoes
1533,Paper Materials And Products,Paper Products,Index Cards
1534,Food Beverage And Tobacco Products,Seafood,Fresh Fish
1535,Service Industry Machinery And Equipment And Supplies,Institutional Food Services Equipment,Carbonated Beverage Dispenser
1536,Medical Equipment And Accessories And Supplies,Patient Care And Treatment Products And Supplies,Needle For Intravenous Or Arterial Administration Ports
1537,Domestic Appliances And Supplies And Consumer Electronic Products,Domestic Kitchenware And Kitchen Supplies,Domestic Disposable Food Containers
1538,Medical Equipment And Accessories And Supplies,Patient Care And Treatment Products And Supplies,Covers For Heat Or Cold Therapy Products
1539,Medical Equipment And Accessories And Supplies,Patient Care And Treatment Products And Supplies,Mattress Overlays
1540,Medical Equipment And Accessories And Supplies,Intravenous And Arterial Administration Products,Intravenous Or Arterial Administration Ports Or Injection Sites Or Caps Or Protectors
1541,Medical Equipment And Accessories And Supplies,Medical Facility Products,Clinical Pneumatic Tube System
1542,Defense And Law Enforcement And Security And Safety Equipment And Supplies,Personal Safety And Protection,Elbow Supports
1543,Medical Equipment And Accessories And Supplies,Patient Exam And Monitoring Products,Blood Pressure Cuff Kits
1544,Office Equipment And Accessories And Supplies,Office Supplies,Mailing Boxes
1545,Office Equipment And Accessories And Supplies,Office Supplies,Ink Refills
1546,Industrial Manufacturing And Processing Machinery And Accessories,Metal Cutting Machinery And Accessories,Insert Carbide
1547,Structures And Building And Construction And Manufacturing Components And Supplies,Construction And Maintenance Support Equipment,Scaffolding Trestle
1548,Tools And General Machinery,Hand Tools,Bench Vises
1549,Manufacturing Components And Supplies,Hardware,Locking Washers
1550,Musical Instruments And Games And Toys And Arts And Crafts And Educational Equipment And Materials And Accessories And Supplies,Arts And Crafts Equipment And Accessories And Supplies,Paper Plates Or Trays
1551,Furniture And Furnishings,Commercial And Industrial Furniture,Stool Seating
1552,Defense And Law Enforcement And Security And Safety Equipment And Supplies,Fire Protection,Fire Hose Cart
1553,Food Beverage And Tobacco Products,Fresh Vegetables,Armenian Cucumbers
1554,Commercial And Military And Private Vehicles And Their Accessories And Components,Motor Vehicles,Dump Trucks
1555,Food Beverage And Tobacco Products,Seasonings And Preservatives,Seasoning Mix
1556,Cleaning Equipment And Supplies,Water And Wastewater Treatment Supply And Disposal,Corrosion Control Chemicals
1557,Power Generation And Distribution Machinery And Accessories,Batteries And Generators And Kinetic Power Transmission,Mercury Oxide Battery
1558,Manufacturing Components And Supplies,Bearings And Bushings And Wheels And Gears,Drill Bushings
1559,Manufacturing Components And Supplies,Hardware,Stud Bolts
1560,Material Handling And Conditioning And Storage Machinery And Their Accessories And Supplies,Industrial Refrigeration,Under Counter Cabinet Freezer
1561,Chemicals Including Bio Chemicals And Gas Materials,Additives,Concrete Additive
1562,Medical Equipment And Accessories And Supplies,Surgical Products,Surgical Sharps Or Sponge Counters
1563,Medical Equipment And Accessories And Supplies,Independent Living Aids For The Physically Challenged,Soap Protector For Eyes And Ears For The Physically Challenged
1564,Cleaning Equipment And Supplies,Cleaning And Janitorial Supplies,Dust Brushes Or Pans
1565,Mining And Well Drilling Machinery And Accessories,Oil And Gas Drilling And Operation Materials,Fluid Spacers
1566,Industrial Production And Manufacturing Services,Food And Beverage Industries,Cereal Products Processing Services
1567,Defense And Law Enforcement And Security And Safety Equipment And Supplies,Personal Safety And Protection,Welder Gloves
1568,Musical Instruments And Games And Toys And Arts And Crafts And Educational Equipment And Materials And Accessories And Supplies,Arts And Crafts Equipment And Accessories And Supplies,Gloss Paper
1569,Distribution And Conditioning Systems And Equipment And Components,Heating And Ventilation And Air Circulation,Hot Water Distribution Header
1570,Mineral And Textile And Inedible Plant And Animal Materials,Non Edible Plant And Forestry Products,Particleboard
1571,Cleaning Equipment And Supplies,Cleaning And Janitorial Supplies,Metal Cleaners Or Polishes
1572,Structures And Building And Construction And Manufacturing Components And Supplies,Exterior Finishing Materials,Siding
1573,Office Equipment And Accessories And Supplies,Office Machines And Their Supplies And Accessories,Cleaning Solutions For Office Equipment
1574,Information Technology Broadcasting And Telecommunications,Computer Equipment And Accessories,Keyboard Wrist Rest
1575,Laboratory And Measuring And Observing And Testing Equipment,Laboratory Supplies And Fixtures,Laboratory Scalpels
1576,Medical Equipment And Accessories And Supplies,Patient Care And Treatment Products And Supplies,Therapeutic Hot Or Cold Therapy Mitts
1577,Organizations And Clubs,Civic Organizations And Associations And Movements,Food Relief Services
1578,Drugs And Pharmaceutical Products,Agents Affecting Water And Electrolytes,Sodium Chloride Electrolytes
1579,Medical Equipment And Accessories And Supplies,Intravenous And Arterial Administration Products,Infusion Pump Kits Or Accessories
1580,Editorial And Design And Graphic And Fine Art Services,Writing And Translations,Special Interest Newsletter Services
1581,Material Handling And Conditioning And Storage Machinery And Their Accessories And Supplies,Material Handling Machinery And Equipment,Lifts
1582,Power Generation And Distribution Machinery And Accessories,Batteries And Generators And Kinetic Power Transmission,Electronic Batteries
1583,Medical Equipment And Accessories And Supplies,Medical Apparel And Textiles,Medical Staff Blouses Or Smocks
1584,Power Generation And Distribution Machinery And Accessories,Batteries And Generators And Kinetic Power Transmission,Lead Acid Batteries
1585,Medical Equipment And Accessories And Supplies,Respiratory And Anesthesia And Resuscitation Products,Ventilator Heat Or Moisture Exchangers Or Filters
1586,Defense And Law Enforcement And Security And Safety Equipment And Supplies,Personal Safety And Protection,Fall Protection Lanyard
1587,Distribution And Conditioning Systems And Equipment And Components,Fluid And Gas Distribution,Butterfly Lug Pattern Valves
1588,Medical Equipment And Accessories And Supplies,Wound Care Products,Ostomy Wafers
1589,Industrial Manufacturing And Processing Machinery And Accessories,Industrial Process Machinery And Equipment And Supplies,Miscellaneous Paint Systems
1590,Mining And Well Drilling Machinery And Accessories,Oil And Gas Drilling And Exploration Equipment,Wire Finder
1591,Apparel And Luggage And Personal Care Products,Footwear,Womens Shoes
1592,Domestic Appliances And Supplies And Consumer Electronic Products,Domestic Appliances,Towel Dryer
1593,National Defense And Public Order And Security And Safety Services,Military Services And National Defense,Conventional Weapons Usage
1594,Laboratory And Measuring And Observing And Testing Equipment,Laboratory And Scientific Equipment,General Purpose Refrigerators Or Refrigerator Freezers
1595,Food Beverage And Tobacco Products,Dried Organic Vegetables,Dried Organic Acorn Squash
1596,Chemicals Including Bio Chemicals And Gas Materials,Additives,Water Swelling Or Water Stop Agent
1597,Medical Equipment And Accessories And Supplies,Emergency And Field Medical Services Products,Emergency Medical Services Trauma Kits
1598,Laboratory And Measuring And Observing And Testing Equipment,Measuring And Observing And Testing Instruments,Binoculars
1599,Distribution And Conditioning Systems And Equipment And Components,Fluid And Gas Distribution,Drain Covers
1600,Management And Business Professionals And Administrative Services,Human Resources Services,Service Recognition Programs
1601,Food Beverage And Tobacco Products,Bread And Bakery Products,Frozen Cookie Dough
1602,Medical Equipment And Accessories And Supplies,Dental Equipment And Supplies,Dental Files Or Rasps
1603,Laboratory And Measuring And Observing And Testing Equipment,Measuring And Observing And Testing Instruments,Hearing Aid Tester
1604,Medical Equipment And Accessories And Supplies,Patient Care And Treatment Products And Supplies,Therapeutic Heating Or Cooling Pads Or Compresses Or Packs
1605,Medical Equipment And Accessories And Supplies,Patient Care And Treatment Products And Supplies,Pessary Device
1606,Medical Equipment And Accessories And Supplies,Dental Equipment And Supplies,Dental Amalgamators
1607,Medical Equipment And Accessories And Supplies,Medical Facility Products,Narcotic Cabinets Or Safes
1608,Domestic Appliances And Supplies And Consumer Electronic Products,Consumer Electronics,Digital Voice Recorders
1609,Medical Equipment And Accessories And Supplies,Medical Facility Products,Patient Stretchers Or Stretcher Accessories
1610,Musical Instruments And Games And Toys And Arts And Crafts And Educational Equipment And Materials And Accessories And Supplies,Developmental And Professional Teaching Aids And Materials And Accessories And Supplies,Cardio Pulmonary Resusitation Or Basic Life Support Instructional Materials
1611,Paper Materials And Products,Paper Products,Facial Tissues
1612,Apparel And Luggage And Personal Care Products,Clothing,Stockings
1613,Tools And General Machinery,Hand Tools,Wrench Set
1614,Engineering And Research And Technology Based Services,Professional Engineering Services,Electrical Engineering Services
1615,Industrial Manufacturing And Processing Machinery And Accessories,Welding And Soldering And Brazing Machinery And Accessories And Supplies,Welding Rod
1616,Material Handling And Conditioning And Storage Machinery And Their Accessories And Supplies,Material Handling Machinery And Equipment,Trolleys Or Accessories
1617,Material Handling And Conditioning And Storage Machinery And Their Accessories And Supplies,Material Handling Machinery And Equipment,Chain Conveyors
1618,Laboratory And Measuring And Observing And Testing Equipment,Measuring And Observing And Testing Instruments,Earthquake Simulators
1619,Power Generation And Distribution Machinery And Accessories,Power Sources,Motor Brush
1620,Information Technology Broadcasting And Telecommunications,Software,Computer Aided Design Cad Software
1621,Printing And Photographic And Audio And Visual Equipment And Supplies,Audio And Visual Presentation And Composing Equipment,Audio Monitor
1622,Cleaning Equipment And Supplies,Cleaning And Janitorial Supplies,Broom Heads
1623,Structures And Building And Construction And Manufacturing Components And Supplies,Doors And Windows And Glass,Safety Glass
1624,Food Beverage And Tobacco Products,Fresh Fruits,Golden Delicious Apples
1625,Manufacturing Components And Supplies,Rope And Chain And Cable And Wire And Strap,Metal Straps
1626,Manufacturing Components And Supplies,Hardware,Snap Rings
1627,Industrial Manufacturing And Processing Machinery And Accessories,Metal Cutting Machinery And Accessories,Hob Cutter
1628,Tools And General Machinery,Hand Tools,Drill Bit Set
1629,Laboratory And Measuring And Observing And Testing Equipment,Measuring And Observing And Testing Instruments,Thread Pitch Gauge
1630,Industrial Manufacturing And Processing Machinery And Accessories,Industrial Food And Beverage Equipment,Cooling Machine
1631,Mineral And Textile And Inedible Plant And Animal Materials,Fabrics And Leather Materials,Cotton Oxford Cloths
1632,Structures And Building And Construction And Manufacturing Components And Supplies,Interior Finishing Materials,Wallboard
1633,Defense And Law Enforcement And Security And Safety Equipment And Supplies,Law Enforcement,Narcotic Test Kits
1634,Musical Instruments And Games And Toys And Arts And Crafts And Educational Equipment And Materials And Accessories And Supplies,Developmental And Professional Teaching Aids And Materials And Accessories And Supplies,Map Teaching Aids Or Materials
1635,Mining And Well Drilling Machinery And Accessories,Oil And Gas Drilling And Exploration Equipment,Drill Bit Accessories
1636,Commercial And Military And Private Vehicles And Their Accessories And Components,Transportation Services Equipment,Camber Caster Gauge
1637,Industrial Manufacturing And Processing Machinery And Accessories,Welding And Soldering And Brazing Machinery And Accessories And Supplies,Welder Torch
1638,Industrial Manufacturing And Processing Machinery And Accessories,Metal Cutting Machinery And Accessories,Shaper Cutter
1639,Manufacturing Components And Supplies,Adhesives And Sealants,Color Coding Tape
1640,Manufacturing Components And Supplies,Bearings And Bushings And Wheels And Gears,Cartridge Bearing
1641,Commercial And Military And Private Vehicles And Their Accessories And Components,Transportation Components And Systems,Tire Repair Kit
1642,Farming And Fishing And Forestry And Wildlife Machinery And Accessories,Agricultural And Forestry And Landscape Machinery And Equipment,Seed Drills
1643,Cleaning Equipment And Supplies,Water And Wastewater Treatment Supply And Disposal,Buffer Solutions
1644,Manufacturing Components And Supplies,Gaskets,Plastic Molded Gasket
1645,Electrical Systems And Lighting And Components And Accessories And Supplies,Electrical Equipment And Components And Supplies,Tap Changer
1646,Apparel And Luggage And Personal Care Products,Clothing,Mens Coats Or Jackets
1647,Food Beverage And Tobacco Products,Frozen Organic Vegetables,Frozen Organic Bikini Peas
1648,Fuels And Fuel Additives And Lubricants And Anti Corrosive Materials,Lubricants And Oils And Greases And Anti Corrosives,Anti Corrosion Lubricant
1649,Distribution And Conditioning Systems And Equipment And Components,Pipe Piping And Pipe Fittings,Cpvc Plastic Pipe Tee
1650,Environmental Services,Environmental Management,Environmental Institution Building Or Planning
1651,Industrial Manufacturing And Processing Machinery And Accessories,Industrial Process Machinery And Equipment And Supplies,Paint Application System
1652,Office Equipment And Accessories And Supplies,Office And Desk Accessories,Appointment Books Or Refills
1653,Commercial And Military And Private Vehicles And Their Accessories And Components,Non Motorized Cycles,Recumbent Bicycles
1654,Laboratory And Measuring And Observing And Testing Equipment,Laboratory And Scientific Equipment,Tourniquets
1655,Medical Equipment And Accessories And Supplies,Patient Exam And Monitoring Products,Blood Pressure Mobile Stand
1656,Structures And Building And Construction And Manufacturing Components And Supplies,Structural Components And Basic Shapes,Plastic Posts
1657,Medical Equipment And Accessories And Supplies,Patient Exam And Monitoring Products,Tongue Depressors Or Blades Or Sticks
1658,Office Equipment And Accessories And Supplies,Office Machines And Their Supplies And Accessories,Desktop Calculator
1659,Medical Equipment And Accessories And Supplies,Patient Care And Treatment Products And Supplies,Eyeglass Hardware
1660,Defense And Law Enforcement And Security And Safety Equipment And Supplies,Personal Safety And Protection,Safety Helmets
1661,Domestic Appliances And Supplies And Consumer Electronic Products,Floor Coverings,Anti Fatigue Mats
1662,Drugs And Pharmaceutical Products,Central Nervous System Drugs,Lidocaine
1663,Information Technology Broadcasting And Telecommunications,Computer Equipment And Accessories,Computer Display Glare Screens
1664,Domestic Appliances And Supplies And Consumer Electronic Products,Domestic Appliances,Domestic Blenders
1665,Defense And Law Enforcement And Security And Safety Equipment And Supplies,Personal Safety And Protection,Eye Shields
1666,Medical Equipment And Accessories And Supplies,Wound Care Products,Medical Eye Pads Or Patches
1667,Medical Equipment And Accessories And Supplies,Wound Care Products,Wound Drainage Pouches
1668,Laboratory And Measuring And Observing And Testing Equipment,Measuring And Observing And Testing Instruments,Laboratory Freezer Or Refrigerator Thermometers
1669,Medical Equipment And Accessories And Supplies,Physical And Occupational Therapy And Rehabilitation Products,Therapeutic Pegboards Or Activity Boards
1670,Defense And Law Enforcement And Security And Safety Equipment And Supplies,Public Safety And Control,Gate Barrier Systems
1671,Commercial And Military And Private Vehicles And Their Accessories And Components,Transportation Components And Systems,Hydraulic Clutch Parts
1672,Defense And Law Enforcement And Security And Safety Equipment And Supplies,Personal Safety And Protection,Safety Hoods
1673,Defense And Law Enforcement And Security And Safety Equipment And Supplies,Security Surveillance And Detection,Lock Sets
1674,Material Handling And Conditioning And Storage Machinery And Their Accessories And Supplies,Material Handling Machinery And Equipment,Wheelbarrows
1675,Building And Facility Construction And Maintenance Services,Specialized Trade Construction And Maintenance Services,Machinery Component Refurbishing And Repair Service
1676,Defense And Law Enforcement And Security And Safety Equipment And Supplies,Personal Safety And Protection,Protective Shirts
1677,Manufacturing Components And Supplies,Paints And Primers And Finishes,Cold Galvanizing Compound
1678,Food Beverage And Tobacco Products,Cereal And Pulse Products,Vegetable Flour
1679,Food Beverage And Tobacco Products,Frozen Vegetables,Frozen Broccoli Romanesco
1680,Mining And Oil And Gas Services,Well Drilling And Construction Services,Core Preservation Services
1681,Power Generation And Distribution Machinery And Accessories,Batteries And Generators And Kinetic Power Transmission,Vehicle Batteries
1682,Food Beverage And Tobacco Products,Meat And Poultry Products,"Pork, Minimally Processed Without Additions"
1683,Industrial Production And Manufacturing Services,Machining And Processing Services,Metal Inert Gas Mig Welding Services
1684,Food Beverage And Tobacco Products,Fresh Fruits,Bartlett Pears
1685,Industrial Production And Manufacturing Services,Wood And Paper Industries,Paper Or Paper Board Production Services
1686,Food Beverage And Tobacco Products,Canned Or Jarred Fruit,Canned Or Jarred White Lady Peaches
1687,Food Beverage And Tobacco Products,Canned Or Jarred Fruit,Canned Or Jarred Red Delicious Apples
1688,Food Beverage And Tobacco Products,Prepared And Preserved Foods,Fresh Prepared Salads
1689,Sports And Recreational Equipment And Supplies And Accessories,Other Sports,Physical Education Assessment Tools
1690,Food Beverage And Tobacco Products,Fresh Vegetables,Albion Onions
1691,Medical Equipment And Accessories And Supplies,Respiratory And Anesthesia And Resuscitation Products,Tracheostomy Tubes
1692,Medical Equipment And Accessories And Supplies,Medical Facility Products,Medical Monitor Cabinets
1693,Office Equipment And Accessories And Supplies,Office Machines And Their Supplies And Accessories,Fuser Lamps Or Assemblies
1694,Defense And Law Enforcement And Security And Safety Equipment And Supplies,Security Surveillance And Detection,Security Cameras
1695,Medical Equipment And Accessories And Supplies,Medical Sterilization Products,Sterilization Filters
1696,Paper Materials And Products,Paper Products,Art Or Craft Paper
1697,Live Plant And Animal Material And Accessories And Supplies,Seeds And Bulbs And Seedlings And Cuttings,Carrot Seeds Or Seedlings
1698,Medical Equipment And Accessories And Supplies,Medical Training And Education Supplies,Anatomical Human Models For Medical Education Or Training
1699,Electronic Components And Supplies,Printed Circuits And Integrated Circuits And Microassemblies,Isolators
1700,Laboratory And Measuring And Observing And Testing Equipment,Measuring And Observing And Testing Instruments,Surface Thermometers
1701,Musical Instruments And Games And Toys And Arts And Crafts And Educational Equipment And Materials And Accessories And Supplies,Musical Instruments And Parts And Accessories,Instrument Strings Or Picks
1702,Medical Equipment And Accessories And Supplies,Medical Sterilization Products,Sterilization Indicator Strips
1703,Distribution And Conditioning Systems And Equipment And Components,Industrial Pumps And Compressors,Fuel Pumps
1704,Office Equipment And Accessories And Supplies,Office Machines And Their Supplies And Accessories,Print Heads
1705,Environmental Services,Environmental Management,Natural Resources Management Or Conservation Strategy Planning Services
1706,Food Beverage And Tobacco Products,Beverages,Alcohol Free Cocktails Or Drink Mixes
1707,Food Beverage And Tobacco Products,Canned Or Jarred Vegetables,Canned Or Jarred Potato Yams
1708,Food Beverage And Tobacco Products,Canned Or Jarred Fruit,Canned Or Jarred Asian Pears
1709,Food Beverage And Tobacco Products,Canned Or Jarred Fruit,Canned Or Jarred Pitmaston Pineapple Apples
1710,Apparel And Luggage And Personal Care Products,Personal Care Products,Toothpaste
1711,Electrical Systems And Lighting And Components And Accessories And Supplies,Electrical Equipment And Components And Supplies,Pressure Switch
1712,Industrial Manufacturing And Processing Machinery And Accessories,Industrial Food And Beverage Equipment,Ice Cream Machines
1713,Public Utilities And Public Sector Related Services,Utilities,Energy Conservation Programs
1714,Power Generation And Distribution Machinery And Accessories,Power Sources,Universal Motor
1715,Information Technology Broadcasting And Telecommunications,Data Voice Or Multimedia Network Equipment Or Platforms And Accessories,Teleconference Equipment
1716,Published Products,Signage And Accessories,Personnel Identification Band Kits Or Accessories
1717,Food Beverage And Tobacco Products,Meat And Poultry Products,"Mixed Species Meat, Processed With Additions"
1718,Power Generation And Distribution Machinery And Accessories,Batteries And Generators And Kinetic Power Transmission,Zinc Coal Battery
1719,Food Beverage And Tobacco Products,Meat And Poultry Products,"Mixed Species Meat, Minimally Processed With Additions"
1720,Food Beverage And Tobacco Products,Meat And Poultry Products,"Specialty Meat, Processed Without Additions"
1721,Engineering And Research And Technology Based Services,Manufacturing Technologies,Materials Testing
1722,Live Plant And Animal Material And Accessories And Supplies,Seeds And Bulbs And Seedlings And Cuttings,Mustard Seeds Or Seedlings
1723,Live Plant And Animal Material And Accessories And Supplies,Animal Feed,Bird Treats Or Snacks
1724,Structures And Building And Construction And Manufacturing Components And Supplies,Doors And Windows And Glass,Fire Door
1725,Food Beverage And Tobacco Products,Fresh Vegetables,Nantes Carrots
1726,Material Handling And Conditioning And Storage Machinery And Their Accessories And Supplies,Containers And Storage,Fuel Storage Tanks
1727,Medical Equipment And Accessories And Supplies,Medical Apparel And Textiles,Patient Slippers
1728,Industrial Production And Manufacturing Services,Manufacturing Support Services,Packaging Equipment Maintenance And Repair Service
1729,Medical Equipment And Accessories And Supplies,Independent Living Aids For The Physically Challenged,Crutches Or Crutch Accessories
1730,Domestic Appliances And Supplies And Consumer Electronic Products,Domestic Appliances,Parts Of Shavers Or Hair Removers
1731,Office Equipment And Accessories And Supplies,Office And Desk Accessories,Scales
1732,Laboratory And Measuring And Observing And Testing Equipment,Measuring And Observing And Testing Instruments,Infrared Thermometer
1733,Defense And Law Enforcement And Security And Safety Equipment And Supplies,Personal Safety And Protection,Ankle Supports
1734,Mining And Well Drilling Machinery And Accessories,Oil And Gas Drilling And Exploration Equipment,Injection Systems
1735,Education And Training Services,Vocational Training,Medical Vocational Training Services
1736,Furniture And Furnishings,Commercial And Industrial Furniture,Desking Systems Related Parts And Accessories
1737,Apparel And Luggage And Personal Care Products,Luggage And Handbags And Packs And Cases,Computer Bags
1738,Tools And General Machinery,Hand Tools,Tweezers
1739,Medical Equipment And Accessories And Supplies,Medical Apparel And Textiles,Patient Gowns
1740,Office Equipment And Accessories And Supplies,Office Machines And Their Supplies And Accessories,Cleaning Wipes For Office Machines
1741,Land And Buildings And Structures And Thoroughfares,Permanent Buildings And Structures,Shop Building
1742,Medical Equipment And Accessories And Supplies,Medical Facility Products,Wheelchair Ramps
1743,Farming And Fishing And Forestry And Wildlife Contracting Services,Water Resources Development And Oversight,Flood Protection Or Control Services
1744,Power Generation And Distribution Machinery And Accessories,Batteries And Generators And Kinetic Power Transmission,Power Take Offs
1745,Manufacturing Components And Supplies,Paints And Primers And Finishes,Paint Or Varnish Thinners
1746,Live Plant And Animal Material And Accessories And Supplies,Live Animals,Live Mussels
1747,Power Generation And Distribution Machinery And Accessories,Power Sources,Motor Brake
1748,Building And Facility Construction And Maintenance Services,Specialized Trade Construction And Maintenance Services,Crane Rental Service
1749,Mining And Well Drilling Machinery And Accessories,Oil And Gas Drilling And Exploration Equipment,Mud Motors
1750,Food Beverage And Tobacco Products,Frozen Fruit,Frozen Flavor Treat Plucot
1751,Building And Facility Construction And Maintenance Services,Specialized Trade Construction And Maintenance Services,Control Valve Maintenance And Repair Service
1752,Distribution And Conditioning Systems And Equipment And Components,Industrial Pumps And Compressors,Pump Idlers
1753,Mining And Well Drilling Machinery And Accessories,Oil And Gas Operating And Production Equipment,Wellhead Tees Or Crosses
1754,Commercial And Military And Private Vehicles And Their Accessories And Components,Transportation Components And Systems,Automotive Bushings
1755,Food Beverage And Tobacco Products,Fresh Fruits,Crab Apples
1756,Commercial And Military And Private Vehicles And Their Accessories And Components,Motor Vehicles,Ambulances
1757,Domestic Appliances And Supplies And Consumer Electronic Products,Domestic Appliances,Domestic Microwave Ovens
1758,Electrical Systems And Lighting And Components And Accessories And Supplies,Electrical Equipment And Components And Supplies,Coaxial Connectors
1759,Building And Facility Construction And Maintenance Services,Nonresidential Building Construction Services,Automotive Garage Construction Service
1760,Food Beverage And Tobacco Products,Frozen Vegetables,Frozen Express Yellow O-X Onions
1761,Distribution And Conditioning Systems And Equipment And Components,Fluid And Gas Distribution,Plumbing Connectors
1762,Distribution And Conditioning Systems And Equipment And Components,Fluid And Gas Distribution,Plumbing Adapters
1763,Defense And Law Enforcement And Security And Safety Equipment And Supplies,Fire Protection,Fire Alarm Systems
1764,Electronic Components And Supplies,Electronic Hardware And Component Parts And Accessories,Sputtering Targets
1765,Food Beverage And Tobacco Products,Frozen Fruit,Frozen Chandler Strawberries
1766,Food Beverage And Tobacco Products,Fresh Fruits,Agrinion Olives
1767,Distribution And Conditioning Systems And Equipment And Components,Pipe Piping And Pipe Fittings,Industrial Pvc Pipe
1768,Medical Equipment And Accessories And Supplies,Surgical Products,Surgical Pneumatic Or Battery Or Electric Saws Or Drills Or Pin Drivers Or Accessories
1769,Land And Buildings And Structures And Thoroughfares,Permanent Buildings And Structures,Research Or Testing Facility
1770,Live Plant And Animal Material And Accessories And Supplies,Seeds And Bulbs And Seedlings And Cuttings,Tomato Seeds Or Seedlings
1771,Tools And General Machinery,Hand Tools,Power Blowers
1772,Medical Equipment And Accessories And Supplies,Patient Exam And Monitoring Products,Ear Plug Gages Or Accessories
1773,Office Equipment And Accessories And Supplies,Office Supplies,Fountain Pens
1774,Medical Equipment And Accessories And Supplies,Dental Equipment And Supplies,Denture Cups Or Containers
1775,Electronic Components And Supplies,Discrete Semiconductor Devices,Light Emitting Diodes Leds
1776,Medical Equipment And Accessories And Supplies,Medical Apparel And Textiles,Medical Staff Shoe Covers
1777,Manufacturing Components And Supplies,Paints And Primers And Finishes,Paint Mixers
1778,Material Handling And Conditioning And Storage Machinery And Their Accessories And Supplies,Packaging Materials,Aerosol Cans
1779,Office Equipment And Accessories And Supplies,Office Supplies,Report Covers
1780,Structures And Building And Construction And Manufacturing Components And Supplies,Doors And Windows And Glass,Laminated Glass
1781,Published Products,Signage And Accessories,Packaging Labels
1782,Land And Buildings And Structures And Thoroughfares,Prefabricated Buildings And Structures,Container Unit
1783,Industrial Manufacturing And Processing Machinery And Accessories,Lapidary Machinery And Equipment,Grinding Wheels
1784,Industrial Production And Manufacturing Services,Food And Beverage Industries,Fish Or Fish Products Processing Services
1785,Food Beverage And Tobacco Products,Prepared And Preserved Foods,Dessert Toppings
1786,Industrial Manufacturing And Processing Machinery And Accessories,Industrial Food And Beverage Equipment,Ice Making Machines
1787,Apparel And Luggage And Personal Care Products,Clothing,Prisoner Uniform
1788,Mining And Well Drilling Machinery And Accessories,Mining And Quarrying Machinery And Equipment,Exploration Or Development System Spare Parts Or Accessories
1789,Distribution And Conditioning Systems And Equipment And Components,Tubes Tubing And Tube Fittings,Pvc Plastic Tubing
1790,Musical Instruments And Games And Toys And Arts And Crafts And Educational Equipment And Materials And Accessories And Supplies,Toys And Games,Flying Discs
1791,Service Industry Machinery And Equipment And Supplies,Institutional Food Services Equipment,Commercial Use Coffee Or Iced Tea Makers
1792,Medical Equipment And Accessories And Supplies,Surgical Products,Surgical Scrub Or Prep Kits For Patient
1793,Domestic Appliances And Supplies And Consumer Electronic Products,Bedclothes And Table And Kitchen Linen And Towels,Hand Towels
1794,Environmental Services,Environmental Management,Environmental Standards
1795,Published Products,Electronic Reference Material,Electronic Software Documentation Or User Manuals
1796,Information Technology Broadcasting And Telecommunications,Software,Computer Based Training Software
1797,Chemicals Including Bio Chemicals And Gas Materials,Colorants,Inks
1798,Information Technology Broadcasting And Telecommunications,Components For Information Technology Or Broadcasting Or Telecommunications,Digital Video Disc Audio Video Dvd Av
1799,Medical Equipment And Accessories And Supplies,Patient Exam And Monitoring Products,Sexual Assault Determination Kits
1800,Defense And Law Enforcement And Security And Safety Equipment And Supplies,Personal Safety And Protection,Antistatic Wrist Straps
1801,Healthcare Services,Medical Practice,Nephrology Services
1802,Paper Materials And Products,Paper Products,Delivery Forms Or Delivery Books
1803,Laboratory And Measuring And Observing And Testing Equipment,Laboratory Supplies And Fixtures,Dosing Spoons
1804,Medical Equipment And Accessories And Supplies,Independent Living Aids For The Physically Challenged,Dressing Kits For The Physically Challenged
1805,Medical Equipment And Accessories And Supplies,Patient Care And Treatment Products And Supplies,Patient Urinals For General Use
1806,Transportation And Storage And Mail Services,Transportation Repair Or Maintenance Services,Maintenance Or Repair Of Navigation Equipment
1807,Medical Equipment And Accessories And Supplies,Patient Care And Treatment Products And Supplies,Dispensing Pins
1808,Material Handling And Conditioning And Storage Machinery And Their Accessories And Supplies,Packing Supplies,Bubble Wrap
1809,Electrical Systems And Lighting And Components And Accessories And Supplies,Electrical Equipment And Components And Supplies,Synchronous Condensers
1810,Published Products,Electronic Reference Material,Electronic Charts Or Maps Or Atlases
1811,Public Utilities And Public Sector Related Services,Utilities,Water Treatment Services
1812,Office Equipment And Accessories And Supplies,Office Supplies,Rubber Bands
1813,Musical Instruments And Games And Toys And Arts And Crafts And Educational Equipment And Materials And Accessories And Supplies,Developmental And Professional Teaching Aids And Materials And Accessories And Supplies,Electric Lead Wires Or Cables
1814,Medical Equipment And Accessories And Supplies,Wound Care Products,Wound Or Skin Closure Strips
1815,Cleaning Equipment And Supplies,Cleaning And Janitorial Supplies,Mop Or Broom Holder
1816,Distribution And Conditioning Systems And Equipment And Components,Industrial Pumps And Compressors,Turbine Pumps
1817,Farming And Fishing And Forestry And Wildlife Contracting Services,Water Resources Development And Oversight,Canal Maintenance Or Management Services
1818,Service Industry Machinery And Equipment And Supplies,Institutional Food Services Equipment,Commercial Use Cake Or Pie Pans
1819,Medical Equipment And Accessories And Supplies,Intravenous And Arterial Administration Products,Intravenous Syringe Infusion Pumps
1820,Manufacturing Components And Supplies,Paints And Primers And Finishes,Oil Based Paints
1821,Chemicals Including Bio Chemicals And Gas Materials,Additives,Gel Stabilizers
1822,Laboratory And Measuring And Observing And Testing Equipment,Measuring And Observing And Testing Instruments,Environmental Test Kits Or Supplies
1823,Mining And Well Drilling Machinery And Accessories,Well Drilling And Operation Equipment,Hammer Drills
1824,Service Industry Machinery And Equipment And Supplies,Institutional Food Services Equipment,Commercial Use Pasta Cookers
1825,Food Beverage And Tobacco Products,Nuts And Seeds,Whole Nuts Or Seeds
1826,Live Plant And Animal Material And Accessories And Supplies,Seeds And Bulbs And Seedlings And Cuttings,Peanut Seeds Or Seedlings
1827,Drugs And Pharmaceutical Products,Central Nervous System Drugs,Acetaminophen
1828,Defense And Law Enforcement And Security And Safety Equipment And Supplies,Personal Safety And Protection,Protective Knee Pads
1829,Tools And General Machinery,Hand Tools,Combination Square
1830,Tools And General Machinery,Hand Tools,Ball Peen Hammer
1831,Food Beverage And Tobacco Products,Fresh Fruits,Crimson Red Pears
1832,Medical Equipment And Accessories And Supplies,Medical Sterilization Products,Chamber Cleaners For Autoclaves Or Sterilizers
1833,Cleaning Equipment And Supplies,Cleaning And Janitorial Supplies,Wet Mops
1834,Musical Instruments And Games And Toys And Arts And Crafts And Educational Equipment And Materials And Accessories And Supplies,Developmental And Professional Teaching Aids And Materials And Accessories And Supplies,Laces Or Lacing Sets For Early Math
1835,Land And Buildings And Structures And Thoroughfares,Permanent Buildings And Structures,Movable Weir
1836,Laboratory And Measuring And Observing And Testing Equipment,Measuring And Observing And Testing Instruments,Oxygen Sensors
1837,Power Generation And Distribution Machinery And Accessories,Batteries And Generators And Kinetic Power Transmission,Battery Adapter Or Accessories
1838,Office Equipment And Accessories And Supplies,Office Machines And Their Supplies And Accessories,Sorters
1839,Farming And Fishing And Forestry And Wildlife Contracting Services,Land And Soil Preparation And Management And Protection,Erosion Control Services
1840,Office Equipment And Accessories And Supplies,Office Machines And Their Supplies And Accessories,Mail Opening Machines
1841,Information Technology Broadcasting And Telecommunications,Software,Desktop Publishing Software
1842,Electrical Systems And Lighting And Components And Accessories And Supplies,Electrical Equipment And Components And Supplies,Disconnect Switch
1843,Industrial Cleaning Services,Refuse Disposal And Treatment,Garbage Collection Or Destruction Or Processing Or Disposal
1844,Defense And Law Enforcement And Security And Safety Equipment And Supplies,Personal Safety And Protection,Waterproof Suit
1845,Medical Equipment And Accessories And Supplies,Wound Care Products,Ostomy Bag Rings
1846,Industrial Manufacturing And Processing Machinery And Accessories,Industrial Process Machinery And Equipment And Supplies,Barrier Guarding
1847,Laboratory And Measuring And Observing And Testing Equipment,Measuring And Observing And Testing Instruments,Thermocouple Probes
1848,Office Equipment And Accessories And Supplies,Office Machines And Their Supplies And Accessories,Cassette Or Tape Shredders
1849,Medical Equipment And Accessories And Supplies,Medical Apparel And Textiles,Medical Staff Isolation Or Cover Gowns
1850,Office Equipment And Accessories And Supplies,Office Machines And Their Supplies And Accessories,Office Machine Trays Or Feeders
1851,Medical Equipment And Accessories And Supplies,Dental Equipment And Supplies,Dental Mirrors Or Mirror Handles
1852,Power Generation And Distribution Machinery And Accessories,Power Sources,Motor Repair Kit
1853,Industrial Cleaning Services,Decontamination Services,Lead Based Paint Abatement Or Encapsulation
1854,Environmental Services,Pollution Tracking And Monitoring And Rehabilitation,Carbon Dioxide Monitoring Services
1855,Medical Equipment And Accessories And Supplies,Intravenous And Arterial Administration Products,Blood Transfusion Filters Or Screens Or Accessories
1856,Food Beverage And Tobacco Products,Seasonings And Preservatives,Savory Spread Or Pate
1857,Mining And Well Drilling Machinery And Accessories,Well Drilling And Operation Equipment,Industrial Drill Bits
1858,Industrial Manufacturing And Processing Machinery And Accessories,Metal Cutting Machinery And Accessories,Reamer
1859,Industrial Manufacturing And Processing Machinery And Accessories,Metal Cutting Machinery And Accessories,Countersink Tool Or Counterbore Tool
1860,Fuels And Fuel Additives And Lubricants And Anti Corrosive Materials,Lubricants And Oils And Greases And Anti Corrosives,General Purpose Lubricants
1861,Sports And Recreational Equipment And Supplies And Accessories,Collectibles And Awards,Plaques
1862,Electronic Components And Supplies,Printed Circuits And Integrated Circuits And Microassemblies,Detectors
1863,Medical Equipment And Accessories And Supplies,Dental Equipment And Supplies,Dental Finishing Or Polishing Tips
1864,Medical Equipment And Accessories And Supplies,Dental Equipment And Supplies,Dental Tubings Or Accessories
1865,Power Generation And Distribution Machinery And Accessories,Atomic And Nuclear Energy Machinery And Equipment,Isotope Separators
1866,Laboratory And Measuring And Observing And Testing Equipment,Measuring And Observing And Testing Instruments,Network Analyzers
1867,Material Handling And Conditioning And Storage Machinery And Their Accessories And Supplies,Material Handling Machinery And Equipment,Pallet Trucks
1868,Structures And Building And Construction And Manufacturing Components And Supplies,Exterior Finishing Materials,Exterior Trim Material
1869,Fuels And Fuel Additives And Lubricants And Anti Corrosive Materials,Lubricants And Oils And Greases And Anti Corrosives,Hydraulic Oil
1870,Industrial Cleaning Services,Refuse Disposal And Treatment,Recycling Of Metal
1871,Structures And Building And Construction And Manufacturing Components And Supplies,Structural Components And Basic Shapes,Aluminum Foil
1872,Power Generation And Distribution Machinery And Accessories,Power Sources,Electronic Engine Controls
1873,Food Beverage And Tobacco Products,Fresh Vegetables,Broccolini
1874,Musical Instruments And Games And Toys And Arts And Crafts And Educational Equipment And Materials And Accessories And Supplies,Developmental And Professional Teaching Aids And Materials And Accessories And Supplies,Battery Kits
1875,Industrial Cleaning Services,Refuse Disposal And Treatment,Acid Waste Collection Or Disposal
1876,Information Technology Broadcasting And Telecommunications,Computer Equipment And Accessories,Computer Speakers
1877,Laboratory And Measuring And Observing And Testing Equipment,Laboratory And Scientific Equipment,Stool Collection Containers Without Media
1878,Information Technology Broadcasting And Telecommunications,Data Voice Or Multimedia Network Equipment Or Platforms And Accessories,Radio Access Equipment
1879,Laboratory And Measuring And Observing And Testing Equipment,Measuring And Observing And Testing Instruments,Manual Swab Test Kits
1880,Domestic Appliances And Supplies And Consumer Electronic Products,Consumer Electronics,Microphones
1881,Office Equipment And Accessories And Supplies,Office Machines And Their Supplies And Accessories,Laminators
1882,Tools And General Machinery,Hand Tools,Marking Pen
1883,Defense And Law Enforcement And Security And Safety Equipment And Supplies,Defense And Law Enforcement And Security And Safety Training Equipment,Disaster Management Training Simulation System
1884,Distribution And Conditioning Systems And Equipment And Components,Industrial Pumps And Compressors,Diaphragm Pumps
1885,Building And Facility Construction And Maintenance Services,Specialized Trade Construction And Maintenance Services,Boiler Maintenance Service
1886,Food Beverage And Tobacco Products,Meat And Poultry Products,"Pork, Processed Without Additions"
1887,Laboratory And Measuring And Observing And Testing Equipment,Measuring And Observing And Testing Instruments,Resistance Temperature Detector Rtd
1888,Laboratory And Measuring And Observing And Testing Equipment,Measuring And Observing And Testing Instruments,Bodyweight Measuring Scales
1889,Medical Equipment And Accessories And Supplies,Patient Exam And Monitoring Products,Cleaning Wipes For Diagnostic Equipment
1890,Medical Equipment And Accessories And Supplies,Patient Care And Treatment Products And Supplies,Urinary Drainage Bags Or Meters
1891,Transportation And Storage And Mail Services,Mail And Cargo Transport,Vehicle Transport Services
1892,Building And Facility Construction And Maintenance Services,Specialized Trade Construction And Maintenance Services,Scaffolding Services
1893,Electrical Systems And Lighting And Components And Accessories And Supplies,Electrical Equipment And Components And Supplies,Electrical Terminals
1894,Structures And Building And Construction And Manufacturing Components And Supplies,Structural Components And Basic Shapes,Wood Trusses
1895,Structures And Building And Construction And Manufacturing Components And Supplies,Structural Building Products,Light Concrete Block
1896,Engineering And Research And Technology Based Services,Computer Services,Telecommunications Planning Services
1897,Published Products,Electronic Reference Material,Educational Material Audio Tape
1898,National Defense And Public Order And Security And Safety Services,Security And Personal Safety,Surveillance Or Alarm Maintenance Or Monitoring
1899,Material Handling And Conditioning And Storage Machinery And Their Accessories And Supplies,Containers And Storage,Mailboxes
1900,Building And Facility Construction And Maintenance Services,Heavy Construction Services,Levee Construction Service
1901,Office Equipment And Accessories And Supplies,Office And Desk Accessories,Calendars
1902,Structures And Building And Construction And Manufacturing Components And Supplies,Structural Building Products,Salt Glazed Brick
1903,Medical Equipment And Accessories And Supplies,Dental Equipment And Supplies,Dental Impression Trays
1904,Distribution And Conditioning Systems And Equipment And Components,Heating And Ventilation And Air Circulation,Condensing Units
1905,Manufacturing Components And Supplies,Rope And Chain And Cable And Wire And Strap,Razor Wire
1906,Drugs And Pharmaceutical Products,Anti Infective Drugs,Sodium Chloride Solution For Irrigation
1907,Power Generation And Distribution Machinery And Accessories,Electrical Wire And Cable And Harness,Fiber Optic Cable
1908,Musical Instruments And Games And Toys And Arts And Crafts And Educational Equipment And Materials And Accessories And Supplies,Developmental And Professional Teaching Aids And Materials And Accessories And Supplies,Forensic Science Kits
1909,Information Technology Broadcasting And Telecommunications,Components For Information Technology Or Broadcasting Or Telecommunications,Read Write Compact Disc Cd
1910,Farming And Fishing And Forestry And Wildlife Contracting Services,Water Resources Development And Oversight,Water Quality Management
1911,Medical Equipment And Accessories And Supplies,Medical Sterilization Products,Sterilization Bags
1912,Medical Equipment And Accessories And Supplies,Dental Equipment And Supplies,Dental Stains Or Supplies
1913,Drugs And Pharmaceutical Products,Central Nervous System Drugs,Septocaine
1914,Information Technology Broadcasting And Telecommunications,Computer Equipment And Accessories,Computer Data Input Device Covers
1915,Furniture And Furnishings,Accommodation Furniture,Conferencing Tables
1916,Commercial And Military And Private Vehicles And Their Accessories And Components,Transportation Services Equipment,Air Cleaner Element Tester
1917,Medical Equipment And Accessories And Supplies,Patient Exam And Monitoring Products,Keratoscopes
1918,Live Plant And Animal Material And Accessories And Supplies,Seeds And Bulbs And Seedlings And Cuttings,Chili Seeds Or Seedlings
1919,Medical Equipment And Accessories And Supplies,Dental Equipment And Supplies,Dental Waxing Instruments
1920,Office Equipment And Accessories And Supplies,Office And Desk Accessories,Coin Wrappers Or Bill Straps
1921,Food Beverage And Tobacco Products,Fresh Vegetables,Yellow Storage Onions
1922,Medical Equipment And Accessories And Supplies,Wound Care Products,Occlusive Dressings
1923,Electrical Systems And Lighting And Components And Accessories And Supplies,Electrical Equipment And Components And Supplies,Switchgear Systems
1924,Structures And Building And Construction And Manufacturing Components And Supplies,Interior Finishing Materials,Wood Flooring
1925,Medical Equipment And Accessories And Supplies,Patient Exam And Monitoring Products,Pulse Oximeter Units
1926,Laboratory And Measuring And Observing And Testing Equipment,Laboratory And Scientific Equipment,Specimen Collection Or Transport Bags
1927,Medical Equipment And Accessories And Supplies,Patient Exam And Monitoring Products,Medical Thermometer Tip Or Probe Covers
1928,Distribution And Conditioning Systems And Equipment And Components,Heating And Ventilation And Air Circulation,Impellers
1929,Politics And Civic Affairs Services,Public Administration And Finance Services,Government Auditing Services
1930,Politics And Civic Affairs Services,Socio Political Conditions,Pressure Groups Representation Or Participation Services
1931,Power Generation And Distribution Machinery And Accessories,Power Sources,Engine Repair Kit
1932,Management And Business Professionals And Administrative Services,Management Advisory Services,Business Intelligence Consulting Services
1933,Furniture And Furnishings,Accommodation Furniture,Foot Stools
1934,Farming And Fishing And Forestry And Wildlife Contracting Services,Horticulture,Parks Management Or Maintenance Services
1935,Office Equipment And Accessories And Supplies,Office Supplies,Hook And Loop Fastener
1936,Medical Equipment And Accessories And Supplies,Patient Care And Treatment Products And Supplies,Medical Aspiration Or Irrigation Syringes
1937,Medical Equipment And Accessories And Supplies,Emergency And Field Medical Services Products,Emergency Medical Services Head Immobilizers
1938,Manufacturing Components And Supplies,Pneumatic And Hydraulic And Electric Control Systems,Solenoids
1939,Food Beverage And Tobacco Products,Fresh Fruits,Classic Peaches
1940,Medical Equipment And Accessories And Supplies,Dental Equipment And Supplies,Dental Laboratory Vacuum Units Or Supplies
1941,Manufacturing Components And Supplies,Adhesives And Sealants,Epoxy Bond
1942,Tools And General Machinery,Pneumatic Machinery And Equipment,Pneumatic Cylinder End Caps
1943,Distribution And Conditioning Systems And Equipment And Components,Heating And Ventilation And Air Circulation,Ventilation Dampers
1944,Industrial Manufacturing And Processing Machinery And Accessories,Industrial Process Machinery And Equipment And Supplies,Ring Jigs
1945,Medical Equipment And Accessories And Supplies,Intravenous And Arterial Administration Products,Intravenous Tubing Transfer Leg Closures Or Snaps
1946,Apparel And Luggage And Personal Care Products,Luggage And Handbags And Packs And Cases,Briefcases
1947,Medical Equipment And Accessories And Supplies,Surgical Products,Surgical Adhesion Barriers
1948,Food Beverage And Tobacco Products,Fresh Vegetables,Autumn King Carrots
1949,Medical Equipment And Accessories And Supplies,Emergency And Field Medical Services Products,Emergency Medical Services Restraint Or Spine Board Straps
1950,Medical Equipment And Accessories And Supplies,Dental Equipment And Supplies,Dental Saliva Ejectors Or Oral Suction Devices Or Supplies
1951,Food Beverage And Tobacco Products,Dried Fruit,Dried Black Corinth Grapes
1952,Domestic Appliances And Supplies And Consumer Electronic Products,Domestic Appliances,Domestic Food Processors
1953,Furniture And Furnishings,Accommodation Furniture,Credenzas
1954,Power Generation And Distribution Machinery And Accessories,Electrical Wire And Cable And Harness,Copper Wire
1955,Defense And Law Enforcement And Security And Safety Equipment And Supplies,Personal Safety And Protection,Gas Masks
1956,Distribution And Conditioning Systems And Equipment And Components,Pipe Piping And Pipe Fittings,Industrial High Yield Steel Pipe
1957,Mineral And Textile And Inedible Plant And Animal Materials,Minerals And Ores And Metals,Talc
1958,Published Products,Printed Media,Magazines
1959,Food Beverage And Tobacco Products,Beverages,Sport Or Energy Drink
1960,Medical Equipment And Accessories And Supplies,Wound Care Products,Gel Dressings
1961,Tools And General Machinery,Hand Tools,Long Angle Lathe File
1962,Office Equipment And Accessories And Supplies,Office Machines And Their Supplies And Accessories,Lamination Film
1963,Building And Facility Construction And Maintenance Services,Building And Facility Maintenance And Repair Services,Parking Lot Or Road Maintenance Or Repairs Or Services
1964,Food Beverage And Tobacco Products,Dairy Products And Eggs,Cooked Egg From Chickens
1965,Distribution And Conditioning Systems And Equipment And Components,Fluid And Gas Distribution,Hydraulic Hose
1966,Medical Equipment And Accessories And Supplies,Patient Exam And Monitoring Products,Blood Pressure Cuffs Or Bladders
1967,Sports And Recreational Equipment And Supplies And Accessories,Sports Equipment And Accessories,Sporting Goods Cart
1968,Industrial Production And Manufacturing Services,Manufacture Of Electrical Goods And Precision Instruments,Dry Or Storage Battery Manufacture Services
1969,Power Generation And Distribution Machinery And Accessories,Power Sources,Fuel Injection Manifolds
1970,Commercial And Military And Private Vehicles And Their Accessories And Components,Motor Vehicles,Delivery Trucks
1971,Electrical Systems And Lighting And Components And Accessories And Supplies,Electrical Equipment And Components And Supplies,Electrical Extension Cable
1972,Industrial Manufacturing And Processing Machinery And Accessories,Industrial Process Machinery And Equipment And Supplies,In Mold Decoration Imd Cylinder
1973,Commercial And Military And Private Vehicles And Their Accessories And Components,Transportation Components And Systems,Manual Transmissions
1974,Medical Equipment And Accessories And Supplies,Physical And Occupational Therapy And Rehabilitation Products,Therapeutic Puzzles
1975,Industrial Manufacturing And Processing Machinery And Accessories,Industrial Food And Beverage Equipment,Coffee Brewing Equipment Or Supplies
1976,Furniture And Furnishings,Accommodation Furniture,Storage Cabinets
1977,Material Handling And Conditioning And Storage Machinery And Their Accessories And Supplies,Packaging Materials,Caps Or Tops
1978,Medical Equipment And Accessories And Supplies,Intravenous And Arterial Administration Products,Intravenous Or Arterial Catheter Positioning Tapes Or Dressings Or Straps Or Cuffs
1979,Medical Equipment And Accessories And Supplies,Physical And Occupational Therapy And Rehabilitation Products,Gait Belts For Rehabilitation Or Therapy
1980,Printing And Photographic And Audio And Visual Equipment And Supplies,Audio And Visual Presentation And Composing Equipment,Liquid Crystal Display Projector
1981,Medical Equipment And Accessories And Supplies,Intravenous And Arterial Administration Products,Intravenous Or Arterial Infusion Transfer Bags Or Container Spouts
1982,Medical Equipment And Accessories And Supplies,Surgical Products,Surgical Irrigation Or Suction Handpieces Or Cannulas Or Tips Or Related Products
1983,Information Technology Broadcasting And Telecommunications,Software,Encyclopedia Software
1984,Office Equipment And Accessories And Supplies,Office Machines And Their Supplies And Accessories,Label Making Machines
1985,Laboratory And Measuring And Observing And Testing Equipment,Measuring And Observing And Testing Instruments,Flowmeters
1986,Medical Equipment And Accessories And Supplies,Patient Care And Treatment Products And Supplies,Sunglasses
1987,Distribution And Conditioning Systems And Equipment And Components,Fluid And Gas Distribution,Hydraulic Valves
1988,Engineering And Research And Technology Based Services,Professional Engineering Services,Electrical Equipment Maintenance Or Repair
1989,Cleaning Equipment And Supplies,Cleaning And Janitorial Supplies,Industrial Cleaning Kits
1990,Laboratory And Measuring And Observing And Testing Equipment,Measuring And Observing And Testing Instruments,Tachometers
1991,Medical Equipment And Accessories And Supplies,Dental Equipment And Supplies,Porcelain Teeth
1992,Electrical Systems And Lighting And Components And Accessories And Supplies,Lighting Fixtures And Accessories,Emergency Exit Illuminated Sign
1993,Power Generation And Distribution Machinery And Accessories,Electrical Wire And Cable And Harness,Coiled Cord Assembly
1994,Material Handling And Conditioning And Storage Machinery And Their Accessories And Supplies,Packing Supplies,Stretch Wrap Films
1995,Structures And Building And Construction And Manufacturing Components And Supplies,Interior Finishing Materials,Bread Box Lid Or Assembly
1996,Distribution And Conditioning Systems And Equipment And Components,Pipe Piping And Pipe Fittings,Forged Steel Pipe Adapter
1997,Cleaning Equipment And Supplies,Cleaning And Janitorial Supplies,Floor Cleaners
1998,Medical Equipment And Accessories And Supplies,Patient Care And Treatment Products And Supplies,Urinary Catheterization Kits Or Accessories
1999,Medical Equipment And Accessories And Supplies,Medical Sterilization Products,Medical Equipment And Instrument Disinfectant Washing Equipment
2000,Medical Equipment And Accessories And Supplies,Clinical Nutrition,Jejunostomy Catheter And Needle Sets
2001,Manufacturing Components And Supplies,Adhesives And Sealants,Packaging Tape
2002,Tools And General Machinery,Hand Tools,Stripping Tools
2003,Mineral And Textile And Inedible Plant And Animal Materials,Fibers And Threads And Yarns,Vegetable Fibers
2004,Cleaning Equipment And Supplies,Cleaning And Janitorial Supplies,Absorbent Mats
2005,Medical Equipment And Accessories And Supplies,Intravenous And Arterial Administration Products,Needleless Intravenous Injection Syringe Set Or Injection Cannula
2006,Fuels And Fuel Additives And Lubricants And Anti Corrosive Materials,Lubricants And Oils And Greases And Anti Corrosives,Transmission Oil
2007,Industrial Cleaning Services,Toxic And Hazardous Waste Cleanup,Oil Residue Disposal Or Control Services
2008,Mining And Well Drilling Machinery And Accessories,Oil And Gas Drilling And Exploration Equipment,Pipe Handling Equipment
2009,Engineering And Research And Technology Based Services,Computer Services,Application Programming Services
2010,Medical Equipment And Accessories And Supplies,Emergency And Field Medical Services Products,Emergency Medical Services Airway Management Bags
2011,Medical Equipment And Accessories And Supplies,Wound Care Products,Medical Incision Drain Accessories
2012,Furniture And Furnishings,Accommodation Furniture,Modular Furniture Connectors
2013,Chemicals Including Bio Chemicals And Gas Materials,Additives,Affinity Labels
2014,Industrial Production And Manufacturing Services,Food And Beverage Industries,Meat Products Or By Products Processing Services
2015,Paper Materials And Products,Paper Products,Cardstock Papers
2016,Defense And Law Enforcement And Security And Safety Equipment And Supplies,Security Surveillance And Detection,Radio Communication Monitoring System
2017,Drugs And Pharmaceutical Products,Central Nervous System Drugs,Sodium Hyaluronate
2018,Food Beverage And Tobacco Products,Fresh Fruits,Fancy Lady Peaches
2019,Industrial Production And Manufacturing Services,Food And Beverage Industries,Sugar Or Sugar Products Processing Services
2020,Food Beverage And Tobacco Products,Fresh Vegetables,Lima Beans
2021,Structures And Building And Construction And Manufacturing Components And Supplies,Doors And Windows And Glass,Rolling Garage Door
2022,Structures And Building And Construction And Manufacturing Components And Supplies,Interior Finishing Materials,Vinyl Flooring
2023,Material Handling And Conditioning And Storage Machinery And Their Accessories And Supplies,Containers And Storage,Jugs
2024,Personal And Domestic Services,Domestic And Personal Assistance,Cooking Or Food Preparation Services
2025,Distribution And Conditioning Systems And Equipment And Components,Fluid And Gas Distribution,Orifice Fittings
2026,Information Technology Broadcasting And Telecommunications,Computer Equipment And Accessories,Touch Screen Monitors
2027,Information Technology Broadcasting And Telecommunications,Communications Devices And Accessories,Phone Or Modem Jack Adapters Or Country Kits Or Travel Kits
2028,Commercial And Military And Private Vehicles And Their Accessories And Components,Vehicle Bodies And Trailers,Dolly Trailer
2029,Engineering And Research And Technology Based Services,Statistics,Sampling Surveys
2030,Chemicals Including Bio Chemicals And Gas Materials,Additives,Gels
2031,Live Plant And Animal Material And Accessories And Supplies,Pest Control Products,Animal Control Traps
2032,Structures And Building And Construction And Manufacturing Components And Supplies,Interior Finishing Materials,Pull Out Waste Basket Hardware Or Assembly
2033,Defense And Law Enforcement And Security And Safety Equipment And Supplies,Personal Safety And Protection,Safety Shoes
2034,Information Technology Broadcasting And Telecommunications,Components For Information Technology Or Broadcasting Or Telecommunications,Portable Media Case Or Wallet
2035,Distribution And Conditioning Systems And Equipment And Components,Tubes Tubing And Tube Fittings,Seamless Stainless Steel Pierced Tube
2036,Manufacturing Components And Supplies,Adhesives And Sealants,Glues
2037,Furniture And Furnishings,Classroom And Instructional And Institutional Furniture And Fixtures,General Shop Tool Storage Cabinets Or Cabinets With Tools
2038,Medical Equipment And Accessories And Supplies,Patient Exam And Monitoring Products,Blood Pressure Air Release Valves Or Inflation Bulbs
2039,Defense And Law Enforcement And Security And Safety Equipment And Supplies,Personal Safety And Protection,Lens Cleaner
2040,Sports And Recreational Equipment And Supplies And Accessories,Field And Court Sports Equipment,Racquet Balls
2041,Office Equipment And Accessories And Supplies,Office Machines And Their Supplies And Accessories,Letter Folders
2042,Medical Equipment And Accessories And Supplies,Dental Equipment And Supplies,Disposable Dental Tray Covers
2043,Mining And Well Drilling Machinery And Accessories,Oil And Gas Operating And Production Equipment,Wireless Production Control Systems
2044,Resin And Rosin And Rubber And Foam And Film And Elastomeric Materials,Rubber And Elastomers,Natural Foam Rubber
2045,Cleaning Equipment And Supplies,Cleaning And Janitorial Supplies,Dust Mops
2046,Building And Facility Construction And Maintenance Services,Specialized Trade Construction And Maintenance Services,Tank Cleaning Service
2047,Information Technology Broadcasting And Telecommunications,Software,Document Management Software
2048,Medical Equipment And Accessories And Supplies,Patient Care And Treatment Products And Supplies,Cotton Ball Or Fiber
2049,Laboratory And Measuring And Observing And Testing Equipment,Measuring And Observing And Testing Instruments,Frequency Counters Or Timer Or Dividers
2050,Electrical Systems And Lighting And Components And Accessories And Supplies,Electrical Equipment And Components And Supplies,Power Fuse
2051,Electrical Systems And Lighting And Components And Accessories And Supplies,Electrical Equipment And Components And Supplies,Polarity Relay
2052,Electrical Systems And Lighting And Components And Accessories And Supplies,Electrical Equipment And Components And Supplies,Time Delay Fuses
2053,Laboratory And Measuring And Observing And Testing Equipment,Measuring And Observing And Testing Instruments,Toxicology Test Kits Or Supplies
2054,Electrical Systems And Lighting And Components And Accessories And Supplies,Electrical Equipment And Components And Supplies,Circuit Breaker Enclosure
2055,Building And Facility Construction And Maintenance Services,Building And Facility Maintenance And Repair Services,Fire Protection System And Equipment Maintenance Or Repair Service
2056,Laboratory And Measuring And Observing And Testing Equipment,Measuring And Observing And Testing Instruments,Counters
2057,Office Equipment And Accessories And Supplies,Office Machines And Their Supplies And Accessories,Time Card Machine Replacement Ribbon
2058,Education And Training Services,Vocational Training,Law Vocational Training Services
2059,Food Beverage And Tobacco Products,Meat And Poultry Products,"Pork, Minimally Processed With Additions"
2060,Food Beverage And Tobacco Products,Canned Or Jarred Fruit,Canned Or Jarred Fremont Mandarin Oranges
2061,Domestic Appliances And Supplies And Consumer Electronic Products,Consumer Electronics,Radio Receivers
2062,Structures And Building And Construction And Manufacturing Components And Supplies,Doors And Windows And Glass,Window Walls
2063,Musical Instruments And Games And Toys And Arts And Crafts And Educational Equipment And Materials And Accessories And Supplies,Developmental And Professional Teaching Aids And Materials And Accessories And Supplies,Curriculum Guides
2064,Paper Materials And Products,Paper Products,Toilet Seat Covers
2065,Defense And Law Enforcement And Security And Safety Equipment And Supplies,Fire Protection,Fire Extinguishers
2066,Published Products,Signage And Accessories,Safety Signs
2067,Office Equipment And Accessories And Supplies,Office And Desk Accessories,Pen Or Pencil Holders
2068,Medical Equipment And Accessories And Supplies,Emergency And Field Medical Services Products,Emergency Medical Services Suction Units Or Accessories
2069,Material Handling And Conditioning And Storage Machinery And Their Accessories And Supplies,Containers And Storage,Tool Bags
2070,Medical Equipment And Accessories And Supplies,Patient Care And Treatment Products And Supplies,Medical Syringes Without Needles
2071,Distribution And Conditioning Systems And Equipment And Components,Pipe Piping And Pipe Fittings,Industrial Cast Iron Pipe
2072,Medical Equipment And Accessories And Supplies,Patient Care And Treatment Products And Supplies,Contact Lens Cleaning Or Moisterizing Solution
2073,Tools And General Machinery,Hand Tools,Handle Wedge
2074,Medical Equipment And Accessories And Supplies,Medical Sterilization Products,Sterilization Adapters Or Adapter Assemblies
2075,Structures And Building And Construction And Manufacturing Components And Supplies,Plumbing Fixtures,Shaving Razor Hook
2076,Transportation And Storage And Mail Services,Storage,Self Storage Or Mini Storage Service
2077,Land And Buildings And Structures And Thoroughfares,Permanent Buildings And Structures,University
2078,Information Technology Broadcasting And Telecommunications,Communications Devices And Accessories,Digital Telephones
2079,Material Handling And Conditioning And Storage Machinery And Their Accessories And Supplies,Packaging Materials,Plastic Bottles
2080,Distribution And Conditioning Systems And Equipment And Components,Industrial Filtering And Purification,Wet Scrubbers
2081,Laboratory And Measuring And Observing And Testing Equipment,Measuring And Observing And Testing Instruments,Oxygen Gas Analyzers
2082,Medical Equipment And Accessories And Supplies,Clinical Nutrition,Enteral Feeding Infusion Pumps
2083,Information Technology Broadcasting And Telecommunications,Software,Backup Or Archival Software
2084,Power Generation And Distribution Machinery And Accessories,Electrical Wire And Cable And Harness,Electrical Cord Assembly
2085,Musical Instruments And Games And Toys And Arts And Crafts And Educational Equipment And Materials And Accessories And Supplies,Developmental And Professional Teaching Aids And Materials And Accessories And Supplies,Water Testing And Sampling Kits
2086,Domestic Appliances And Supplies And Consumer Electronic Products,Domestic Appliances,Domestic Clothes Washers
2087,Paper Materials And Products,Paper Products,Greeting Or Note Or Post Cards
2088,Tools And General Machinery,Hand Tools,Masonry Shovel
2089,Distribution And Conditioning Systems And Equipment And Components,Pipe Piping And Pipe Fittings,Stainless Steel Pipe Tee
2090,Cleaning Equipment And Supplies,Water And Wastewater Treatment Supply And Disposal,Antiscalants
2091,Cleaning Equipment And Supplies,Water And Wastewater Treatment Supply And Disposal,Water Conditioners
2092,Electrical Systems And Lighting And Components And Accessories And Supplies,Electrical Equipment And Components And Supplies,Wire Terminal Connector Kit
2093,Medical Equipment And Accessories And Supplies,Wound Care Products,Medical Or Surgical Tape Dispensers
2094,Farming And Fishing And Forestry And Wildlife Contracting Services,Water Resources Development And Oversight,Water Well Maintenance Or Management Services
2095,Laboratory And Measuring And Observing And Testing Equipment,Laboratory And Scientific Equipment,Distilled Or Deionized Water
2096,Structures And Building And Construction And Manufacturing Components And Supplies,Interior Finishing Materials,Drawer
2097,Electrical Systems And Lighting And Components And Accessories And Supplies,Electrical Equipment And Components And Supplies,Control Board Enclosure
2098,Structures And Building And Construction And Manufacturing Components And Supplies,Doors And Windows And Glass,Rolling Doors
2099,Public Utilities And Public Sector Related Services,Telecommunications Media Services,Telecommunication Signal Enhancement Network Services
2100,Structures And Building And Construction And Manufacturing Components And Supplies,Construction And Maintenance Support Equipment,Step Stool
2101,Medical Equipment And Accessories And Supplies,Orthopedic And Prosthetic And Sports Medicine Products,Forearm Or Wrist Or Thumb Orthopedic Softgoods
2102,Structures And Building And Construction And Manufacturing Components And Supplies,Insulation,Foam Insulation
2103,Electrical Systems And Lighting And Components And Accessories And Supplies,Electrical Equipment And Components And Supplies,Vacuum Switch
2104,Manufacturing Components And Supplies,Hardware,Spring Clamps
2105,Medical Equipment And Accessories And Supplies,Medical Apparel And Textiles,Patient Pajamas
2106,Manufacturing Components And Supplies,Hardware,Hinges
2107,Food Beverage And Tobacco Products,Frozen Fruit,Frozen Delicious Apples
2108,Medical Equipment And Accessories And Supplies,Patient Exam And Monitoring Products,Chart Projectors Or Accessories
2109,Musical Instruments And Games And Toys And Arts And Crafts And Educational Equipment And Materials And Accessories And Supplies,Developmental And Professional Teaching Aids And Materials And Accessories And Supplies,Algebra Activity Or Resource Books
2110,Information Technology Broadcasting And Telecommunications,Software,Multi-Media Educational Software
2111,Commercial And Military And Private Vehicles And Their Accessories And Components,Aerospace Systems And Components And Equipment,Aircraft Water Separators
2112,Laboratory And Measuring And Observing And Testing Equipment,Laboratory And Scientific Equipment,Water Analysis Systems
2113,Medical Equipment And Accessories And Supplies,Medical Facility Products,Medical Gas Cylinder Carts Or Stands Or Accessories
2114,Material Handling And Conditioning And Storage Machinery And Their Accessories And Supplies,Packing Supplies,Packaging Films
2115,Medical Equipment And Accessories And Supplies,Wound Care Products,Ostomy Skin Barriers Or Protective Care Kits
2116,Food Beverage And Tobacco Products,Frozen Vegetables,Frozen Sinquas
2117,Power Generation And Distribution Machinery And Accessories,Power Sources,Inverter Motor Ac
2118,Medical Equipment And Accessories And Supplies,Medical Facility Products,Overbed Tables Or Accessories
2119,Defense And Law Enforcement And Security And Safety Equipment And Supplies,Public Safety And Control,Snow Or Ice Melter
2120,Medical Equipment And Accessories And Supplies,Intravenous And Arterial Administration Products,Intravenous Or Arterial Catheter Trays
2121,Laboratory And Measuring And Observing And Testing Equipment,Measuring And Observing And Testing Instruments,Electrical Power Sensors
2122,Industrial Manufacturing And Processing Machinery And Accessories,Industrial Process Machinery And Equipment And Supplies,Band Saw Tables
2123,Transportation And Storage And Mail Services,Transportation Repair Or Maintenance Services,Vehicle Body Repair Or Painting Service
2124,Office Equipment And Accessories And Supplies,Office Supplies,Rollerball Pens
2125,Office Equipment And Accessories And Supplies,Office And Desk Accessories,Paper Or Pad Holder Or Dispensers
2126,Information Technology Broadcasting And Telecommunications,Computer Equipment And Accessories,Multi Function Printers
2127,Building And Construction Machinery And Accessories,Heavy Construction Machinery And Equipment,Aggregate Washer
2128,Information Technology Broadcasting And Telecommunications,Data Voice Or Multimedia Network Equipment Or Platforms And Accessories,Content Delivery Networking Equipment
2129,Chemicals Including Bio Chemicals And Gas Materials,Additives,Antiseptic Additive
2130,Medical Equipment And Accessories And Supplies,Wound Care Products,Liquid Adhesives For Bandages Or Dressings
2131,Medical Equipment And Accessories And Supplies,Surgical Products,Surgical Or Endoscopic Catheters Or Catheterization Kits Or Drainage Bags
2132,Electronic Components And Supplies,Automation Control Devices And Components And Accessories,Safety Control Module
2133,Information Technology Broadcasting And Telecommunications,Software,Compliance Software
2134,Published Products,Electronic Reference Material,Background Music
2135,Sports And Recreational Equipment And Supplies And Accessories,Field And Court Sports Equipment,Football Tackling Dummies
2136,Information Technology Broadcasting And Telecommunications,Software,Graphical User Interface Development Software
2137,Information Technology Broadcasting And Telecommunications,Components For Information Technology Or Broadcasting Or Telecommunications,Digital Versatile Disks Dvds
2138,Electrical Systems And Lighting And Components And Accessories And Supplies,Lighting Fixtures And Accessories,Fluorescent Fixtures
2139,Medical Equipment And Accessories And Supplies,Surgical Products,Surgical Custom Or Specialty Instrument Or Procedure Trays
2140,Laboratory And Measuring And Observing And Testing Equipment,Laboratory Supplies And Fixtures,Urinalysis Testing Tubes Or Accessories
2141,Mining And Well Drilling Machinery And Accessories,Oil And Gas Drilling And Exploration Equipment,Drill Pipe
2142,Power Generation And Distribution Machinery And Accessories,Electrical Wire And Cable And Harness,Aluminum Conductor Polyethylene Covered Line Wire
2143,Live Plant And Animal Material And Accessories And Supplies,Seeds And Bulbs And Seedlings And Cuttings,Radish Seeds Or Seedlings
2144,Structures And Building And Construction And Manufacturing Components And Supplies,Plumbing Fixtures,Faucet Handle
2145,Electronic Components And Supplies,Printed Circuits And Integrated Circuits And Microassemblies,Output Transformer
2146,Medical Equipment And Accessories And Supplies,Respiratory And Anesthesia And Resuscitation Products,Tracheostomy Accessories
2147,Furniture And Furnishings,Commercial And Industrial Furniture,"Lighting, Power Or Data Components"
2148,Domestic Appliances And Supplies And Consumer Electronic Products,Domestic Kitchenware And Kitchen Supplies,Domestic Tortilla Bakers
2149,Commercial And Military And Private Vehicles And Their Accessories And Components,Vehicle Bodies And Trailers,Trailer Hitches
2150,Food Beverage And Tobacco Products,Fresh Fruits,Prime Gold Apples
2151,Management And Business Professionals And Administrative Services,Human Resources Services,Temporary Medical Staffing Needs
2152,Sports And Recreational Equipment And Supplies And Accessories,Collectibles And Awards,Photo Award
2153,Farming And Fishing And Forestry And Wildlife Machinery And Accessories,Agricultural And Forestry And Landscape Machinery And Equipment,Baler
2154,Laboratory And Measuring And Observing And Testing Equipment,Measuring And Observing And Testing Instruments,Handheld Thermometer
2155,Environmental Services,Environmental Management,Environmental Indicators Analysis
2156,Musical Instruments And Games And Toys And Arts And Crafts And Educational Equipment And Materials And Accessories And Supplies,Developmental And Professional Teaching Aids And Materials And Accessories And Supplies,Work Ethics Or Attitude Training Instructional Materials
2157,Printing And Photographic And Audio And Visual Equipment And Supplies,Photographic Or Filming Or Video Equipment,High Speed Cameras
2158,Engineering And Research And Technology Based Services,Professional Engineering Services,Dam Engineering
2159,Engineering And Research And Technology Based Services,Computer Services,Internet Or Intranet Client Application Development Services
2160,Electrical Systems And Lighting And Components And Accessories And Supplies,Electrical Equipment And Components And Supplies,Reed Switch
2161,Medical Equipment And Accessories And Supplies,Surgical Products,Surgical Curettes Or Loops
2162,Food Beverage And Tobacco Products,Canned Or Jarred Organic Fruit,Canned Or Jarred Organic Hilo Pineapple
2163,Material Handling And Conditioning And Storage Machinery And Their Accessories And Supplies,Material Handling Machinery And Equipment,Storage Racks Or Shelves
2164,Medical Equipment And Accessories And Supplies,Surgical Products,Surgical Shave Kits Or Prep Razors Or Clippers
2165,Distribution And Conditioning Systems And Equipment And Components,Industrial Filtering And Purification,Filter Membranes
2166,Medical Equipment And Accessories And Supplies,Physical And Occupational Therapy And Rehabilitation Products,Continuous Passive Motion Cpm Devices Or Accessories
2167,Laboratory And Measuring And Observing And Testing Equipment,Measuring And Observing And Testing Instruments,Electronic Measuring Probes
2168,Medical Equipment And Accessories And Supplies,Dental Equipment And Supplies,Alloys For Dental Amalgam
2169,Structures And Building And Construction And Manufacturing Components And Supplies,Structural Components And Basic Shapes,Steel Beams
2170,Structures And Building And Construction And Manufacturing Components And Supplies,Structural Materials,Steel Alloy Sae 4000 Series Hot Rolled Bar
2171,Office Equipment And Accessories And Supplies,Office Machines And Their Supplies And Accessories,Printer Ribbon
2172,Industrial Manufacturing And Processing Machinery And Accessories,Industrial Process Machinery And Equipment And Supplies,Lens Testing Equipment
2173,Material Handling And Conditioning And Storage Machinery And Their Accessories And Supplies,Containers And Storage,Molded Boxes
2174,Medical Equipment And Accessories And Supplies,Patient Care And Treatment Products And Supplies,Urinary Drainage Bag Straps Or Fasteners
2175,Live Plant And Animal Material And Accessories And Supplies,Live Plants Of High Species Or Variety Count Flowers,Live Paperwhite Narcissus
2176,Information Technology Broadcasting And Telecommunications,Components For Information Technology Or Broadcasting Or Telecommunications,Switch Ports Or Cards
2177,Medical Equipment And Accessories And Supplies,Independent Living Aids For The Physically Challenged,Cups Or Mugs For The Physically Challenged
2178,Defense And Law Enforcement And Security And Safety Equipment And Supplies,Light Weapons And Ammunition,Parts Of Guns Or Pistols
2179,Power Generation And Distribution Machinery And Accessories,Electrical Wire And Cable And Harness,Fixture Wire
2180,Chemicals Including Bio Chemicals And Gas Materials,Waxes And Oils,Paraffins
2181,Defense And Law Enforcement And Security And Safety Equipment And Supplies,Personal Safety And Protection,Protective Socks Or Hosiery
2182,Medical Equipment And Accessories And Supplies,Dental Equipment And Supplies,Crowns Or Crown Forms
2183,Musical Instruments And Games And Toys And Arts And Crafts And Educational Equipment And Materials And Accessories And Supplies,Arts And Crafts Equipment And Accessories And Supplies,School Style Acrylic Paint
2184,Material Handling And Conditioning And Storage Machinery And Their Accessories And Supplies,Containers And Storage,Material Handling Racks
2185,National Defense And Public Order And Security And Safety Services,Security And Personal Safety,Armored Car Service
2186,Defense And Law Enforcement And Security And Safety Equipment And Supplies,Defense And Law Enforcement And Security And Safety Training Equipment,Imitation Rifle
2187,Cleaning Equipment And Supplies,Janitorial Equipment,Janitor Carts
2188,Food Beverage And Tobacco Products,Fresh Fruits,Late Navel Oranges
2189,Paper Materials And Products,Paper Products,Cover Paper
2190,Live Plant And Animal Material And Accessories And Supplies,Fresh Cut Blooms Of Low Species Or Variety Count Flowers,Fresh Cut Peruvian Apple
2191,Laboratory And Measuring And Observing And Testing Equipment,Measuring And Observing And Testing Instruments,Fire Pump Flow Meter
2192,Manufacturing Components And Supplies,Grinding And Polishing And Smoothing Materials,Abrasive Pads
2193,Engineering And Research And Technology Based Services,Professional Engineering Services,Energy Or Utility Consulting Service
2194,Medical Equipment And Accessories And Supplies,Independent Living Aids For The Physically Challenged,Cutlery Or Utensils For The Physically Challenged
2195,Material Handling And Conditioning And Storage Machinery And Their Accessories And Supplies,Material Handling Machinery And Equipment,Elevators
2196,Healthcare Services,Disease Prevention And Control,Tuberculosis Prevention Or Control Services
2197,Distribution And Conditioning Systems And Equipment And Components,Pipe Piping And Pipe Fittings,Pvc Plastic Pipe Expansion Joint
2198,Electronic Components And Supplies,Automation Control Devices And Components And Accessories,Through Panel Control Connection System
2199,Defense And Law Enforcement And Security And Safety Equipment And Supplies,Security Surveillance And Detection,Security Or Access Control Systems
2200,Musical Instruments And Games And Toys And Arts And Crafts And Educational Equipment And Materials And Accessories And Supplies,Developmental And Professional Teaching Aids And Materials And Accessories And Supplies,Classroom Activity Books
2201,Food Beverage And Tobacco Products,Fresh Vegetables,Siberia Tomato Tomatoes
2202,Office Equipment And Accessories And Supplies,Office Machines And Their Supplies And Accessories,Paper Cutting Machines Or Accessories
2203,Musical Instruments And Games And Toys And Arts And Crafts And Educational Equipment And Materials And Accessories And Supplies,Developmental And Professional Teaching Aids And Materials And Accessories And Supplies,Protein Testing Kits Or Supplies
2204,Distribution And Conditioning Systems And Equipment And Components,Pipe Piping And Pipe Fittings,Brass Pipe Slipon Flange
2205,Office Equipment And Accessories And Supplies,Office Machines And Their Supplies And Accessories,Identification Id Press Machines
2206,Medical Equipment And Accessories And Supplies,Medical Diagnostic Imaging And Nuclear Medicine Products,Diagnostic Or Interventional Vascular Catheters Or Sets
2207,Live Plant And Animal Material And Accessories And Supplies,Dried Cut Roses,Dried Cut Caribbean Rose
2208,Electrical Systems And Lighting And Components And Accessories And Supplies,Electrical Equipment And Components And Supplies,Current Transformer
2209,Laboratory And Measuring And Observing And Testing Equipment,Laboratory And Scientific Equipment,Blood Unit Collection Bags
2210,Medical Equipment And Accessories And Supplies,Patient Care And Treatment Products And Supplies,Electrotherapy Lead Wires Or Cables
2211,Food Beverage And Tobacco Products,Frozen Vegetables,Frozen Garden Peas
2212,Laboratory And Measuring And Observing And Testing Equipment,Laboratory And Scientific Equipment,Urine Collection Containers
2213,Electrical Systems And Lighting And Components And Accessories And Supplies,Electrical Equipment And Components And Supplies,Ground Switch
2214,Distribution And Conditioning Systems And Equipment And Components,Heating And Ventilation And Air Circulation,Heater Elements
2215,Chemicals Including Bio Chemicals And Gas Materials,Elements And Gases,Nitrogen N
2216,Material Handling And Conditioning And Storage Machinery And Their Accessories And Supplies,Packaging Materials,Packaging Pouches Or Bags
2217,Defense And Law Enforcement And Security And Safety Equipment And Supplies,Personal Safety And Protection,Military Boot
2218,Medical Equipment And Accessories And Supplies,Independent Living Aids For The Physically Challenged,Pill Crushers Or Splitters For The Physically Challenged
2219,Defense And Law Enforcement And Security And Safety Equipment And Supplies,Personal Safety And Protection,Lifelines Or Lifeline Equipment
2220,Cleaning Equipment And Supplies,Cleaning And Janitorial Supplies,Air Freshener
2221,Food Beverage And Tobacco Products,Fresh Vegetables,Blackeyed Peas
2222,Distribution And Conditioning Systems And Equipment And Components,Industrial Filtering And Purification,Cabin Air Filter
2223,Distribution And Conditioning Systems And Equipment And Components,Heating And Ventilation And Air Circulation,Humidifiers
2224,Medical Equipment And Accessories And Supplies,Surgical Products,Surgical Clamps Or Clips Or Forceps Or Accessories
2225,Service Industry Machinery And Equipment And Supplies,Institutional Food Services Equipment,Hand Sterilizer
2226,Defense And Law Enforcement And Security And Safety Equipment And Supplies,Security Surveillance And Detection,Instrument Locks
2227,Manufacturing Components And Supplies,Hardware,Bolt Assembly
2228,Tools And General Machinery,Hand Tools,Oil Gun
2229,Structures And Building And Construction And Manufacturing Components And Supplies,Structural Components And Basic Shapes,Fiber Plate
2230,Information Technology Broadcasting And Telecommunications,Software,Mailing And Shipping Software
2231,Material Handling And Conditioning And Storage Machinery And Their Accessories And Supplies,Containers And Storage,Barrels
2232,Mineral And Textile And Inedible Plant And Animal Materials,Earth And Stone,Pumice Stone
2233,Building And Facility Construction And Maintenance Services,Building And Facility Maintenance And Repair Services,Portable Generator Maintenance And Or Repair Service
2234,Management And Business Professionals And Administrative Services,Human Resources Services,Temporary Safety Health Environmental Services
2235,Medical Equipment And Accessories And Supplies,Independent Living Aids For The Physically Challenged,Board Games For The Physically Challenged
2236,Medical Equipment And Accessories And Supplies,Patient Exam And Monitoring Products,Electrocardiography Ekg Adapters Or Cables Or Leads
2237,Mining And Well Drilling Machinery And Accessories,Oil And Gas Drilling And Exploration Equipment,Pump Down Through Flow Line Equipment
2238,Farming And Fishing And Forestry And Wildlife Contracting Services,Crop Production And Management And Protection,Vegetable Production
2239,Food Beverage And Tobacco Products,Dried Vegetables,Dried New Potatoes
2240,Distribution And Conditioning Systems And Equipment And Components,Industrial Pumps And Compressors,Sludge Pump Spare Parts
2241,Food Beverage And Tobacco Products,Meat And Poultry Products,"Specialty Poultry, Minimally Processed With Additions"
2242,Information Technology Broadcasting And Telecommunications,Computer Equipment And Accessories,Docking Stations
2243,Office Equipment And Accessories And Supplies,Office And Desk Accessories,Interactive Whiteboards Or Accessories
2244,Building And Facility Construction And Maintenance Services,Specialized Trade Construction And Maintenance Services,Office Furniture Installation Service
2245,Management And Business Professionals And Administrative Services,Legal Services,Defense Or Criminal Law Services
2246,Medical Equipment And Accessories And Supplies,Patient Exam And Monitoring Products,Medical Thermometer Carrying Cases Or Covers
2247,Medical Equipment And Accessories And Supplies,Medical Diagnostic Imaging And Nuclear Medicine Products,Medical Ultrasound Bone Densitometers
2248,Defense And Law Enforcement And Security And Safety Equipment And Supplies,Personal Safety And Protection,Rubber Hand Rail
2249,Engineering And Research And Technology Based Services,Information Technology Service Delivery,Software Application Administration Service
2250,Medical Equipment And Accessories And Supplies,Patient Care And Treatment Products And Supplies,Biopsy Needles
2251,Distribution And Conditioning Systems And Equipment And Components,Industrial Pumps And Compressors,Pump Head
2252,Domestic Appliances And Supplies And Consumer Electronic Products,Domestic Kitchenware And Kitchen Supplies,Butter Spreaders
2253,Medical Equipment And Accessories And Supplies,Dental Equipment And Supplies,Dental Probes
2254,Paper Materials And Products,Paper Products,Multipurpose Business Book
2255,Education And Training Services,Specialized Educational Services,Executive Coaching Service
2256,Land And Buildings And Structures And Thoroughfares,Portable Buildings And Structures,Portable Toilet
2257,Medical Equipment And Accessories And Supplies,Independent Living Aids For The Physically Challenged,Cutlery Or Utensil Holders For The Physically Challenged
2258,Food Beverage And Tobacco Products,Canned Or Jarred Fruit,Canned Or Jarred Early Mcintosh Apples
2259,Office Equipment And Accessories And Supplies,Office Supplies,Crayons
2260,Live Plant And Animal Material And Accessories And Supplies,Saddlery And Harness Goods,Restraints
2261,Office Equipment And Accessories And Supplies,Office Supplies,Expandable File Folders
2262,Paper Materials And Products,Paper Products,Checks Or Check Books
2263,Furniture And Furnishings,Accommodation Furniture,Slip Covers
2264,Medical Equipment And Accessories And Supplies,Dental Equipment And Supplies,Dental Bur Holders
2265,Commercial And Military And Private Vehicles And Their Accessories And Components,Transportation Components And Systems,Vehicle Light Pipe
2266,Food Beverage And Tobacco Products,Dairy Products And Eggs,Imitation Cheese
2267,Apparel And Luggage And Personal Care Products,Footwear,Heel Pads
2268,Information Technology Broadcasting And Telecommunications,Software,Accounting Software
2269,Structures And Building And Construction And Manufacturing Components And Supplies,Exterior Finishing Materials,Metal Fencing
2270,Food Beverage And Tobacco Products,Fresh Vegetables,Sweet Onions
2271,Published Products,Electronic Reference Material,Electronic Educational Or Vocational Texts
2272,Food Beverage And Tobacco Products,Fresh Vegetables,Green Leaf Lettuce
2273,Medical Equipment And Accessories And Supplies,Intravenous And Arterial Administration Products,Arterial Line Continuous Catheter Flush Valves
2274,Laboratory And Measuring And Observing And Testing Equipment,Measuring And Observing And Testing Instruments,Rulers
2275,Food Beverage And Tobacco Products,Bread And Bakery Products,Dried Breads Or Bread Shells Or Croutons
2276,Electrical Systems And Lighting And Components And Accessories And Supplies,Lighting Fixtures And Accessories,Lighting Lens Diffuser
2277,Medical Equipment And Accessories And Supplies,Medical Apparel And Textiles,Medical Stretcher Sheets
2278,Food Beverage And Tobacco Products,Canned Or Jarred Vegetables,Young Radish Kimchis
2279,Service Industry Machinery And Equipment And Supplies,Institutional Food Services Equipment,Drinking Fountains Or Bubblers
2280,Medical Equipment And Accessories And Supplies,Orthopedic And Prosthetic And Sports Medicine Products,Post Operative Shoes Or Accessories
2281,Medical Equipment And Accessories And Supplies,Dental Equipment And Supplies,Preventive Dentistry Pastes Or Kits
2282,Food Beverage And Tobacco Products,Dried Fruit,Dried Desert Currants
2283,Building And Facility Construction And Maintenance Services,Building And Facility Maintenance And Repair Services,Aboveground Conveyor Service
2284,Electrical Systems And Lighting And Components And Accessories And Supplies,Lighting Fixtures And Accessories,Moving Lights
2285,Information Technology Broadcasting And Telecommunications,Components For Information Technology Or Broadcasting Or Telecommunications,Comb Assemblies
2286,Musical Instruments And Games And Toys And Arts And Crafts And Educational Equipment And Materials And Accessories And Supplies,Developmental And Professional Teaching Aids And Materials And Accessories And Supplies,Magnetic Board Aids
2287,Food Beverage And Tobacco Products,Canned Or Jarred Vegetables,Canned Or Jarred White Mushrooms
2288,Manufacturing Components And Supplies,Hardware,Taper Key
2289,Musical Instruments And Games And Toys And Arts And Crafts And Educational Equipment And Materials And Accessories And Supplies,Developmental And Professional Teaching Aids And Materials And Accessories And Supplies,Pattern Block Games Or Activity Sets
2290,Defense And Law Enforcement And Security And Safety Equipment And Supplies,Light Weapons And Ammunition,Gun Cases
2291,Medical Equipment And Accessories And Supplies,Respiratory And Anesthesia And Resuscitation Products,Pharyngeal Airways Or Airways Kits
2292,Sports And Recreational Equipment And Supplies And Accessories,Field And Court Sports Equipment,Floor Hockey Protective Equipment
2293,Medical Equipment And Accessories And Supplies,Patient Exam And Monitoring Products,Ophthalmoscopes Or Otoscopes Or Scope Sets
2294,Material Handling And Conditioning And Storage Machinery And Their Accessories And Supplies,Material Handling Machinery And Equipment,Winches
2295,Food Beverage And Tobacco Products,Dried Organic Vegetables,Dried Organic Amsterdam Carrots
2296,Domestic Appliances And Supplies And Consumer Electronic Products,Domestic Appliances,Domestic Garbage Disposals
2297,Building And Facility Construction And Maintenance Services,Nonresidential Building Construction Services,Waste Disposal Plant Construction Service
2298,Building And Facility Construction And Maintenance Services,Building And Facility Maintenance And Repair Services,Extermination Or Fumigation Services
2299,Sports And Recreational Equipment And Supplies And Accessories,Fitness Equipment,Resistance Bands
2300,Musical Instruments And Games And Toys And Arts And Crafts And Educational Equipment And Materials And Accessories And Supplies,Developmental And Professional Teaching Aids And Materials And Accessories And Supplies,Automotive Teaching Aids Or Materials
2301,Office Equipment And Accessories And Supplies,Office Supplies,Paper Or Eyelet Punches
2302,Medical Equipment And Accessories And Supplies,Medical Diagnostic Imaging And Nuclear Medicine Products,Medical Computed Tomography Ct Or Cat Tables Or Stands Or Chairs
2303,Published Products,Signage And Accessories,Self Adhesive Flags
2304,Food Beverage And Tobacco Products,Canned Or Jarred Vegetables,Canned Or Jarred AnasaziãÂ® Beans
2305,Electrical Systems And Lighting And Components And Accessories And Supplies,Electrical Equipment And Components And Supplies,Utility Boxes
2306,Material Handling And Conditioning And Storage Machinery And Their Accessories And Supplies,Material Handling Machinery And Equipment,Suction Cups
2307,Cleaning Equipment And Supplies,Cleaning And Janitorial Supplies,Glass Or Window Cleaners
2308,Food Beverage And Tobacco Products,Prepared And Preserved Foods,Gravy Mix
2309,Electrical Systems And Lighting And Components And Accessories And Supplies,Electrical Equipment And Components And Supplies,Liquid Tight Connectors
2310,Electrical Systems And Lighting And Components And Accessories And Supplies,Electrical Wire Management Devices And Accessories And Supplies,Wire Marker Roll And Dispenser
2311,Electrical Systems And Lighting And Components And Accessories And Supplies,Electrical Equipment And Components And Supplies,Electrical Receptacles
2312,Distribution And Conditioning Systems And Equipment And Components,Industrial Filtering And Purification,Vacuum Filters
2313,Published Products,Printed Media,Exercise Books
2314,Information Technology Broadcasting And Telecommunications,Software,Switch Or Router Software
2315,Electrical Systems And Lighting And Components And Accessories And Supplies,Lighting Fixtures And Accessories,Lamp And Lamp Fixture Guard
2316,Laboratory And Measuring And Observing And Testing Equipment,Laboratory And Scientific Equipment,Specimen Collection Container
2317,Structures And Building And Construction And Manufacturing Components And Supplies,Structural Components And Basic Shapes,Precious Metal Channels
2318,Medical Equipment And Accessories And Supplies,Patient Care And Treatment Products And Supplies,Urinary Drainage Tubes Or Accessories
2319,Industrial Manufacturing And Processing Machinery And Accessories,Metal Treatment Machinery,Electroplating Rack
2320,Paper Materials And Products,Industrial Use Papers,Carbon Papers
2321,Healthcare Services,Food And Nutrition Services,Food Analysis Services
2322,Electrical Systems And Lighting And Components And Accessories And Supplies,Electrical Equipment And Components And Supplies,Electrical Boxes
2323,Mining And Well Drilling Machinery And Accessories,Well Drilling And Operation Equipment,Rotary Drills
2324,Commercial And Military And Private Vehicles And Their Accessories And Components,Motor Vehicles,Concrete Pump Truck
2325,Distribution And Conditioning Systems And Equipment And Components,Heating And Ventilation And Air Circulation,Air Handling Unit
2326,Editorial And Design And Graphic And Fine Art Services,Advertising,Television Advertising
2327,Medical Equipment And Accessories And Supplies,Orthopedic Surgical Implants,Toe Joint Implant
2328,Furniture And Furnishings,Accommodation Furniture,Bookcases
2329,Food Beverage And Tobacco Products,Frozen Vegetables,Frozen Zucchini Squash
2330,Management And Business Professionals And Administrative Services,Business Administration Services,Document Destruction Services
2331,Medical Equipment And Accessories And Supplies,Intravenous And Arterial Administration Products,Central Venous Catheters
2332,Medical Equipment And Accessories And Supplies,Wound Care Products,Medical Incision Drainage Bags Or Reservoirs
2333,Medical Equipment And Accessories And Supplies,Medical Diagnostic Imaging And Nuclear Medicine Products,Medical Magnetic Resonance Imaging Mri Complete Stationary Unit Installation
2334,Mining And Well Drilling Machinery And Accessories,Oil And Gas Drilling And Exploration Equipment,Core Bits
2335,Information Technology Broadcasting And Telecommunications,Components For Information Technology Or Broadcasting Or Telecommunications,Personal Computer Television Pc Tv Tuners
2336,Mining And Well Drilling Machinery And Accessories,Oil And Gas Drilling And Exploration Equipment,Deflection Tools
2337,Electrical Systems And Lighting And Components And Accessories And Supplies,Electrical Wire Management Devices And Accessories And Supplies,Electrical Conduit Fitting Body
2338,Manufacturing Components And Supplies,Rope And Chain And Cable And Wire And Strap,Polypropylene Rope
2339,Laboratory And Measuring And Observing And Testing Equipment,Measuring And Observing And Testing Instruments,Multimedia Image Microscope
2340,Distribution And Conditioning Systems And Equipment And Components,Pipe Piping And Pipe Fittings,Commercial Cpvc Pipe
2341,Electrical Systems And Lighting And Components And Accessories And Supplies,Electrical Wire Management Devices And Accessories And Supplies,Electrical Wire Or Cable Raceway
2342,Laboratory And Measuring And Observing And Testing Equipment,Measuring And Observing And Testing Instruments,Acoustic Sensors
2343,Food Beverage And Tobacco Products,Fresh Fruits,Pink Dragonfruit
2344,Furniture And Furnishings,Accommodation Furniture,Wall Racks
2345,Structures And Building And Construction And Manufacturing Components And Supplies,Construction And Maintenance Support Equipment,Combination Ladder
2346,Structures And Building And Construction And Manufacturing Components And Supplies,Doors And Windows And Glass,Single Hung Window Frames
2347,Food Beverage And Tobacco Products,Fresh Vegetables,Jalapeno Peppers
2348,Office Equipment And Accessories And Supplies,Office Machines And Their Supplies And Accessories,Thermal Ribbon
2349,Food Beverage And Tobacco Products,Seasonings And Preservatives,Relish
2350,Structures And Building And Construction And Manufacturing Components And Supplies,Structural Components And Basic Shapes,Plastic Foil
2351,Mining And Well Drilling Machinery And Accessories,Oil And Gas Drilling And Exploration Equipment,Pump Integrity Monitors
2352,Information Technology Broadcasting And Telecommunications,Components For Information Technology Or Broadcasting Or Telecommunications,Memory Module Cards
2353,Food Beverage And Tobacco Products,Dried Vegetables,Dried Russet Potatoes
2354,Medical Equipment And Accessories And Supplies,Clinical Nutrition,Enteral Feeding Infusion Pump Tubing Sets
2355,Furniture And Furnishings,Commercial And Industrial Furniture,Desk Storage Components
2356,Furniture And Furnishings,Classroom And Instructional And Institutional Furniture And Fixtures,Study Carrels
2357,Medical Equipment And Accessories And Supplies,Respiratory And Anesthesia And Resuscitation Products,Pulmonary Functioning Tubing Or Accessories
2358,Structures And Building And Construction And Manufacturing Components And Supplies,Plumbing Fixtures,Shower Curtain Or Assembly
2359,Organizations And Clubs,Work Related Organizations,Professional Standards Review Boards
2360,Food Beverage And Tobacco Products,Seasonings And Preservatives,Soy Based Mixed Paste
2361,Medical Equipment And Accessories And Supplies,Wound Care Products,Ostomy Starter Kits
2362,Information Technology Broadcasting And Telecommunications,Communications Devices And Accessories,Video Phone
2363,Politics And Civic Affairs Services,Community And Social Services,Occupational Health Or Safety Services
2364,Apparel And Luggage And Personal Care Products,Clothing,Boys Overalls Or Coveralls
2365,Defense And Law Enforcement And Security And Safety Equipment And Supplies,Personal Safety And Protection,Protective Hair Net
2366,Sports And Recreational Equipment And Supplies And Accessories,Recreation And Playground And Swimming And Spa Equipment And Supplies,Solar Blanket
2367,Distribution And Conditioning Systems And Equipment And Components,Pipe Piping And Pipe Fittings,Pvc Plastic Pipe Reducing Coupling
2368,Manufacturing Components And Supplies,Hardware,Power Clamp
2369,Medical Equipment And Accessories And Supplies,Dental Equipment And Supplies,Dental Impression Tray Adhesives
2370,Manufacturing Components And Supplies,Hardware,Wall Mount Bracket
2371,Laboratory And Measuring And Observing And Testing Equipment,Laboratory And Scientific Equipment,Laboratory Safety Ovens
2372,Printing And Photographic And Audio And Visual Equipment And Supplies,Photographic Or Filming Or Video Equipment,Camera Controllers
2373,Drugs And Pharmaceutical Products,Anti Infective Drugs,Alcohol Or Acetone Based Antiseptics
2374,Office Equipment And Accessories And Supplies,Office Supplies,Side Rails For Hanging Folder Frame
2375,Medical Equipment And Accessories And Supplies,Wound Care Products,Dressing Trays
2376,Land And Buildings And Structures And Thoroughfares,Permanent Buildings And Structures,Residential Home
2377,Domestic Appliances And Supplies And Consumer Electronic Products,Bedclothes And Table And Kitchen Linen And Towels,Mattress Covers
2378,Mining And Well Drilling Machinery And Accessories,Oil And Gas Drilling And Exploration Equipment,Blaster Tools
2379,Food Beverage And Tobacco Products,Fresh Vegetables,Pearl White Corn
2380,Material Handling And Conditioning And Storage Machinery And Their Accessories And Supplies,Packing Supplies,Separator Sheet
2381,Live Plant And Animal Material And Accessories And Supplies,Live Animals,Mice
2382,Medical Equipment And Accessories And Supplies,Independent Living Aids For The Physically Challenged,Commodes Or Accessories For The Physically Challenged
2383,Food Beverage And Tobacco Products,Prepared And Preserved Foods,Frozen Prepared Salads
2384,Medical Equipment And Accessories And Supplies,Patient Exam And Monitoring Products,Blood Pressure Recording Units
2385,Engineering And Research And Technology Based Services,Computer Services,Computer Software Licensing Service
2386,Medical Equipment And Accessories And Supplies,Intravenous And Arterial Administration Products,Intravenous Or Arterial Extension Sets
2387,Industrial Manufacturing And Processing Machinery And Accessories,Mixers And Their Parts And Accessories,Mixer Blades
2388,Live Plant And Animal Material And Accessories And Supplies,Animal Containment And Habitats,Kennels
2389,Live Plant And Animal Material And Accessories And Supplies,Fresh Cut Blooms Of Low Species Or Variety Count Flowers,Fresh Cut Eucomis Or Pineapple Lily
2390,Information Technology Broadcasting And Telecommunications,Computer Equipment And Accessories,Computer Peripheral Kit
2391,Office Equipment And Accessories And Supplies,Office Supplies,Document Holder
2392,Material Handling And Conditioning And Storage Machinery And Their Accessories And Supplies,Packing Supplies,Shrink Wrap Films
2393,Musical Instruments And Games And Toys And Arts And Crafts And Educational Equipment And Materials And Accessories And Supplies,Musical Instruments And Parts And Accessories,Pianos
2394,Electrical Systems And Lighting And Components And Accessories And Supplies,Lighting Fixtures And Accessories,Emergency Lighting Accessories
2395,Chemicals Including Bio Chemicals And Gas Materials,Compounds And Mixtures,Alcohols Or Its Substitutes
2396,Mining And Well Drilling Machinery And Accessories,Oil And Gas Drilling And Exploration Equipment,Cement Bulk Material Equipment
2397,Medical Equipment And Accessories And Supplies,Surgical Products,Surgical Bone Stimulators
2398,Information Technology Broadcasting And Telecommunications,Data Voice Or Multimedia Network Equipment Or Platforms And Accessories,Wireless Fidelity Base Stations Wifi
2399,Manufacturing Components And Supplies,Adhesives And Sealants,Polyethylene Tape
2400,Transportation And Storage And Mail Services,Transportation Repair Or Maintenance Services,Transmission Repair
2401,Laboratory And Measuring And Observing And Testing Equipment,Laboratory And Scientific Equipment,Metering Pumps
2402,Medical Equipment And Accessories And Supplies,Patient Exam And Monitoring Products,Electrocardiography Ekg Units
2403,Information Technology Broadcasting And Telecommunications,Communications Devices And Accessories,Phone Extension Cords
2404,Manufacturing Components And Supplies,Grinding And Polishing And Smoothing Materials,Abrasive Cloth
2405,Distribution And Conditioning Systems And Equipment And Components,Tubes Tubing And Tube Fittings,Tube Reducer
2406,Distribution And Conditioning Systems And Equipment And Components,Pipe Piping And Pipe Fittings,Cpvc Plastic Pipe Adapter
2407,Tools And General Machinery,Hand Tools,Augers
2408,Industrial Cleaning Services,Refuse Disposal And Treatment,Equipment Usage Fee
2409,Building And Facility Construction And Maintenance Services,Specialized Trade Construction And Maintenance Services,Boiler Pressure Controller Maintenance Or Repair Or Operation
2410,Commercial And Military And Private Vehicles And Their Accessories And Components,Transportation Components And Systems,Automotive Braking Systems
2411,Defense And Law Enforcement And Security And Safety Equipment And Supplies,Personal Safety And Protection,Bullet Proof Vests
2412,Medical Equipment And Accessories And Supplies,Medical Apparel And Textiles,Surgical Jumpsuits
2413,Healthcare Services,Medical Practice,Individual Health Assessment
2414,Medical Equipment And Accessories And Supplies,Dental Equipment And Supplies,Dental Stones
2415,Office Equipment And Accessories And Supplies,Office Supplies,Screw Posts
2416,Commercial And Military And Private Vehicles And Their Accessories And Components,Transportation Components And Systems,Head Restraints
2417,Medical Equipment And Accessories And Supplies,Emergency And Field Medical Services Products,Emergency Medical Services Cervical Or Extrication Collars
2418,National Defense And Public Order And Security And Safety Services,Security And Personal Safety,Security Guard Services
2419,Medical Equipment And Accessories And Supplies,Medical Facility Products,Blood Drawing Or Phlebotomy Chairs Or Accessories
2420,Electrical Systems And Lighting And Components And Accessories And Supplies,Lamps And Lightbulbs And Lamp Components,Stage Or Studio Lamps
2421,Manufacturing Components And Supplies,Adhesives And Sealants,Electrical Insulating Tape
2422,Medical Equipment And Accessories And Supplies,Patient Care And Treatment Products And Supplies,Irrigation Syringe Sets
2423,Distribution And Conditioning Systems And Equipment And Components,Fluid And Gas Distribution,Grease Trap
2424,Live Plant And Animal Material And Accessories And Supplies,Seeds And Bulbs And Seedlings And Cuttings,Onion Seeds Or Seedlings
2425,Mineral And Textile And Inedible Plant And Animal Materials,Non Edible Animal Products,Semen
2426,Tools And General Machinery,Hand Tools,Tube Crimper
2427,Industrial Manufacturing And Processing Machinery And Accessories,Welding And Soldering And Brazing Machinery And Accessories And Supplies,Solder
2428,Sports And Recreational Equipment And Supplies And Accessories,Fishing And Hunting Equipment,Sporting Ammunition
2429,Commercial And Military And Private Vehicles And Their Accessories And Components,Vehicle Bodies And Trailers,Dump Trailer
2430,Material Handling And Conditioning And Storage Machinery And Their Accessories And Supplies,Containers And Storage,Containment Basin
2431,Medical Equipment And Accessories And Supplies,Respiratory And Anesthesia And Resuscitation Products,Non Invasive Continuous Positive Air Pressure Machines
2432,Food Beverage And Tobacco Products,Canned Or Jarred Fruit,Canned Or Jarred Gala Apples
2433,Material Handling And Conditioning And Storage Machinery And Their Accessories And Supplies,Material Handling Machinery And Equipment,Wall Mounted Rails
2434,Industrial Manufacturing And Processing Machinery And Accessories,Industrial Process Machinery And Equipment And Supplies,Adhesive Or Glue Application Systems
2435,Food Beverage And Tobacco Products,Canned Or Jarred Vegetables,Canned Or Jarred Green Beans
2436,Material Handling And Conditioning And Storage Machinery And Their Accessories And Supplies,Packaging Materials,Applicators
2437,Power Generation And Distribution Machinery And Accessories,Electrical Wire And Cable And Harness,Underground Wire
2438,Management And Business Professionals And Administrative Services,Legal Services,Legal Research Services
2439,Manufacturing Components And Supplies,Hardware,Tie Down Anchors
2440,Service Industry Machinery And Equipment And Supplies,Institutional Food Services Equipment,Catering Gloves Or Glove Dispensers
2441,Material Handling And Conditioning And Storage Machinery And Their Accessories And Supplies,Packaging Materials,Applicator Bottles
2442,Medical Equipment And Accessories And Supplies,Patient Exam And Monitoring Products,Hearing Control Apparatus
2443,Laboratory And Measuring And Observing And Testing Equipment,Laboratory And Scientific Equipment,Softeners
2444,Manufacturing Components And Supplies,Hardware,Finishing Nails
2445,Food Beverage And Tobacco Products,Fresh Fruits,Clauselinas Oranges
2446,Electrical Systems And Lighting And Components And Accessories And Supplies,Lamps And Lightbulbs And Lamp Components,Incandescent Lamps
2447,Food Beverage And Tobacco Products,Canned Or Jarred Vegetables,Canned Or Jarred Alicante Tomatoes
2448,Resin And Rosin And Rubber And Foam And Film And Elastomeric Materials,Resins And Rosins And Other Resin Derived Materials,Neoprene Foam
2449,Education And Training Services,Vocational Training,Energy Related Vocational Training Services
2450,Distribution And Conditioning Systems And Equipment And Components,Fluid And Gas Distribution,Pressure Reducing Valve
2451,Service Industry Machinery And Equipment And Supplies,Institutional Food Services Equipment,Commercial Use Ovens
2452,Manufacturing Components And Supplies,Rope And Chain And Cable And Wire And Strap,Nylon Rope
2453,Electronic Components And Supplies,Automation Control Devices And Components And Accessories,Control System Y Cable
2454,Laboratory And Measuring And Observing And Testing Equipment,Measuring And Observing And Testing Instruments,Radiosonde Apparatus
2455,Healthcare Services,Medical Practice,Orthopedics Services
2456,Defense And Law Enforcement And Security And Safety Equipment And Supplies,Security Surveillance And Detection,Security Metal Detector
2457,Defense And Law Enforcement And Security And Safety Equipment And Supplies,Personal Safety And Protection,Elbow Protectors
2458,Mining And Oil And Gas Services,Oil And Gas Exploration Services,Permanent Magnets Pipe Recovery Services
2459,Tools And General Machinery,Hand Tools,Liquid Fuel Dispenser Or Gasoline Pump
2460,Medical Equipment And Accessories And Supplies,Patient Exam And Monitoring Products,Blood Pressure Inflation Hoses Or Pneumatic Hoses Or Adapters
2461,Building And Facility Construction And Maintenance Services,Building And Facility Maintenance And Repair Services,Landscaping Services
2462,Office Equipment And Accessories And Supplies,Office Supplies,Desk Pads Or Its Accessories
2463,Food Beverage And Tobacco Products,Dried Fruit,Dried Autumn Pride Plums
2464,Paper Materials And Products,Industrial Use Papers,Tea Bag Paper
2465,Printing And Photographic And Audio And Visual Equipment And Supplies,Photographic Or Filming Or Video Equipment,Camera Brackets
2466,Cleaning Equipment And Supplies,Cleaning And Janitorial Supplies,General Purpose Cleaners
2467,Medical Equipment And Accessories And Supplies,Surgical Products,Ophthalmic Laser Lens
2468,Material Handling And Conditioning And Storage Machinery And Their Accessories And Supplies,Containers And Storage,Tent Bag
2469,Food Beverage And Tobacco Products,Fresh Vegetables,Bean Sprouts
2470,Food Beverage And Tobacco Products,Fresh Fruits,Navelina Oranges
2471,Medical Equipment And Accessories And Supplies,Emergency And Field Medical Services Products,Cardio Pulmonary Resuscitation Cpr Boards
2472,Management And Business Professionals And Administrative Services,Human Resources Services,Temporary Information Technology Networking Specialists
2473,Electrical Systems And Lighting And Components And Accessories And Supplies,Electrical Equipment And Components And Supplies,Switch Box
2474,Medical Equipment And Accessories And Supplies,Orthopedic And Prosthetic And Sports Medicine Products,Cast Or Splint Padding Materials
2475,Medical Equipment And Accessories And Supplies,Patient Care And Treatment Products And Supplies,Electrotherapy Electrodes Or Accessories
2476,Domestic Appliances And Supplies And Consumer Electronic Products,Floor Coverings,Rubber Or Vinyl Mats
2477,Structures And Building And Construction And Manufacturing Components And Supplies,Concrete And Cement And Plaster,Insulating Concrete
2478,Management And Business Professionals And Administrative Services,Management Advisory Services,Organizational Structure Consultation
2479,Musical Instruments And Games And Toys And Arts And Crafts And Educational Equipment And Materials And Accessories And Supplies,Developmental And Professional Teaching Aids And Materials And Accessories And Supplies,Professional Teacher Resource Books
2480,Medical Equipment And Accessories And Supplies,Patient Care And Treatment Products And Supplies,Implanted Hearing Device External Sound Processor Earphones
2481,Medical Equipment And Accessories And Supplies,Dental Equipment And Supplies,Tooth Whitening Or Bleaching Supplies
2482,Industrial Manufacturing And Processing Machinery And Accessories,Mixers And Their Parts And Accessories,Sand Mixer
2483,Food Beverage And Tobacco Products,Fresh Fruits,Meyer Lemons
2484,Domestic Appliances And Supplies And Consumer Electronic Products,Domestic Kitchenware And Kitchen Supplies,Domestic Disposable Drinking Straws
2485,Furniture And Furnishings,Classroom And Instructional And Institutional Furniture And Fixtures,Classroom Chairs
2486,Musical Instruments And Games And Toys And Arts And Crafts And Educational Equipment And Materials And Accessories And Supplies,Classroom Decoratives And Supplies,Multipurpose Bulletin Board Sets
2487,Food Beverage And Tobacco Products,Canned Or Jarred Fruit,Canned Or Jarred Golden Pineapple
2488,Manufacturing Components And Supplies,Adhesives And Sealants,Foam Adhesives
2489,Drugs And Pharmaceutical Products,Anti Infective Drugs,Sterile Water For Irrigation
2490,Sports And Recreational Equipment And Supplies And Accessories,Fitness Equipment,Treadmills
2491,Furniture And Furnishings,Accommodation Furniture,Furniture Bases Or Legs Or Leg Extensions
2492,Manufacturing Components And Supplies,Industrial Optics,External Lens Or Laser Windows
2493,Tools And General Machinery,Hand Tools,Pipe Bending Tools
2494,Building And Facility Construction And Maintenance Services,Specialized Trade Construction And Maintenance Services,Food Service Equipment Installation Service
2495,National Defense And Public Order And Security And Safety Services,Security And Personal Safety,Fingerprint Services
2496,Farming And Fishing And Forestry And Wildlife Machinery And Accessories,Agricultural And Forestry And Landscape Machinery And Equipment,Mowers
2497,Laboratory And Measuring And Observing And Testing Equipment,Measuring And Observing And Testing Instruments,Chemistry Quality Controls Or Calibrators Or Standards
2498,Medical Equipment And Accessories And Supplies,Physical And Occupational Therapy And Rehabilitation Products,Gait Training Walkers Or Bikers Or Exercisers Or Accessories
2499,Medical Equipment And Accessories And Supplies,Medical Facility Products,Clinical Examination Chairs Or Accessories
2500,Tools And General Machinery,Hand Tools,Electrician Kits
2501,Musical Instruments And Games And Toys And Arts And Crafts And Educational Equipment And Materials And Accessories And Supplies,Developmental And Professional Teaching Aids And Materials And Accessories And Supplies,Water Models
2502,Medical Equipment And Accessories And Supplies,Medical Sterilization Products,Sterilizer Sterilant Concentrate Or Cassette Or Cartridge
2503,Medical Equipment And Accessories And Supplies,Intravenous And Arterial Administration Products,Intravenous Or Arterial Line Poles Or Stands
2504,Defense And Law Enforcement And Security And Safety Equipment And Supplies,Personal Safety And Protection,Thermal Gloves
2505,Distribution And Conditioning Systems And Equipment And Components,Industrial Pumps And Compressors,Fire Pump Sets
2506,Distribution And Conditioning Systems And Equipment And Components,Fluid And Gas Distribution,Lubricated Plug Valves
2507,Building And Facility Construction And Maintenance Services,Specialized Trade Construction And Maintenance Services,Target Systems Installation Service
2508,Musical Instruments And Games And Toys And Arts And Crafts And Educational Equipment And Materials And Accessories And Supplies,Developmental And Professional Teaching Aids And Materials And Accessories And Supplies,Safety Or Hazardous Teaching Aids Or Materials
2509,Manufacturing Components And Supplies,Hardware,Spring Nuts
2510,Manufacturing Components And Supplies,Industrial Optics,Optical Breadboards
2511,Information Technology Broadcasting And Telecommunications,Components For Information Technology Or Broadcasting Or Telecommunications,Keyboard Or Mouse Cable
2512,Medical Equipment And Accessories And Supplies,Patient Exam And Monitoring Products,Patient Floor Scales
2513,Apparel And Luggage And Personal Care Products,Clothing,Mens Athletic Wear
2514,Mineral And Textile And Inedible Plant And Animal Materials,Non Edible Plant And Forestry Products,Cork
2515,Medical Equipment And Accessories And Supplies,Patient Exam And Monitoring Products,Exam Or Personal Lubricants Or Jellies
2516,Fuels And Fuel Additives And Lubricants And Anti Corrosive Materials,Lubricants And Oils And Greases And Anti Corrosives,Lubricating Soaps
2517,Mining And Well Drilling Machinery And Accessories,Mining And Quarrying Machinery And Equipment,Crane Vehicles
2518,Electrical Systems And Lighting And Components And Accessories And Supplies,Electrical Equipment And Components And Supplies,Hazardous Location Box
2519,Service Industry Machinery And Equipment And Supplies,Institutional Food Services Equipment,Commercial Use Conveyer Toasters
2520,Medical Equipment And Accessories And Supplies,Patient Care And Treatment Products And Supplies,Medical Suction Or Vacuum Appliances
2521,Laboratory And Measuring And Observing And Testing Equipment,Measuring And Observing And Testing Instruments,Floor Or Platform Scales
2522,Structures And Building And Construction And Manufacturing Components And Supplies,Exterior Finishing Materials,Gutters
2523,Furniture And Furnishings,Commercial And Industrial Furniture,Parts Or Accessories Panel Systems
2524,Resin And Rosin And Rubber And Foam And Film And Elastomeric Materials,Resins And Rosins And Other Resin Derived Materials,Polyvinylidene Fluoride
2525,Furniture And Furnishings,Accommodation Furniture,Panel Assemblies Or Sections
2526,Electrical Systems And Lighting And Components And Accessories And Supplies,Electrical Equipment And Components And Supplies,Ceiling Box
2527,Building And Facility Construction And Maintenance Services,Specialized Trade Construction And Maintenance Services,Commercial Wall Covering Construction Service
2528,Material Handling And Conditioning And Storage Machinery And Their Accessories And Supplies,Packaging Materials,Packaging Trays
2529,Food Beverage And Tobacco Products,Dried Fruit,Dried Mariposa Plums
2530,Defense And Law Enforcement And Security And Safety Equipment And Supplies,Personal Safety And Protection,Hard Hats
2531,Industrial Manufacturing And Processing Machinery And Accessories,Metal Cutting Machinery And Accessories,Metal Cutting Band Saw Blade
2532,Chemicals Including Bio Chemicals And Gas Materials,Compounds And Mixtures,Proteins
2533,Medical Equipment And Accessories And Supplies,Medical Diagnostic Imaging And Nuclear Medicine Products,Medical Enteroclysis Catheters Or Catheters Kits
2534,Material Handling And Conditioning And Storage Machinery And Their Accessories And Supplies,Material Handling Machinery And Equipment,Stackers
2535,Medical Equipment And Accessories And Supplies,Physical And Occupational Therapy And Rehabilitation Products,Cognitive Or Dexterity Or Perceptual Or Sensory Evaluation Or Testing Products
2536,Distribution And Conditioning Systems And Equipment And Components,Pipe Piping And Pipe Fittings,Stainless Steel Pipe Wye
2537,Drugs And Pharmaceutical Products,Agents Affecting Water And Electrolytes,Sterile Water For Injection
2538,Commercial And Military And Private Vehicles And Their Accessories And Components,Transportation Services Equipment,Electronic Control Suspension Ecs Simulation Tester
2539,Musical Instruments And Games And Toys And Arts And Crafts And Educational Equipment And Materials And Accessories And Supplies,Developmental And Professional Teaching Aids And Materials And Accessories And Supplies,History Resource Books
2540,Information Technology Broadcasting And Telecommunications,Software,Electronic Mail Software
2541,Medical Equipment And Accessories And Supplies,Independent Living Aids For The Physically Challenged,Bath Brushes Or Sponges Or Scrubbers For The Physically Challenged
2542,Manufacturing Components And Supplies,Hardware,Handles Or Knobs
2543,Cleaning Equipment And Supplies,Cleaning And Janitorial Supplies,General Purpose Cleaning Kits
2544,Laboratory And Measuring And Observing And Testing Equipment,Laboratory And Scientific Equipment,Complementary Deoxyribonucleic Acid Cdna Libraries
2545,Healthcare Services,Medical Practice,X Ray Laboratory Services
2546,Defense And Law Enforcement And Security And Safety Equipment And Supplies,Public Safety And Control,Barrier Tapes Or Chains
2547,Defense And Law Enforcement And Security And Safety Equipment And Supplies,Personal Safety And Protection,Heat Resistant Clothing
2548,Medical Equipment And Accessories And Supplies,Medical Diagnostic Imaging And Nuclear Medicine Products,Cushion Sets For Radiosurgical Helmets
2549,Commercial And Military And Private Vehicles And Their Accessories And Components,Transportation Components And Systems,Door Panels
2550,Power Generation And Distribution Machinery And Accessories,Power Sources,Oil Pan
2551,Commercial And Military And Private Vehicles And Their Accessories And Components,Motor Vehicles,Medical Examination And Treatment Bus
2552,Medical Equipment And Accessories And Supplies,Medical Sterilization Products,Powered Instrument Cleaning Devices Or Accessories
2553,Musical Instruments And Games And Toys And Arts And Crafts And Educational Equipment And Materials And Accessories And Supplies,Developmental And Professional Teaching Aids And Materials And Accessories And Supplies,Activity Or Resource Books For Working With Early Math Manipulatives
2554,Distribution And Conditioning Systems And Equipment And Components,Heating And Ventilation And Air Circulation,Plate Heat Exchanger
2555,Industrial Production And Manufacturing Services,Fibers And Textiles And Fabric Industries,Industrial Sewing Services
2556,Farming And Fishing And Forestry And Wildlife Contracting Services,Horticulture,Removal Services Or Ornamental Plant Or Bush Or Tree
2557,Printing And Photographic And Audio And Visual Equipment And Supplies,Audio And Visual Presentation And Composing Equipment,Table Top Lecterns
2558,Sports And Recreational Equipment And Supplies And Accessories,Field And Court Sports Equipment,Footballs
2559,Commercial And Military And Private Vehicles And Their Accessories And Components,Transportation Components And Systems,Removable Soft Roof Tops
2560,Medical Equipment And Accessories And Supplies,Wound Care Products,Ostomy Bag Covers
2561,Defense And Law Enforcement And Security And Safety Equipment And Supplies,Personal Safety And Protection,Protective Coveralls
2562,Medical Equipment And Accessories And Supplies,Patient Exam And Monitoring Products,Electrocardiography Ekg Monitor Accessory Kits
2563,Power Generation And Distribution Machinery And Accessories,Power Sources,Valve Guide
2564,Laboratory And Measuring And Observing And Testing Equipment,Laboratory And Scientific Equipment,Tray Dryers
2565,Office Equipment And Accessories And Supplies,Office Machines And Their Supplies And Accessories,Kit For Printer
2566,Printing And Photographic And Audio And Visual Equipment And Supplies,Audio And Visual Presentation And Composing Equipment,Film Projectors
2567,Musical Instruments And Games And Toys And Arts And Crafts And Educational Equipment And Materials And Accessories And Supplies,Developmental And Professional Teaching Aids And Materials And Accessories And Supplies,Welding Teaching Aids Or Materials
2568,Musical Instruments And Games And Toys And Arts And Crafts And Educational Equipment And Materials And Accessories And Supplies,Developmental And Professional Teaching Aids And Materials And Accessories And Supplies,Teacher Classroom Grading Books
2569,Industrial Manufacturing And Processing Machinery And Accessories,Mixers And Their Parts And Accessories,Roll Mixers
2570,Chemicals Including Bio Chemicals And Gas Materials,Additives,Acidic Polymer Breakers
2571,Cleaning Equipment And Supplies,Water And Wastewater Treatment Supply And Disposal,Odor Control Chemicals
2572,Office Equipment And Accessories And Supplies,Office And Desk Accessories,Meeting Planners
2573,Food Beverage And Tobacco Products,Fresh Vegetables,Arena Cucumbers
2574,Manufacturing Components And Supplies,Hardware,Machine Screws
2575,Structures And Building And Construction And Manufacturing Components And Supplies,Interior Finishing Materials,Linoleum
2576,Food Beverage And Tobacco Products,Fresh Fruits,Russet Apples
2577,National Defense And Public Order And Security And Safety Services,Public Order And Safety,Jail Or Prison Or Penitentiary Services
2578,Medical Equipment And Accessories And Supplies,Patient Exam And Monitoring Products,Thermometer Probes
2579,Medical Equipment And Accessories And Supplies,Medical Sterilization Products,Instrument Cleaners Or Detergents
2580,Laboratory And Measuring And Observing And Testing Equipment,Measuring And Observing And Testing Instruments,Organic Carbon Analyzers
2581,Drugs And Pharmaceutical Products,Anti Infective Drugs,Tolnaftate
2582,Distribution And Conditioning Systems And Equipment And Components,Fluid And Gas Distribution,Orifice Valves
2583,Power Generation And Distribution Machinery And Accessories,Electrical Wire And Cable And Harness,Telecommunications Cable
2584,Distribution And Conditioning Systems And Equipment And Components,Heating And Ventilation And Air Circulation,Air Conditioners
2585,Musical Instruments And Games And Toys And Arts And Crafts And Educational Equipment And Materials And Accessories And Supplies,Developmental And Professional Teaching Aids And Materials And Accessories And Supplies,Basic Job Skills Instructional Materials
2586,Building And Facility Construction And Maintenance Services,Specialized Trade Construction And Maintenance Services,Vinyl Floor Tile And Sheet Installation Service
2587,Building And Facility Construction And Maintenance Services,Specialized Trade Construction And Maintenance Services,Rigging Services
2588,Office Equipment And Accessories And Supplies,Office Supplies,Ink Or Stamp Pads
2589,Laboratory And Measuring And Observing And Testing Equipment,Measuring And Observing And Testing Instruments,Measuring Tapes
2590,Land And Buildings And Structures And Thoroughfares,Portable Buildings And Structures,Portable Sales Booth
2591,Office Equipment And Accessories And Supplies,Office Machines And Their Supplies And Accessories,Computer Or Office Equipment Cleaning Kit
2592,Power Generation And Distribution Machinery And Accessories,Power Sources,Hydraulic Motor
2593,Chemicals Including Bio Chemicals And Gas Materials,Colorants,Food Or Drug Or Cosmetic Safe Fdc Dyes
2594,Medical Equipment And Accessories And Supplies,Patient Care And Treatment Products And Supplies,Male External Urinary Catheter
2595,Cleaning Equipment And Supplies,Janitorial Equipment,Floor Washing Machine
2596,Office Equipment And Accessories And Supplies,Office Supplies,Catalog Or Clasp Envelopes
2597,Mining And Well Drilling Machinery And Accessories,Oil And Gas Drilling And Exploration Equipment,Wireline Swivel Joint
2598,Musical Instruments And Games And Toys And Arts And Crafts And Educational Equipment And Materials And Accessories And Supplies,Arts And Crafts Equipment And Accessories And Supplies,Glitter Jewels
2599,Apparel And Luggage And Personal Care Products,Personal Care Products,Urinary Incontinence Pad
2600,Electrical Systems And Lighting And Components And Accessories And Supplies,Electrical Equipment And Components And Supplies,Power Adapters Or Inverters
2601,Distribution And Conditioning Systems And Equipment And Components,Industrial Filtering And Purification,Housings For Filters
2602,Electrical Systems And Lighting And Components And Accessories And Supplies,Lamps And Lightbulbs And Lamp Components,High Pressure Sodium Lamp Hid
2603,Medical Equipment And Accessories And Supplies,Emergency And Field Medical Services Products,Emergency Medical Services First Aid Kits
2604,Medical Equipment And Accessories And Supplies,Dental Equipment And Supplies,Dental Laboratory Engines Or Accessories
2605,Material Handling And Conditioning And Storage Machinery And Their Accessories And Supplies,Industrial Refrigeration,Ice Flake Maker
2606,Service Industry Machinery And Equipment And Supplies,Institutional Food Services Equipment,Commercial Use Food Slicers
2607,Tools And General Machinery,Hand Tools,Router Bits
2608,Electrical Systems And Lighting And Components And Accessories And Supplies,Electrical Equipment And Components And Supplies,Electrical Fittings
2609,Electrical Systems And Lighting And Components And Accessories And Supplies,Electrical Equipment And Components And Supplies,Knife Switch
2610,Information Technology Broadcasting And Telecommunications,Computer Equipment And Accessories,Keyboard Drawers Or Shelves
2611,Distribution And Conditioning Systems And Equipment And Components,Fluid And Gas Distribution,Globe Valves
2612,Commercial And Military And Private Vehicles And Their Accessories And Components,Transportation Components And Systems,Instrument Panels
2613,Domestic Appliances And Supplies And Consumer Electronic Products,Domestic Kitchenware And Kitchen Supplies,Spice Or Salt Or Pepper Shakers
2614,Medical Equipment And Accessories And Supplies,Patient Exam And Monitoring Products,Otoscope Or Opthalmoscope Accessories
2615,Medical Equipment And Accessories And Supplies,Medical Apparel And Textiles,Surgical Isolation Suits Or Helmets Or Facemasks Or Accessories
2616,Structures And Building And Construction And Manufacturing Components And Supplies,Exterior Finishing Materials,Wood Fencing
2617,Medical Equipment And Accessories And Supplies,Medical Diagnostic Imaging And Nuclear Medicine Products,Angioplasty Balloon Catheter
2618,Medical Equipment And Accessories And Supplies,Independent Living Aids For The Physically Challenged,Hearing Aids For The Physically Challenged
2619,Live Plant And Animal Material And Accessories And Supplies,Saddlery And Harness Goods,Harnesses Or Its Accessories
2620,Musical Instruments And Games And Toys And Arts And Crafts And Educational Equipment And Materials And Accessories And Supplies,Developmental And Professional Teaching Aids And Materials And Accessories And Supplies,Middle Or Junior School Teaching Kits
2621,Defense And Law Enforcement And Security And Safety Equipment And Supplies,Personal Safety And Protection,Waterproof Jacket Or Raincoat
2622,Electrical Systems And Lighting And Components And Accessories And Supplies,Lighting Fixtures And Accessories,Emergency Light Unit
2623,Structures And Building And Construction And Manufacturing Components And Supplies,Exterior Finishing Materials,Canopy
2624,Office Equipment And Accessories And Supplies,Office Supplies,Fountain Pen Ink Refill
2625,Live Plant And Animal Material And Accessories And Supplies,Fresh Cut Blooms Of Low Species Or Variety Count Flowers,Fresh Cut Shampoo Ginger Maraca
2626,Building And Facility Construction And Maintenance Services,Building And Facility Maintenance And Repair Services,Plumbing System Maintenance Or Repair
2627,Medical Equipment And Accessories And Supplies,Medical Apparel And Textiles,Surgical Drapes
2628,Laboratory And Measuring And Observing And Testing Equipment,Laboratory And Scientific Equipment,Warming Cabinets
2629,Manufacturing Components And Supplies,Adhesives And Sealants,Instant Adhesive
2630,Electrical Systems And Lighting And Components And Accessories And Supplies,Electrical Equipment And Components And Supplies,Flow Switch
2631,Power Generation And Distribution Machinery And Accessories,Batteries And Generators And Kinetic Power Transmission,Flat Belts
2632,Medical Equipment And Accessories And Supplies,Patient Exam And Monitoring Products,Ophthalmic Lensometers
2633,Domestic Appliances And Supplies And Consumer Electronic Products,Window Treatments,Vertical Blinds
2634,Distribution And Conditioning Systems And Equipment And Components,Fluid And Gas Distribution,Welding Regulator Oxygen
2635,Distribution And Conditioning Systems And Equipment And Components,Industrial Pumps And Compressors,Vacuum Pumps
2636,Industrial Manufacturing And Processing Machinery And Accessories,Metal Cutting Machinery And Accessories,Sheet Metal Grooving Machine
2637,Structures And Building And Construction And Manufacturing Components And Supplies,Portable Structure Building Components,Framing Beam Or Rail Or Tubing
2638,Musical Instruments And Games And Toys And Arts And Crafts And Educational Equipment And Materials And Accessories And Supplies,Arts And Crafts Equipment And Accessories And Supplies,Photo Or Picture Albums Or Organizers
2639,Medical Equipment And Accessories And Supplies,Dental Equipment And Supplies,Dental Hand Pieces Or Accessories
2640,Medical Equipment And Accessories And Supplies,Medical Diagnostic Imaging And Nuclear Medicine Products,Medical Imaging Dry Laser Printers Or Imagers
2641,Public Utilities And Public Sector Related Services,Information Services,Computerized Information Retrieval Systems
2642,Distribution And Conditioning Systems And Equipment And Components,Industrial Pumps And Compressors,Solenoid Pumps
2643,Electrical Systems And Lighting And Components And Accessories And Supplies,Electrical Equipment And Components And Supplies,Terminal Block Covers
2644,Distribution And Conditioning Systems And Equipment And Components,Fluid And Gas Distribution,Float Valves
2645,Electrical Systems And Lighting And Components And Accessories And Supplies,Electrical Equipment And Components And Supplies,Timer Controls
2646,Food Beverage And Tobacco Products,Dried Vegetables,Dried Purple Hull Peas
2647,Food Beverage And Tobacco Products,Dried Vegetables,Dried French Navy Beans
2648,Food Beverage And Tobacco Products,Fresh Vegetables,Sugar And Gold Corn
2649,Medical Equipment And Accessories And Supplies,Dental Equipment And Supplies,Dental Waste Containers Or Accessories
2650,Defense And Law Enforcement And Security And Safety Equipment And Supplies,Security Surveillance And Detection,Security Bars
2651,Office Equipment And Accessories And Supplies,Office Supplies,Tab Indexes
2652,Office Equipment And Accessories And Supplies,Office Machines And Their Supplies And Accessories,Plotter Pens
2653,Furniture And Furnishings,Accommodation Furniture,Mail Sorters Or Organizers
2654,Cleaning Equipment And Supplies,Water And Wastewater Treatment Supply And Disposal,Multiple Media Filter
2655,Medical Equipment And Accessories And Supplies,Medical Facility Products,Patient Cubicle Curtains Or Screens Or Curtain Track Hardware
2656,Food Beverage And Tobacco Products,Fresh Vegetables,Red Potato Onions
2657,Food Beverage And Tobacco Products,Fresh Vegetables,Red Onions
2658,Chemicals Including Bio Chemicals And Gas Materials,Additives,Acid Buffers
2659,Cleaning Equipment And Supplies,Janitorial Equipment,Waste Container Lids
2660,Tools And General Machinery,Hand Tools,Torque Tools
2661,Defense And Law Enforcement And Security And Safety Equipment And Supplies,Personal Safety And Protection,Face Protection Kit
2662,Laboratory And Measuring And Observing And Testing Equipment,Measuring And Observing And Testing Instruments,Scanning Probe Microscopes
2663,Fuels And Fuel Additives And Lubricants And Anti Corrosive Materials,Lubricants And Oils And Greases And Anti Corrosives,Heat Transfer Oil Or Fluid
2664,Food Beverage And Tobacco Products,Fresh Vegetables,White Mushrooms
2665,Industrial Cleaning Services,Refuse Disposal And Treatment,Sludge Disposal
2666,Management And Business Professionals And Administrative Services,Management Advisory Services,Strategic Planning Consultation Services
2667,Distribution And Conditioning Systems And Equipment And Components,Heating And Ventilation And Air Circulation,Natural Gas Powered Boilers
2668,Electronic Components And Supplies,Automation Control Devices And Components And Accessories,Programmable Logic Controller Chassis I/O Subsystem
2669,Drugs And Pharmaceutical Products,Drugs Affecting The Gastrointestinal System,Magnesium Sulfate
2670,Medical Equipment And Accessories And Supplies,Patient Exam And Monitoring Products,Goniometers
2671,Medical Equipment And Accessories And Supplies,Wound Care Products,Bandage Rollers
2672,Industrial Manufacturing And Processing Machinery And Accessories,Welding And Soldering And Brazing Machinery And Accessories And Supplies,Welding Generator
2673,Defense And Law Enforcement And Security And Safety Equipment And Supplies,Law Enforcement,Riot Batons
2674,Electrical Systems And Lighting And Components And Accessories And Supplies,Electrical Equipment And Components And Supplies,Surge Suppressers
2675,Manufacturing Components And Supplies,Hardware,Seal Washers
2676,Structures And Building And Construction And Manufacturing Components And Supplies,Interior Finishing Materials,Carpeting
2677,Drugs And Pharmaceutical Products,Agents Affecting Water And Electrolytes,Dextrose
2678,Medical Equipment And Accessories And Supplies,Medical Facility Products,Medical Instrument Storage Cabinets Or Chests
2679,Tools And General Machinery,Hand Tools,Crimping Pliers
2680,Printing And Photographic And Audio And Visual Equipment And Supplies,Audio And Visual Presentation And Composing Equipment,Speaker Baffle
2681,Commercial And Military And Private Vehicles And Their Accessories And Components,Motor Vehicles,Refrigerator Truck
2682,Food Beverage And Tobacco Products,Dried Vegetables,Dried Yellow Storage Onions
2683,Tools And General Machinery,Hand Tools,Locking Pliers
2684,Tools And General Machinery,Hand Tools,Concrete Saw
2685,Laboratory And Measuring And Observing And Testing Equipment,Measuring And Observing And Testing Instruments,Sonars
2686,Medical Equipment And Accessories And Supplies,Patient Care And Treatment Products And Supplies,Full Body Restraints
2687,Musical Instruments And Games And Toys And Arts And Crafts And Educational Equipment And Materials And Accessories And Supplies,Developmental And Professional Teaching Aids And Materials And Accessories And Supplies,Reading Activity Books
2688,Medical Equipment And Accessories And Supplies,Patient Exam And Monitoring Products,Pulse Oximeter Probes Or Sensors
2689,Medical Equipment And Accessories And Supplies,Patient Exam And Monitoring Products,Medical Exam Scope Specula Tips Or Specula Tip Dispensers
2690,Tools And General Machinery,Hand Tools,Wire Brushes
2691,Industrial Manufacturing And Processing Machinery And Accessories,Industrial Process Machinery And Equipment And Supplies,Assembly Systems For Chassis Vehicle Operation Vo
2692,Material Handling And Conditioning And Storage Machinery And Their Accessories And Supplies,Containers And Storage,Metallic Baskets
2693,Building And Facility Construction And Maintenance Services,Nonresidential Building Construction Services,Food Product Manufacturing Or Packing Plant Construction And Remodeling Service
2694,Food Beverage And Tobacco Products,Organic Fresh Fruits,Organic Red Chief Apples
2695,National Defense And Public Order And Security And Safety Services,Public Order And Safety,Crime Deterrence Programs
2696,Manufacturing Components And Supplies,Refractories,Insulation Boards
2697,Cleaning Equipment And Supplies,Industrial Laundry And Dry Cleaning Equipment,Laundry Type Washing Machines
2698,Mining And Well Drilling Machinery And Accessories,Mining And Quarrying Machinery And Equipment,Elevating Platform Vehicles Or Scissor Lifts
2699,Tools And General Machinery,Hand Tools,Pry Bars
2700,Medical Equipment And Accessories And Supplies,Patient Exam And Monitoring Products,Medical Exam Headlights Or Headlamps Or Accessories
2701,Distribution And Conditioning Systems And Equipment And Components,Pipe Piping And Pipe Fittings,Pvc Plastic Pipe Elbow
2702,Laboratory And Measuring And Observing And Testing Equipment,Measuring And Observing And Testing Instruments,Conveyor Weighting Scale
2703,Industrial Manufacturing And Processing Machinery And Accessories,Industrial Food And Beverage Equipment,Filling Machinery
2704,Medical Equipment And Accessories And Supplies,Medical Facility Products,Medicine Trays Or Covers
2705,Industrial Manufacturing And Processing Machinery And Accessories,Welding And Soldering And Brazing Machinery And Accessories And Supplies,Welding Or Soldering Kit
2706,Tools And General Machinery,Hand Tools,Adjustable Wrenches
2707,Tools And General Machinery,Hand Tools,Punches Or Nail Sets Or Drifts
2708,Tools And General Machinery,Hand Tools,Slip Joint Pliers
2709,Furniture And Furnishings,Accommodation Furniture,Car Seats
2710,Material Handling And Conditioning And Storage Machinery And Their Accessories And Supplies,Containers And Storage,Reservoirs
2711,Editorial And Design And Graphic And Fine Art Services,Advertising,Trade Or Service Directory Or Yellow Page Advertising
2712,Musical Instruments And Games And Toys And Arts And Crafts And Educational Equipment And Materials And Accessories And Supplies,Musical Instruments And Parts And Accessories,Musical Instrument Pouches Or Cases Or Accessories
2713,Medical Equipment And Accessories And Supplies,Orthopedic And Prosthetic And Sports Medicine Products,Cast Or Splint Protectors
2714,Paper Materials And Products,Paper Products,Paper Table Cloth
2715,Distribution And Conditioning Systems And Equipment And Components,Pipe Piping And Pipe Fittings,Malleable Iron Pipe Cross
2716,Food Beverage And Tobacco Products,Dried Vegetables,Dried Blackeyed Beans
2717,Electrical Systems And Lighting And Components And Accessories And Supplies,Electrical Equipment And Components And Supplies,Printed Circuit Board Pcb Press Fit Header Connector
2718,Electrical Systems And Lighting And Components And Accessories And Supplies,Electrical Equipment And Components And Supplies,Control Power Transformer
2719,Distribution And Conditioning Systems And Equipment And Components,Heating And Ventilation And Air Circulation,Circulation Heaters
2720,Cleaning Equipment And Supplies,Janitorial Equipment,Floor Scrubbers
2721,Industrial Manufacturing And Processing Machinery And Accessories,Industrial Process Machinery And Equipment And Supplies,Tape Guide
2722,Live Plant And Animal Material And Accessories And Supplies,Fertilizers And Plant Nutrients And Herbicides,Sulphuric Fertilizer
2723,Information Technology Broadcasting And Telecommunications,Software,Communications Server Software
2724,Information Technology Broadcasting And Telecommunications,Software,Compact Disc Cd Or Dvd Or Sound Card Software
2725,Information Technology Broadcasting And Telecommunications,Software,Tax Preparation Software
2726,Medical Equipment And Accessories And Supplies,Intravenous And Arterial Administration Products,Blood Warming Or Transfusion Systems
2727,Medical Equipment And Accessories And Supplies,Respiratory And Anesthesia And Resuscitation Products,Oxygen Concentrator Filters
2728,Structures And Building And Construction And Manufacturing Components And Supplies,Doors And Windows And Glass,Door Closers
2729,Fuels And Fuel Additives And Lubricants And Anti Corrosive Materials,Fuels,Diesel Fuel Off Road
2730,Industrial Manufacturing And Processing Machinery And Accessories,Electronic Manufacturing Machinery And Equipment And Accessories,Chip Placers
2731,Defense And Law Enforcement And Security And Safety Equipment And Supplies,Fire Protection,Fire Resistant Coatings Or Putties Or Sealants
2732,Medical Equipment And Accessories And Supplies,Orthopedic And Prosthetic And Sports Medicine Products,Knee Immobilizers Or Arthroscopic Wraps
2733,Medical Equipment And Accessories And Supplies,Intravenous And Arterial Administration Products,Multichannel Intravenous Infusion Pumps
2734,Medical Equipment And Accessories And Supplies,Patient Care And Treatment Products And Supplies,Extremity Restraints
2735,Paper Materials And Products,Paper Products,Tickets Or Ticket Rolls
2736,Information Technology Broadcasting And Telecommunications,Components For Information Technology Or Broadcasting Or Telecommunications,Flash Memory Storage Card
2737,Industrial Manufacturing And Processing Machinery And Accessories,Metal Cutting Machinery And Accessories,Key Seating Machine
2738,Cleaning Equipment And Supplies,Cleaning And Janitorial Supplies,Scouring Pads
2739,Power Generation And Distribution Machinery And Accessories,Electrical Wire And Cable And Harness,Control Cable
2740,Cleaning Equipment And Supplies,Cleaning And Janitorial Supplies,Cleaner Dispenser
2741,Industrial Manufacturing And Processing Machinery And Accessories,Metal Forming Machinery And Accessories,Metal Folding Machine
2742,Musical Instruments And Games And Toys And Arts And Crafts And Educational Equipment And Materials And Accessories And Supplies,Arts And Crafts Equipment And Accessories And Supplies,Paper Filters
2743,National Defense And Public Order And Security And Safety Services,Public Order And Safety,Youth Camps Or Facilities Services
2744,Information Technology Broadcasting And Telecommunications,Computer Equipment And Accessories,Computer Or Notebook Stands
2745,Live Plant And Animal Material And Accessories And Supplies,Live Animals,Live Salmon
2746,Building And Facility Construction And Maintenance Services,Specialized Trade Construction And Maintenance Services,Hvac Ventilation And Duct Work Construction Service
2747,Manufacturing Components And Supplies,Pneumatic And Hydraulic And Electric Control Systems,Pneumatic Actuators
2748,Defense And Law Enforcement And Security And Safety Equipment And Supplies,Security Surveillance And Detection,Lock Housing
2749,Food Beverage And Tobacco Products,Canned Or Jarred Fruit,Canned Or Jarred Seedless Sugar Apple
2750,Laboratory And Measuring And Observing And Testing Equipment,Measuring And Observing And Testing Instruments,Multi Gas Monitors
2751,Service Industry Machinery And Equipment And Supplies,Institutional Food Services Equipment,Ice Dispensers
2752,Printing And Photographic And Audio And Visual Equipment And Supplies,Audio And Visual Presentation And Composing Equipment,Overhead Projector Or Video Trolleys
2753,Medical Equipment And Accessories And Supplies,Respiratory And Anesthesia And Resuscitation Products,Endotracheal Or Tracheotomy Sets
2754,Musical Instruments And Games And Toys And Arts And Crafts And Educational Equipment And Materials And Accessories And Supplies,Developmental And Professional Teaching Aids And Materials And Accessories And Supplies,Government Activity Or Resource Books
2755,Medical Equipment And Accessories And Supplies,Patient Care And Treatment Products And Supplies,Medical Suction Cannulas Or Tubes Or Accessories
2756,Power Generation And Distribution Machinery And Accessories,Batteries And Generators And Kinetic Power Transmission,Auto Battery Charger Unit
2757,Live Plant And Animal Material And Accessories And Supplies,Animal Containment And Habitats,Cages Or Its Accessories
2758,Food Beverage And Tobacco Products,Seasonings And Preservatives,Soy Sauce
2759,Manufacturing Components And Supplies,Adhesives And Sealants,Foam Sealant
2760,Musical Instruments And Games And Toys And Arts And Crafts And Educational Equipment And Materials And Accessories And Supplies,Arts And Crafts Equipment And Accessories And Supplies,Magnetic Mounts For Frames
2761,Musical Instruments And Games And Toys And Arts And Crafts And Educational Equipment And Materials And Accessories And Supplies,Arts And Crafts Equipment And Accessories And Supplies,Preassembled Wood Picture Frames
2762,Musical Instruments And Games And Toys And Arts And Crafts And Educational Equipment And Materials And Accessories And Supplies,Arts And Crafts Equipment And Accessories And Supplies,Frame Kits
2763,Medical Equipment And Accessories And Supplies,Wound Care Products,Absorbable Gelatin Sponges
2764,Food Beverage And Tobacco Products,Canned Or Jarred Vegetables,Canned Or Jarred Verona Endives
2765,Sports And Recreational Equipment And Supplies And Accessories,Fitness Equipment,Wall Bars
2766,Medical Equipment And Accessories And Supplies,Patient Exam And Monitoring Products,Ophthalmic Visual Field Plotters
2767,Manufacturing Components And Supplies,Paints And Primers And Finishes,Ready Mixed Paint
2768,Furniture And Furnishings,Accommodation Furniture,Mobile Files
2769,Medical Equipment And Accessories And Supplies,Dental Equipment And Supplies,Dental Mixing Slabs
2770,Cleaning Equipment And Supplies,Water And Wastewater Treatment Supply And Disposal,Packaged Water Treatment Systems
2771,Medical Equipment And Accessories And Supplies,Respiratory And Anesthesia And Resuscitation Products,Oxygen Therapy Delivery System Products Accessories Or Its Supplies
2772,Laboratory And Measuring And Observing And Testing Equipment,Laboratory Supplies And Fixtures,Laboratory Timers Or Watches
2773,Drugs And Pharmaceutical Products,Autonomic Nervous System Drugs,Albuterol
2774,Information Technology Broadcasting And Telecommunications,Data Voice Or Multimedia Network Equipment Or Platforms And Accessories,Video Networking Equipment
2775,Furniture And Furnishings,Accommodation Furniture,Sofas
2776,Distribution And Conditioning Systems And Equipment And Components,Pipe Piping And Pipe Fittings,Stainless Steel Pipe Elbow
2777,Material Handling And Conditioning And Storage Machinery And Their Accessories And Supplies,Containers And Storage,Metallic Bins
2778,Mining And Well Drilling Machinery And Accessories,Oil And Gas Drilling And Exploration Equipment,Slickline Hole Punchers
2779,Medical Equipment And Accessories And Supplies,Intravenous And Arterial Administration Products,Intravenous Or Arterial Tubing Administration Sets
2780,Electrical Systems And Lighting And Components And Accessories And Supplies,Electrical Wire Management Devices And Accessories And Supplies,Electrical Conduit Coupling
2781,Food Beverage And Tobacco Products,Canned Or Jarred Fruit,Canned Or Jarred Delicious Apples
2782,Food Beverage And Tobacco Products,Bread And Bakery Products,Frozen Savory Biscuit Dough
2783,Industrial Production And Manufacturing Services,Machinery And Transport Equipment Manufacture,Power Plant Boilers Manufacture Services
2784,Food Beverage And Tobacco Products,Organic Fresh Vegetables,Organic Pearl Onions
2785,Sports And Recreational Equipment And Supplies And Accessories,Target And Table Games And Equipment,Throwing Targets
2786,Apparel And Luggage And Personal Care Products,Clothing,Police Uniforms
2787,Industrial Cleaning Services,Cleaning And Janitorial Services,Window Or Window Blind Cleaning Services
2788,Mineral And Textile And Inedible Plant And Animal Materials,Fabrics And Leather Materials,Knit Cotton Fabrics
2789,Industrial Manufacturing And Processing Machinery And Accessories,Metal Cutting Machinery And Accessories,Bench Grinder
2790,Information Technology Broadcasting And Telecommunications,Computer Equipment And Accessories,Computer Accessory Kits
2791,Office Equipment And Accessories And Supplies,Office Machines And Their Supplies And Accessories,Equipment Dust Covers
2792,Structures And Building And Construction And Manufacturing Components And Supplies,Plumbing Fixtures,Restroom Partitions
2793,Travel And Food And Lodging And Entertainment Services,Restaurants And Catering,Professionally Prepared Carryout Meals
2794,Industrial Manufacturing And Processing Machinery And Accessories,Industrial Machine Tools,Indexable Insert Drill
2795,Laboratory And Measuring And Observing And Testing Equipment,Measuring And Observing And Testing Instruments,Pressure Regulator
2796,Distribution And Conditioning Systems And Equipment And Components,Industrial Filtering And Purification,Dust Collectors
2797,Industrial Manufacturing And Processing Machinery And Accessories,Industrial Food And Beverage Equipment,Washing Machinery
2798,Medical Equipment And Accessories And Supplies,Surgical Products,Surgical Obturators
2799,Industrial Manufacturing And Processing Machinery And Accessories,Industrial Process Machinery And Equipment And Supplies,Removal Jig
2800,Chemicals Including Bio Chemicals And Gas Materials,Elements And Gases,Helium Gas He
2801,Building And Construction Machinery And Accessories,Heavy Construction Machinery And Equipment,Hydraulic Breaker Chisel
2802,Electrical Systems And Lighting And Components And Accessories And Supplies,Electrical Equipment And Components And Supplies,Push Button Switch
2803,Electronic Components And Supplies,Passive Discrete Components,Rectifiers
2804,Healthcare Services,Medical Practice,Bacteriological Laboratory Services
2805,Power Generation And Distribution Machinery And Accessories,Batteries And Generators And Kinetic Power Transmission,Battery Discharger
2806,Domestic Appliances And Supplies And Consumer Electronic Products,Floor Coverings,Bath Mats
2807,Industrial Manufacturing And Processing Machinery And Accessories,Industrial Process Machinery And Equipment And Supplies,Optical Vacuum Coating Equipment
2808,Structures And Building And Construction And Manufacturing Components And Supplies,Concrete And Cement And Plaster,Construction Expansion Joint
2809,Food Beverage And Tobacco Products,Fresh Fruits,Cary Mac Peaches
2810,Building And Construction Machinery And Accessories,Heavy Construction Machinery And Equipment,Asphalt Finishers
2811,Material Handling And Conditioning And Storage Machinery And Their Accessories And Supplies,Packing Supplies,Spool
2812,Food Beverage And Tobacco Products,Fresh Vegetables,Bok Choy
2813,Medical Equipment And Accessories And Supplies,Medical Diagnostic Imaging And Nuclear Medicine Products,Medical Toners Or Developers
2814,Defense And Law Enforcement And Security And Safety Equipment And Supplies,Law Enforcement,Barriers
2815,Furniture And Furnishings,Accommodation Furniture,Bedframes Or Parts Or Accessories
2816,Musical Instruments And Games And Toys And Arts And Crafts And Educational Equipment And Materials And Accessories And Supplies,Toys And Games,Housekeeping Units Or Accessories
2817,Manufacturing Components And Supplies,Industrial Optics,Suction Filter
2818,Manufacturing Components And Supplies,Hardware,Metallic Couplings
2819,Food Beverage And Tobacco Products,Canned Or Jarred Fruit,Canned Or Jarred Majestic Peaches
2820,Food Beverage And Tobacco Products,Prepared And Preserved Foods,Fresh Prepared Soups Or Stews
2821,Laboratory And Measuring And Observing And Testing Equipment,Measuring And Observing And Testing Instruments,Line Voltage Detector
2822,Manufacturing Components And Supplies,Bearings And Bushings And Wheels And Gears,Chain Wheel
2823,Live Plant And Animal Material And Accessories And Supplies,Seeds And Bulbs And Seedlings And Cuttings,Potato Seeds Or Seedlings
2824,Fuels And Fuel Additives And Lubricants And Anti Corrosive Materials,Fuels,Marine Fuel
2825,Structures And Building And Construction And Manufacturing Components And Supplies,Plumbing Fixtures,Soap Dish
2826,Domestic Appliances And Supplies And Consumer Electronic Products,Domestic Kitchenware And Kitchen Supplies,Domestic Mist Or Trigger Sprayers
2827,Domestic Appliances And Supplies And Consumer Electronic Products,Domestic Kitchenware And Kitchen Supplies,Domestic Oven Cleaner
2828,Tools And General Machinery,Hand Tools,Nozzle Cleaner
2829,Cleaning Equipment And Supplies,Water And Wastewater Treatment Supply And Disposal,Sludge Or Sewage Removal Equipment
2830,Distribution And Conditioning Systems And Equipment And Components,Fluid And Gas Distribution,Hose Assembly
2831,Distribution And Conditioning Systems And Equipment And Components,Fluid And Gas Distribution,Hose Fitting
2832,Distribution And Conditioning Systems And Equipment And Components,Pipe Piping And Pipe Fittings,Stainless Steel Pipe Adapter
2833,Medical Equipment And Accessories And Supplies,Medical Apparel And Textiles,Patient Trousers
2834,Mining And Well Drilling Machinery And Accessories,Oil And Gas Drilling And Exploration Equipment,Multilateral Packer Parts And Accessories
2835,Office Equipment And Accessories And Supplies,Office Supplies,Highlighters
2836,Medical Equipment And Accessories And Supplies,Medical Apparel And Textiles,Medical Staff Coveralls
2837,Electrical Systems And Lighting And Components And Accessories And Supplies,Electrical Equipment And Components And Supplies,Printed Circuit Board Relay
2838,Power Generation And Distribution Machinery And Accessories,Electrical Wire And Cable And Harness,Network Cable
2839,Laboratory And Measuring And Observing And Testing Equipment,Laboratory Supplies And Fixtures,Drying Racks
2840,Industrial Manufacturing And Processing Machinery And Accessories,Metal Cutting Machinery And Accessories,Wire Or Cable Cutter
2841,Mineral And Textile And Inedible Plant And Animal Materials,Fibers And Threads And Yarns,Wool Yarn
2842,Live Plant And Animal Material And Accessories And Supplies,Animal Feed,Treats Or Snacks For Cats Or Dogs
2843,Engineering And Research And Technology Based Services,Computer Services,Operating System Software Maintenance
2844,Laboratory And Measuring And Observing And Testing Equipment,Laboratory And Scientific Equipment,Syringe Filters
2845,Industrial Manufacturing And Processing Machinery And Accessories,Metal Cutting Machinery And Accessories,Metal Cutting Circular Saw Blade
2846,Medical Equipment And Accessories And Supplies,Dental Equipment And Supplies,Extraoral Maxillofacial Prosthesis Elastomers
2847,Building And Facility Construction And Maintenance Services,Specialized Trade Construction And Maintenance Services,Motor Installation And Maintenance Service
2848,Distribution And Conditioning Systems And Equipment And Components,Fluid And Gas Distribution,Valve Stem
2849,Musical Instruments And Games And Toys And Arts And Crafts And Educational Equipment And Materials And Accessories And Supplies,Arts And Crafts Equipment And Accessories And Supplies,Decorative Dried Fruit
2850,Medical Equipment And Accessories And Supplies,Dental Equipment And Supplies,Dental Stools
2851,Medical Equipment And Accessories And Supplies,Orthopedic And Prosthetic And Sports Medicine Products,Cervical Collars Or Neck Braces
2852,Medical Equipment And Accessories And Supplies,Intravenous And Arterial Administration Products,Needle Resheathers
2853,Apparel And Luggage And Personal Care Products,Personal Care Products,Mouthwash
2854,Medical Equipment And Accessories And Supplies,Dental Equipment And Supplies,Dental Cavities Lining Or Thinner Materials Or Sets
2855,Drugs And Pharmaceutical Products,Anti Infective Drugs,Ribavirin
2856,Farming And Fishing And Forestry And Wildlife Machinery And Accessories,Agricultural And Forestry And Landscape Machinery And Equipment,Lumbering Equipment
2857,Medical Equipment And Accessories And Supplies,Medical Facility Products,Blanket Or Solution Warmer Cabinets
2858,Musical Instruments And Games And Toys And Arts And Crafts And Educational Equipment And Materials And Accessories And Supplies,Toys And Games,Playing Cards
2859,Distribution And Conditioning Systems And Equipment And Components,Industrial Pumps And Compressors,Irrigation Pumps
2860,Medical Equipment And Accessories And Supplies,Dental Equipment And Supplies,Dental Scales
2861,Medical Equipment And Accessories And Supplies,Orthopedic And Prosthetic And Sports Medicine Products,Hernia Truss
2862,Power Generation And Distribution Machinery And Accessories,Batteries And Generators And Kinetic Power Transmission,V Belts
2863,Industrial Cleaning Services,Decontamination Services,Rest Room Cleaning Services
2864,Apparel And Luggage And Personal Care Products,Clothing,Boys Slacks Or Trousers Or Shorts
2865,Printing And Photographic And Audio And Visual Equipment And Supplies,Audio And Visual Presentation And Composing Equipment,Video Projectors
2866,Apparel And Luggage And Personal Care Products,Clothing,Mens Overalls Or Coveralls
2867,Food Beverage And Tobacco Products,Fresh Vegetables,Mesculin Mix Lettuce
2868,Defense And Law Enforcement And Security And Safety Equipment And Supplies,Fire Protection,Smoke Detectors
2869,Medical Equipment And Accessories And Supplies,Surgical Products,Surgical Instrument Connecting Tubes Or Accessories
2870,Food Beverage And Tobacco Products,Cereal And Pulse Products,Potato Flour
2871,Farming And Fishing And Forestry And Wildlife Machinery And Accessories,Agricultural And Forestry And Landscape Machinery And Equipment,Water Sprinklers
2872,Information Technology Broadcasting And Telecommunications,Software,Administration Software
2873,Structures And Building And Construction And Manufacturing Components And Supplies,Structural Components And Basic Shapes,Steel Angles
2874,Live Plant And Animal Material And Accessories And Supplies,Pest Control Products,Fly Swatters
2875,Medical Equipment And Accessories And Supplies,Wound Care Products,Packing Strips For Wound Care
2876,Tools And General Machinery,Hand Tools,Demolition Hammers
2877,Laboratory And Measuring And Observing And Testing Equipment,Measuring And Observing And Testing Instruments,Dissolved Oxygen Meters
2878,Office Equipment And Accessories And Supplies,Office Supplies,Folder Kit
2879,Defense And Law Enforcement And Security And Safety Equipment And Supplies,Security Surveillance And Detection,Sirens
2880,Medical Equipment And Accessories And Supplies,Dental Equipment And Supplies,Cosmetic Dentistry Curing Lights Or Accessories
2881,Building And Facility Construction And Maintenance Services,Heavy Construction Services,Detention Facility Construction Service
2882,Structures And Building And Construction And Manufacturing Components And Supplies,Interior Finishing Materials,Gypsum Board
2883,Mining And Well Drilling Machinery And Accessories,Oil And Gas Drilling And Exploration Equipment,Roller Cone Button Insert Drill Bits
2884,Food Beverage And Tobacco Products,Canned Or Jarred Fruit,Canned Or Jarred Early Pears
2885,Laboratory And Measuring And Observing And Testing Equipment,Measuring And Observing And Testing Instruments,Transit
2886,Defense And Law Enforcement And Security And Safety Equipment And Supplies,Law Enforcement,Handcuffs
2887,Material Handling And Conditioning And Storage Machinery And Their Accessories And Supplies,Containers And Storage,Intermediate Bulk Containers
2888,Manufacturing Components And Supplies,Bearings And Bushings And Wheels And Gears,Bearing Pads
2889,Tools And General Machinery,Hand Tools,Garden Broom
2890,Tools And General Machinery,Hand Tools,Burnisher
2891,Industrial Production And Manufacturing Services,Machinery And Transport Equipment Manufacture,Fishing Ship Or Boat Building Services
2892,Commercial And Military And Private Vehicles And Their Accessories And Components,Transportation Components And Systems,Helm Or Boat Seating
2893,Electrical Systems And Lighting And Components And Accessories And Supplies,Lighting Fixtures And Accessories,Marine Location Fixture
2894,Commercial And Military And Private Vehicles And Their Accessories And Components,Marine Transport,Marine Steering Gear
2895,Distribution And Conditioning Systems And Equipment And Components,Heating And Ventilation And Air Circulation,Ventilation Curtain
2896,Commercial And Military And Private Vehicles And Their Accessories And Components,Marine Transport,Marine Propellers
2897,Commercial And Military And Private Vehicles And Their Accessories And Components,Vehicle Bodies And Trailers,Boat Trailer
2898,Commercial And Military And Private Vehicles And Their Accessories And Components,Transportation Components And Systems,Marine Windshield Wipers
2899,Sports And Recreational Equipment And Supplies And Accessories,Collectibles And Awards,Memorial Tablet
2900,Commercial And Military And Private Vehicles And Their Accessories And Components,Transportation Services Equipment,Valve Refacer
2901,Industrial Manufacturing And Processing Machinery And Accessories,Metal Cutting Machinery And Accessories,Form Tools Or Toolbits
2902,Structures And Building And Construction And Manufacturing Components And Supplies,Construction And Maintenance Support Equipment,Roof Ladder
2903,Commercial And Military And Private Vehicles And Their Accessories And Components,Motor Vehicles,Busses
2904,Electronic Components And Supplies,Printed Circuits And Integrated Circuits And Microassemblies,Flash Memory
2905,Power Generation And Distribution Machinery And Accessories,Power Sources,Spark Plugs
2906,Material Handling And Conditioning And Storage Machinery And Their Accessories And Supplies,Packaging Materials,Plastic Cans
2907,Industrial Production And Manufacturing Services,Manufacturing Support Services,Valve Or Valve Part Testing Maintenance Or Repair Service
2908,Electrical Systems And Lighting And Components And Accessories And Supplies,Lighting Fixtures And Accessories,Lighting Retrofit Kit
2909,Power Generation And Distribution Machinery And Accessories,Electrical Wire And Cable And Harness,Ribbon Or Flat Cable
2910,Cleaning Equipment And Supplies,Cleaning And Janitorial Supplies,Broom Or Mop Handles
2911,Electrical Systems And Lighting And Components And Accessories And Supplies,Lighting Fixtures And Accessories,Floor Lamp Fixture
2912,Transportation And Storage And Mail Services,Transportation Repair Or Maintenance Services,Transportation Storage Service
2913,Industrial Manufacturing And Processing Machinery And Accessories,Industrial Process Machinery And Equipment And Supplies,Filter Cartridge Adapter
2914,Defense And Law Enforcement And Security And Safety Equipment And Supplies,Fire Protection,Fire Sprinkler Heads
2915,Cleaning Equipment And Supplies,Cleaning And Janitorial Supplies,Sponges
2916,Structures And Building And Construction And Manufacturing Components And Supplies,Doors And Windows And Glass,Beveled Glass
2917,Manufacturing Components And Supplies,Adhesives And Sealants,Film Adhesives
2918,Food Beverage And Tobacco Products,Dried Fruit,Dried Freedom Plums
2919,Furniture And Furnishings,Classroom And Instructional And Institutional Furniture And Fixtures,Relic Preservation Storage Cabinet
2920,Musical Instruments And Games And Toys And Arts And Crafts And Educational Equipment And Materials And Accessories And Supplies,Developmental And Professional Teaching Aids And Materials And Accessories And Supplies,Laboratory Manuals
2921,Medical Equipment And Accessories And Supplies,Clinical Nutrition,Pediatric Supplemental Formulas
2922,Drugs And Pharmaceutical Products,Drugs Affecting The Gastrointestinal System,Dehydrocholic Acid
2923,Chemicals Including Bio Chemicals And Gas Materials,Additives,Other Buffers
2924,Medical Equipment And Accessories And Supplies,Patient Exam And Monitoring Products,Electrocardiography Ekg Unit Analyzers
2925,Apparel And Luggage And Personal Care Products,Footwear,Mens Athletic Footwear
2926,Building And Facility Construction And Maintenance Services,Heavy Construction Services,Sewer Line Construction Service
2927,Electrical Systems And Lighting And Components And Accessories And Supplies,Electrical Equipment And Components And Supplies,Electrical Junction Box
2928,Medical Equipment And Accessories And Supplies,Patient Care And Treatment Products And Supplies,Syringe Accessories
2929,Furniture And Furnishings,Classroom And Instructional And Institutional Furniture And Fixtures,Hang Up Bag Racks Or Bags
2930,Material Handling And Conditioning And Storage Machinery And Their Accessories And Supplies,Containers And Storage,Liquified Gas Tank Or Cylinder
2931,Power Generation And Distribution Machinery And Accessories,Atomic And Nuclear Energy Machinery And Equipment,Door Interlocking Systems
2932,Building And Facility Construction And Maintenance Services,Specialized Trade Construction And Maintenance Services,Window And Door And Screening Installation And Repair Service
2933,Medical Equipment And Accessories And Supplies,Surgical Products,Endoscopic Catheter Adapters
2934,Mining And Well Drilling Machinery And Accessories,Oil And Gas Drilling And Exploration Equipment,Wellbore Hole Reamer Parts And Accessories
2935,Medical Equipment And Accessories And Supplies,Dental Equipment And Supplies,Dental Bite Blocks Or Wings Or Tabs
2936,Medical Equipment And Accessories And Supplies,Patient Care And Treatment Products And Supplies,Colon Catheter Or Rectal Tube
2937,Editorial And Design And Graphic And Fine Art Services,Advertising,Advertising Campaign Services
2938,Industrial Cleaning Services,Cleaning And Janitorial Services,Floor Waxing Or Carpet Cleaning
2939,Chemicals Including Bio Chemicals And Gas Materials,Explosive Materials,Explosive Cartridges
2940,Distribution And Conditioning Systems And Equipment And Components,Heating And Ventilation And Air Circulation,Air Diffusers
2941,Industrial Production And Manufacturing Services,Metal And Mineral Industries,Glass Or Glass Products Manufacturing Services
2942,Laboratory And Measuring And Observing And Testing Equipment,Laboratory And Scientific Equipment,Water Purification Reagents
2943,Building And Facility Construction And Maintenance Services,Building And Facility Maintenance And Repair Services,Rodent Control
2944,Published Products,Signage And Accessories,Identification Cards Or Bands Or Similar Products
2945,Editorial And Design And Graphic And Fine Art Services,Advertising,Billboard Advertising
2946,Food Beverage And Tobacco Products,Canned Or Jarred Organic Vegetables,Canned Or Jarred Organic Yuca
2947,Medical Equipment And Accessories And Supplies,Postmortem And Mortuary Equipment And Supplies,Autopsy Head Rests
2948,Industrial Production And Manufacturing Services,Food And Beverage Industries,Butter Or Cream Processing Services
2949,Industrial Manufacturing And Processing Machinery And Accessories,Industrial Process Machinery And Equipment And Supplies,Paint Booth Repair
2950,Tools And General Machinery,Hand Tools,Offset Socket Wrenches
2951,Commercial And Military And Private Vehicles And Their Accessories And Components,Motor Vehicles,Van Trucks
2952,Management And Business Professionals And Administrative Services,Human Resources Services,Compensation Or Benefits Planning
2953,Medical Equipment And Accessories And Supplies,Medical Sterilization Products,Sterilization Tubing
2954,Distribution And Conditioning Systems And Equipment And Components,Pipe Piping And Pipe Fittings,Stainless Steel Pipe Nipple
2955,Distribution And Conditioning Systems And Equipment And Components,Pipe Piping And Pipe Fittings,Stainless Steel Pipe Bushing
2956,Food Beverage And Tobacco Products,Canned Or Jarred Vegetables,Canned Or Jarred Hausa/Kersting'S Ground Nut Peanuts
2957,Domestic Appliances And Supplies And Consumer Electronic Products,Bedclothes And Table And Kitchen Linen And Towels,Domestic Oven Mits Or Pot Holders
2958,Information Technology Broadcasting And Telecommunications,Data Voice Or Multimedia Network Equipment Or Platforms And Accessories,Telecommunication Tower Or Support
2959,Cleaning Equipment And Supplies,Janitorial Equipment,Squeege Or Washer Accessories
2960,Manufacturing Components And Supplies,Paints And Primers And Finishes,Paint Rollers
2961,Domestic Appliances And Supplies And Consumer Electronic Products,Domestic Kitchenware And Kitchen Supplies,Domestic Kitchen Or Food Thermometers
2962,Power Generation And Distribution Machinery And Accessories,Batteries And Generators And Kinetic Power Transmission,Thermal Batteries
2963,Electrical Systems And Lighting And Components And Accessories And Supplies,Electrical Equipment And Components And Supplies,Buck Boost Transformer
2964,Published Products,Electronic Reference Material,Music On Tape Or Compact Disc
2965,Politics And Civic Affairs Services,Community And Social Services,Birth Statistics Services
2966,Information Technology Broadcasting And Telecommunications,Software,Data Mining Software
2967,Electronic Components And Supplies,Automation Control Devices And Components And Accessories,Programmable Logic Controller Module
2968,Apparel And Luggage And Personal Care Products,Clothing,Underpants
2969,Commercial And Military And Private Vehicles And Their Accessories And Components,Marine Transport,Mast Boot
2970,Drugs And Pharmaceutical Products,Central Nervous System Drugs,Lidocaine Hydrochloride
2971,Service Industry Machinery And Equipment And Supplies,Institutional Food Services Equipment,Bottled Water Dispensers Or Accessories
2972,Defense And Law Enforcement And Security And Safety Equipment And Supplies,Law Enforcement,Fingerprint Or Palmprint Ink Rollers
2973,Distribution And Conditioning Systems And Equipment And Components,Pipe Piping And Pipe Fittings,Commercial Welded Stainless Steel Pipe
2974,Laboratory And Measuring And Observing And Testing Equipment,Measuring And Observing And Testing Instruments,Proximity Sensors
2975,Commercial And Military And Private Vehicles And Their Accessories And Components,Motor Vehicles,Waste Collection Vehicle Or Garbage Truck
2976,Food Beverage And Tobacco Products,Frozen Organic Vegetables,Frozen Organic Siberia Tomato Tomatoes
2977,Medical Equipment And Accessories And Supplies,Dental Equipment And Supplies,Dental Measuring Cups
2978,Medical Equipment And Accessories And Supplies,Patient Care And Treatment Products And Supplies,Enema Bags
2979,Distribution And Conditioning Systems And Equipment And Components,Fluid And Gas Distribution,Diaphragms
2980,Mining And Well Drilling Machinery And Accessories,Oil And Gas Drilling And Exploration Equipment,Acidizing Flow Meters
2981,Office Equipment And Accessories And Supplies,Office And Desk Accessories,Desk Drawer Organizers
2982,Electronic Components And Supplies,Electronic Hardware And Component Parts And Accessories,Integrated Circuit Lids
2983,Medical Equipment And Accessories And Supplies,Medical Facility Products,Clinical Trapeze Bars
2984,Mining And Oil And Gas Services,Oil And Gas Exploration Services,2D / 3D/ 4D Seismic Data Interpretation
2985,Building And Construction Machinery And Accessories,Heavy Construction Machinery And Equipment,Shoring Equipment
2986,Defense And Law Enforcement And Security And Safety Equipment And Supplies,Fire Protection,Backpack Water Pump
2987,Mining And Well Drilling Machinery And Accessories,Oil And Gas Operating And Production Equipment,Downhole Jet Pump Parts And Accessories
2988,Food Beverage And Tobacco Products,Frozen Organic Vegetables,Frozen Organic Green Beans
2989,Fuels And Fuel Additives And Lubricants And Anti Corrosive Materials,Lubricants And Oils And Greases And Anti Corrosives,Grease
2990,Editorial And Design And Graphic And Fine Art Services,Advertising,Radio Advertising
2991,Structures And Building And Construction And Manufacturing Components And Supplies,Structural Components And Basic Shapes,Stainless Steel Beams
2992,Commercial And Military And Private Vehicles And Their Accessories And Components,Transportation Components And Systems,Cooling Water Hose Assembly
2993,Tools And General Machinery,Hydraulic Machinery And Equipment,Crimp Connectors
2994,Structures And Building And Construction And Manufacturing Components And Supplies,Plumbing Fixtures,Showers
2995,Structures And Building And Construction And Manufacturing Components And Supplies,Plumbing Fixtures,Hand Held Shower Unit
2996,Cleaning Equipment And Supplies,Water And Wastewater Treatment Supply And Disposal,Septic Tanks
2997,Cleaning Equipment And Supplies,Water And Wastewater Treatment Supply And Disposal,Bacterial Removal Chemicals
2998,Musical Instruments And Games And Toys And Arts And Crafts And Educational Equipment And Materials And Accessories And Supplies,Developmental And Professional Teaching Aids And Materials And Accessories And Supplies,Kitchen Safety Or Sanitation Instructional Materials
2999,Food Beverage And Tobacco Products,Dried Vegetables,Dried Pearl White Corn
3000,Defense And Law Enforcement And Security And Safety Equipment And Supplies,Security Surveillance And Detection,Mechanical Lock System
3001,Medical Equipment And Accessories And Supplies,Medical Facility Products,Physician Stools And Accessories
3002,Management And Business Professionals And Administrative Services,Management Advisory Services,Feasibility Studies Or Screening Of Project Ideas
3003,Published Products,Printed Media,Law Book
3004,Medical Equipment And Accessories And Supplies,Patient Care And Treatment Products And Supplies,Pleural Cavity Drainage Unit Or Container Or Accessories
3005,Manufacturing Components And Supplies,Hardware,Split Ring
3006,Medical Equipment And Accessories And Supplies,Medical Apparel And Textiles,Medical Staff Bouffant Caps
3007,Manufacturing Components And Supplies,Hardware,Bearing Adapter Sleeve
3008,Distribution And Conditioning Systems And Equipment And Components,Industrial Pumps And Compressors,Refrigerant Compressors
3009,Medical Equipment And Accessories And Supplies,Veterinary Equipment And Supplies,Veterinary Electrocardiograph Ecg
3010,Medical Equipment And Accessories And Supplies,Dental Equipment And Supplies,Dental Instrument Cassettes
3011,Domestic Appliances And Supplies And Consumer Electronic Products,Domestic Kitchenware And Kitchen Supplies,Domestic Serving Bowls
3012,Industrial Manufacturing And Processing Machinery And Accessories,Metal Cutting Machinery And Accessories,Planer Style Milling Machine
3013,Laboratory And Measuring And Observing And Testing Equipment,Laboratory And Scientific Equipment,Capsules Filters
3014,Live Plant And Animal Material And Accessories And Supplies,Pest Control Products,Bird Repellents
3015,Published Products,Signage And Accessories,Bar Code Labels
3016,Building And Facility Construction And Maintenance Services,Building And Facility Maintenance And Repair Services,Structural Pest Control
3017,Defense And Law Enforcement And Security And Safety Equipment And Supplies,Fire Protection,Fire Extinguisher Base
3018,Domestic Appliances And Supplies And Consumer Electronic Products,Consumer Electronics,Audio Amplifier
3019,Domestic Appliances And Supplies And Consumer Electronic Products,Floor Coverings,Chair Mat
3020,Resin And Rosin And Rubber And Foam And Film And Elastomeric Materials,Rubber And Elastomers,Latex Rubber
3021,Laboratory And Measuring And Observing And Testing Equipment,Measuring And Observing And Testing Instruments,Voltage Or Current Meters
3022,Apparel And Luggage And Personal Care Products,Personal Care Products,Hand Cleaner
3023,Musical Instruments And Games And Toys And Arts And Crafts And Educational Equipment And Materials And Accessories And Supplies,Arts And Crafts Equipment And Accessories And Supplies,Permanent Pens
3024,Musical Instruments And Games And Toys And Arts And Crafts And Educational Equipment And Materials And Accessories And Supplies,Musical Instruments And Parts And Accessories,Musical Instrument Case Or Protective Carry Bag
3025,Material Handling And Conditioning And Storage Machinery And Their Accessories And Supplies,Material Handling Machinery And Equipment,Bag Sealing Tools Or Equipment
3026,Information Technology Broadcasting And Telecommunications,Components For Information Technology Or Broadcasting Or Telecommunications,Computer Cable
3027,Electrical Systems And Lighting And Components And Accessories And Supplies,Electrical Equipment And Components And Supplies,Socket Relay
3028,Medical Equipment And Accessories And Supplies,Surgical Products,Heart And Lung Machines Or Accessories
3029,Service Industry Machinery And Equipment And Supplies,Institutional Food Services Equipment,Water Purifier
3030,Cleaning Equipment And Supplies,Janitorial Equipment,Cleaning Scrapers
3031,Mining And Well Drilling Machinery And Accessories,Mining And Quarrying Machinery And Equipment,Screens
3032,Laboratory And Measuring And Observing And Testing Equipment,Measuring And Observing And Testing Instruments,Digital Readout Recorders
3033,Apparel And Luggage And Personal Care Products,Sewing Supplies And Accessories,Magnet Wands
3034,Distribution And Conditioning Systems And Equipment And Components,Fluid And Gas Distribution,Gas Regulators
3035,Chemicals Including Bio Chemicals And Gas Materials,Colorants,Polymer Masterbatches
3036,Furniture And Furnishings,Accommodation Furniture,Outside Clothes Dryer
3037,Sports And Recreational Equipment And Supplies And Accessories,Collectibles And Awards,Ornaments Or Decorations
3038,Mining And Well Drilling Machinery And Accessories,Mining And Quarrying Machinery And Equipment,Feeders
3039,Food Beverage And Tobacco Products,Dried Organic Fruit,Dried Organic Howgate Wonder Apples
3040,Medical Equipment And Accessories And Supplies,Dental Equipment And Supplies,Dental Wedges Or Sets
3041,Commercial And Military And Private Vehicles And Their Accessories And Components,Motor Vehicles,Light Trucks Or Sport Utility Vehicles
3042,Electronic Components And Supplies,Automation Control Devices And Components And Accessories,Light Module
3043,Manufacturing Components And Supplies,Bearings And Bushings And Wheels And Gears,Roller Bearings
3044,Structures And Building And Construction And Manufacturing Components And Supplies,Insulation,Fiber Insulation
3045,Food Beverage And Tobacco Products,Fresh Fruits,Star Fruit
3046,Published Products,Printed Media,Instruction Sheets Or Booklets
3047,Apparel And Luggage And Personal Care Products,Clothing,Womens Pajamas Or Nightshirts Or Robes
3048,Medical Equipment And Accessories And Supplies,Patient Exam And Monitoring Products,Anal Or Rectal Exam Specula
3049,Material Handling And Conditioning And Storage Machinery And Their Accessories And Supplies,Packing Supplies,Tube Or Core End Plugs
3050,Electronic Components And Supplies,Printed Circuits And Integrated Circuits And Microassemblies,Network Processors
3051,Travel And Food And Lodging And Entertainment Services,Restaurants And Catering,Catering Services
3052,Material Handling And Conditioning And Storage Machinery And Their Accessories And Supplies,Industrial Refrigeration,Upright Cabinet Freezer
3053,Commercial And Military And Private Vehicles And Their Accessories And Components,Transportation Components And Systems,Consoles
3054,Industrial Manufacturing And Processing Machinery And Accessories,Industrial Process Machinery And Equipment And Supplies,Turn Key Paint System
3055,Building And Facility Construction And Maintenance Services,Specialized Trade Construction And Maintenance Services,Lighting Installation Services
3056,Service Industry Machinery And Equipment And Supplies,Institutional Food Services Equipment,Commercial Use Jacketed Tilting Kettle
3057,Food Beverage And Tobacco Products,Fresh Fruits,Baldwin Apples
3058,Tools And General Machinery,Hand Tools,Sharpening Stones Or Tools Or Kits
3059,Distribution And Conditioning Systems And Equipment And Components,Fluid And Gas Distribution,Ball Check Valves
3060,Mining And Oil And Gas Services,Well Drilling And Construction Services,Extended Reach Well Services
3061,Chemicals Including Bio Chemicals And Gas Materials,Compounds And Mixtures,Silicones
3062,Building And Construction Machinery And Accessories,Heavy Construction Machinery And Equipment,Concrete Surfacing Machine
3063,Medical Equipment And Accessories And Supplies,Dental Equipment And Supplies,Dental Retractors
3064,Cleaning Equipment And Supplies,Janitorial Equipment,Janitor Cart Accessories
3065,Cleaning Equipment And Supplies,Cleaning And Janitorial Supplies,Air Freshener Dispensers
3066,Defense And Law Enforcement And Security And Safety Equipment And Supplies,Security Surveillance And Detection,Gas Detectors
3067,Food Beverage And Tobacco Products,Canned Or Jarred Fruit,Canned Or Jarred Braeburn Apples
3068,Food Beverage And Tobacco Products,Canned Or Jarred Fruit,Canned Or Jarred Autumn Lady Peaches
3069,Financial And Insurance Services,Development Finance,Debt Collection Services
3070,Engineering And Research And Technology Based Services,Computer Services,Computer Software Rental Or Leasing Service
3071,Engineering And Research And Technology Based Services,Professional Engineering Services,Laboratory Equipment Maintenance
3072,Resin And Rosin And Rubber And Foam And Film And Elastomeric Materials,Resins And Rosins And Other Resin Derived Materials,Melamine Formaldehyde
3073,Domestic Appliances And Supplies And Consumer Electronic Products,Domestic Appliances,Domestic Pepper And Salt Grinder Or Mill
3074,Structures And Building And Construction And Manufacturing Components And Supplies,Plumbing Fixtures,Soap Dispenser
3075,Medical Equipment And Accessories And Supplies,Wound Care Products,Calcium Alginate Wound Packing
3076,Building And Facility Construction And Maintenance Services,Specialized Trade Construction And Maintenance Services,Crane Maintenance And Repair Service
3077,Manufacturing Components And Supplies,Hardware,Clevis
3078,Material Handling And Conditioning And Storage Machinery And Their Accessories And Supplies,Material Handling Machinery And Equipment,Hydraulic Truck Cranes
3079,Building And Facility Construction And Maintenance Services,Building And Facility Maintenance And Repair Services,Exterior Grounds Maintenance
3080,Electrical Systems And Lighting And Components And Accessories And Supplies,Electrical Equipment And Components And Supplies,Fuse Parts Or Accessories
3081,Industrial Manufacturing And Processing Machinery And Accessories,Industrial Food And Beverage Equipment,Cheese Making Machine
3082,Fuels And Fuel Additives And Lubricants And Anti Corrosive Materials,Lubricants And Oils And Greases And Anti Corrosives,Gear Oil
3083,Information Technology Broadcasting And Telecommunications,Computer Equipment And Accessories,Inkjet Printers
3084,Medical Equipment And Accessories And Supplies,Medical Facility Products,Medical Exam Or Procedure Table Accessories For General Use Excluding Cover Sheets
3085,Structures And Building And Construction And Manufacturing Components And Supplies,Construction And Maintenance Support Equipment,Platform Step Ladder
3086,Food Beverage And Tobacco Products,Chocolate And Sugars And Sweeteners And Confectionary Products,Chocolate Or Chocolate Substitute
3087,Medical Equipment And Accessories And Supplies,Wound Care Products,Medical Staple Or Clip Removers
3088,Mining And Well Drilling Machinery And Accessories,Oil And Gas Drilling And Exploration Equipment,Junk Bonnet
3089,Structures And Building And Construction And Manufacturing Components And Supplies,Plumbing Fixtures,Shower Caddy
3090,Laboratory And Measuring And Observing And Testing Equipment,Measuring And Observing And Testing Instruments,Ammeters
3091,Structures And Building And Construction And Manufacturing Components And Supplies,Plumbing Fixtures,Faucet Repair Kit
3092,Distribution And Conditioning Systems And Equipment And Components,Industrial Pumps And Compressors,Air Pumps
3093,Laboratory And Measuring And Observing And Testing Equipment,Measuring And Observing And Testing Instruments,Wattmeters
3094,Defense And Law Enforcement And Security And Safety Equipment And Supplies,Security Surveillance And Detection,Alarm Systems
3095,Resin And Rosin And Rubber And Foam And Film And Elastomeric Materials,Rubber And Elastomers,Chloroprene Cr
3096,Office Equipment And Accessories And Supplies,Office Supplies,Lead Refills
3097,Manufacturing Components And Supplies,Hardware,Wood Screws
3098,Information Technology Broadcasting And Telecommunications,Communications Devices And Accessories,Phone Headset Ear Or Speaker Cushions
3099,Office Equipment And Accessories And Supplies,Office Machines And Their Supplies And Accessories,Inkjet Fax Machine
3100,Service Industry Machinery And Equipment And Supplies,Vending Machines,Frozen Confections Machines
3101,Medical Equipment And Accessories And Supplies,Emergency And Field Medical Services Products,Cardiopulmonary Resuscitation Cpr Protective Shields Or Masks
3102,Information Technology Broadcasting And Telecommunications,Components For Information Technology Or Broadcasting Or Telecommunications,Read Write Digital Versatile Disc Dvd
3103,Medical Equipment And Accessories And Supplies,Dental Equipment And Supplies,Dental Instrument Cleaning Compounds
3104,Defense And Law Enforcement And Security And Safety Equipment And Supplies,Public Safety And Control,Traffic Signals
3105,Tools And General Machinery,Hand Tools,Fence Pliers
3106,Mining And Well Drilling Machinery And Accessories,Mining And Quarrying Machinery And Equipment,Rock Drill Spare Parts Or Accessories
3107,Medical Equipment And Accessories And Supplies,Surgical Products,Endoscopic Trocar Or Sheath Or Obturator Or Cannula
3108,Laboratory And Measuring And Observing And Testing Equipment,Laboratory And Scientific Equipment,Phlebotomy Trays Or Accessories
3109,Mining And Oil And Gas Services,Well Drilling And Construction Services,Conventional Coring Services
3110,Apparel And Luggage And Personal Care Products,Personal Care Products,Perfumes Or Colognes Or Fragrances
3111,Manufacturing Components And Supplies,Adhesives And Sealants,Reflective Tape
3112,Manufacturing Components And Supplies,Paints And Primers And Finishes,Marking Paint
3113,Engineering And Research And Technology Based Services,Computer Services,Technical Support Or Help Desk Services
3114,Medical Equipment And Accessories And Supplies,Dental Equipment And Supplies,Dental Plaster Knives
3115,Information Technology Broadcasting And Telecommunications,Computer Equipment And Accessories,Digital Image Printers
3116,Domestic Appliances And Supplies And Consumer Electronic Products,Domestic Kitchenware And Kitchen Supplies,Carafe Sets
3117,Industrial Manufacturing And Processing Machinery And Accessories,Welding And Soldering And Brazing Machinery And Accessories And Supplies,Plasma Arc Welding Machine
3118,Education And Training Services,Vocational Training,Safety Training Services
3119,Tools And General Machinery,Hand Tools,Pliers Set
3120,Industrial Cleaning Services,Refuse Disposal And Treatment,Hazardous Waste Water Disposal
3121,Tools And General Machinery,Hand Tools,Heat Guns
3122,Structures And Building And Construction And Manufacturing Components And Supplies,Structural Components And Basic Shapes,Metal Rail
3123,Industrial Cleaning Services,Refuse Disposal And Treatment,Sewage Treatment Services
3124,Office Equipment And Accessories And Supplies,Office Machines And Their Supplies And Accessories,Automatic Labeling Systems
3125,Laboratory And Measuring And Observing And Testing Equipment,Measuring And Observing And Testing Instruments,Gas Detector Tubes
3126,Manufacturing Components And Supplies,Hardware,Fastener Assortment Kit
3127,Manufacturing Components And Supplies,Hardware,Wedge Anchors
3128,Industrial Manufacturing And Processing Machinery And Accessories,Chicken Processing Machinery And Equipment,Crate Washer
3129,Medical Equipment And Accessories And Supplies,Wound Care Products,Clips For Bandages Or Dressings
3130,Transportation And Storage And Mail Services,Transportation Repair Or Maintenance Services,Vehicle Inspection Service
3131,Food Beverage And Tobacco Products,Fresh Fruits,April Glo Nectarines
3132,Personal And Domestic Services,Personal Appearance,Hair Cutting Or Color Services
3133,Cleaning Equipment And Supplies,Janitorial Equipment,Floor Scrapers
3134,Engineering And Research And Technology Based Services,Computer Services,Application Implementation Services
3135,Information Technology Broadcasting And Telecommunications,Communications Devices And Accessories,"Personal Communication Holders Or Mounts, Stands"
3136,Tools And General Machinery,Hand Tools,Voltage Tester Screwdriver
3137,Medical Equipment And Accessories And Supplies,Medical Apparel And Textiles,Hospital Blankets
3138,Apparel And Luggage And Personal Care Products,Clothing,Disposable Work Coat
3139,Office Equipment And Accessories And Supplies,Office Supplies,Clip Holders Or Dispensers
3140,Manufacturing Components And Supplies,Hardware,Concrete Anchors
3141,Drugs And Pharmaceutical Products,Autonomic Nervous System Drugs,Propiverine Hcl
3142,Manufacturing Components And Supplies,Adhesives And Sealants,Liquid Adhesives
3143,Laboratory And Measuring And Observing And Testing Equipment,Measuring And Observing And Testing Instruments,Oscilloscopes
3144,Laboratory And Measuring And Observing And Testing Equipment,Laboratory Supplies And Fixtures,Laboratory Graduated Cylinders
3145,Apparel And Luggage And Personal Care Products,Clothing,Girls Shirts Or Blouses
3146,Information Technology Broadcasting And Telecommunications,Components For Information Technology Or Broadcasting Or Telecommunications,Small Computer System Interconnect Scsi Adapters
3147,Medical Equipment And Accessories And Supplies,Surgical Products,Eye Holders Or Accessories
3148,Healthcare Services,Medical Practice,Oral Surgeons Services
3149,Chemicals Including Bio Chemicals And Gas Materials,Compounds And Mixtures,Sodium Hydroxide
3150,Tools And General Machinery,Hand Tools,Cutting Chains
3151,Structures And Building And Construction And Manufacturing Components And Supplies,Doors And Windows And Glass,Door Frames
3152,Food Beverage And Tobacco Products,Canned Or Jarred Fruit,Canned Or Jarred Bosc Pears
3153,Material Handling And Conditioning And Storage Machinery And Their Accessories And Supplies,Industrial Refrigeration,Walk In Refrigerators
3154,Power Generation And Distribution Machinery And Accessories,Power Sources,Turbocharger
3155,Laboratory And Measuring And Observing And Testing Equipment,Measuring And Observing And Testing Instruments,Seismic Recorders Or Seismographs
3156,Musical Instruments And Games And Toys And Arts And Crafts And Educational Equipment And Materials And Accessories And Supplies,Developmental And Professional Teaching Aids And Materials And Accessories And Supplies,Plant Body Or Body Part Or Organ Models
3157,Food Beverage And Tobacco Products,Seasonings And Preservatives,Vinegars
3158,Chemicals Including Bio Chemicals And Gas Materials,Additives,Water In Oil Emulsion Breakers
3159,Manufacturing Components And Supplies,Hardware,Metal Retaining Clip
3160,Laboratory And Measuring And Observing And Testing Equipment,Measuring And Observing And Testing Instruments,Hematology Test Kits Or Supplies
3161,Distribution And Conditioning Systems And Equipment And Components,Pipe Piping And Pipe Fittings,Industrial Seamless Stainless Steel Pipe
3162,Electronic Components And Supplies,Printed Circuits And Integrated Circuits And Microassemblies,Gauge Controller And Indicator
3163,Structures And Building And Construction And Manufacturing Components And Supplies,Doors And Windows And Glass,Double Hung Windows
3164,Printing And Photographic And Audio And Visual Equipment And Supplies,Audio And Visual Presentation And Composing Equipment,Overhead Projectors
3165,Medical Equipment And Accessories And Supplies,Wound Care Products,Ostomy Belt Or Accessories
3166,Musical Instruments And Games And Toys And Arts And Crafts And Educational Equipment And Materials And Accessories And Supplies,Developmental And Professional Teaching Aids And Materials And Accessories And Supplies,Certificate Frames
3167,Industrial Production And Manufacturing Services,Manufacturing Support Services,Test Equipment Refurbishment
3168,Published Products,Signage And Accessories,Color Coding Labels
3169,Commercial And Military And Private Vehicles And Their Accessories And Components,Transportation Components And Systems,Roof Rack Systems
3170,Laboratory And Measuring And Observing And Testing Equipment,Measuring And Observing And Testing Instruments,Low Voltage Tester
3171,Commercial And Military And Private Vehicles And Their Accessories And Components,Motor Vehicles,Low Cab Forward Tractors
3172,Distribution And Conditioning Systems And Equipment And Components,Pipe Piping And Pipe Fittings,Pipe Connection Boxes
3173,Live Plant And Animal Material And Accessories And Supplies,Dried Cut Blooms Of Low Species Or Variety Count Flowers,Dried Cut Yellow Vegmo Tanacetum
3174,Cleaning Equipment And Supplies,Cleaning And Janitorial Supplies,Floor Finish Applicator
3175,Commercial And Military And Private Vehicles And Their Accessories And Components,Motor Vehicles,Flatbed Truck
3176,Industrial Production And Manufacturing Services,Manufacturing Support Services,Paste Filling Services
3177,Defense And Law Enforcement And Security And Safety Equipment And Supplies,Fire Protection,Fire Suppression Hand Tools
3178,Distribution And Conditioning Systems And Equipment And Components,Fluid And Gas Distribution,Toggle Valves
3179,Material Handling And Conditioning And Storage Machinery And Their Accessories And Supplies,Material Handling Machinery And Equipment,Bin Handlers
3180,Tools And General Machinery,Hand Tools,Combination Wrenches
3181,Industrial Manufacturing And Processing Machinery And Accessories,Industrial Process Machinery And Equipment And Supplies,Extruders
3182,Food Beverage And Tobacco Products,Nuts And Seeds,Shelled Nuts Or Seeds
3183,Chemicals Including Bio Chemicals And Gas Materials,Additives,Silicone Gel
3184,Structures And Building And Construction And Manufacturing Components And Supplies,Doors And Windows And Glass,Air Tight Door
3185,Office Equipment And Accessories And Supplies,Office Machines And Their Supplies And Accessories,Binding Punch Machine
3186,Medical Equipment And Accessories And Supplies,Surgical Products,Surgical Smoke Evacuators Or Accessories
3187,Structures And Building And Construction And Manufacturing Components And Supplies,Interior Finishing Materials,Suspended Ceiling Systems
3188,Distribution And Conditioning Systems And Equipment And Components,Heating And Ventilation And Air Circulation,Kettle Exchangers
3189,Medical Equipment And Accessories And Supplies,Emergency And Field Medical Services Products,Emergency Medical Services Torso Immobilizers
3190,Power Generation And Distribution Machinery And Accessories,Batteries And Generators And Kinetic Power Transmission,Air Or Pneumatic Braking Systems
3191,Office Equipment And Accessories And Supplies,Office Supplies,Self Adhesive Fasteners
3192,Musical Instruments And Games And Toys And Arts And Crafts And Educational Equipment And Materials And Accessories And Supplies,Developmental And Professional Teaching Aids And Materials And Accessories And Supplies,Subtraction Activity Or Resource Books
3193,Laboratory And Measuring And Observing And Testing Equipment,Measuring And Observing And Testing Instruments,Power Meters
3194,Apparel And Luggage And Personal Care Products,Luggage And Handbags And Packs And Cases,Backpacks
3195,Medical Equipment And Accessories And Supplies,Medical Facility Products,Hospital Equipment Power Columns
3196,Medical Equipment And Accessories And Supplies,Respiratory And Anesthesia And Resuscitation Products,Respiratory Monitoring Kits Or Its Accessories
3197,Office Equipment And Accessories And Supplies,Office Machines And Their Supplies And Accessories,Scientific Calculator
3198,Mining And Well Drilling Machinery And Accessories,Mining And Quarrying Machinery And Equipment,Mechanized Ground Support System Spare Parts Or Accessories
3199,Food Beverage And Tobacco Products,Frozen Vegetables,Frozen Sugar Buns Corn
3200,Commercial And Military And Private Vehicles And Their Accessories And Components,Motor Vehicles,Electrically Powered Vehicle
3201,Information Technology Broadcasting And Telecommunications,Data Voice Or Multimedia Network Equipment Or Platforms And Accessories,Shortwave Antennas
3202,Medical Equipment And Accessories And Supplies,Dental Equipment And Supplies,Dental Amalgam Carvers
3203,Industrial Cleaning Services,Refuse Disposal And Treatment,Sanitary Landfill Operations
3204,Sports And Recreational Equipment And Supplies And Accessories,Target And Table Games And Equipment,Archery Targets
3205,Structures And Building And Construction And Manufacturing Components And Supplies,Exterior Finishing Materials,Roof Fascias
3206,Medical Equipment And Accessories And Supplies,Patient Exam And Monitoring Products,Installed Medical Exam Lights Or Lamps
3207,Building And Construction Machinery And Accessories,Heavy Construction Machinery And Equipment,Concrete Mixers Or Plants
3208,Manufacturing Components And Supplies,Bearings And Bushings And Wheels And Gears,Sleeve Bearings
3209,Defense And Law Enforcement And Security And Safety Equipment And Supplies,Personal Safety And Protection,Anti Cut Gloves
3210,Public Utilities And Public Sector Related Services,Telecommunications Media Services,Cellular Telephone Services
3211,Paper Materials And Products,Paper Products,Poster Boards
3212,Information Technology Broadcasting And Telecommunications,Software,Network Operation System Software
3213,Structures And Building And Construction And Manufacturing Components And Supplies,Concrete And Cement And Plaster,Natural Aggregate
3214,Musical Instruments And Games And Toys And Arts And Crafts And Educational Equipment And Materials And Accessories And Supplies,Arts And Crafts Equipment And Accessories And Supplies,Metal Easels
3215,Food Beverage And Tobacco Products,Canned Or Jarred Fruit,Canned Or Jarred Ananasnaja Kiwi Fruit
3216,Information Technology Broadcasting And Telecommunications,Components For Information Technology Or Broadcasting Or Telecommunications,Digital Video Disc Audio Dvd A
3217,Medical Equipment And Accessories And Supplies,Surgical Products,Perfusion Heater Or Cooler Or Dual Heater And Cooler Equipment Or Accessories
3218,Laboratory And Measuring And Observing And Testing Equipment,Measuring And Observing And Testing Instruments,Oil Filter Tester
3219,Power Generation And Distribution Machinery And Accessories,Power Sources,Spark Plug Fittings
3220,Commercial And Military And Private Vehicles And Their Accessories And Components,Transportation Components And Systems,Ball Joint
3221,Industrial Manufacturing And Processing Machinery And Accessories,Industrial Machine Tools,Reamer Blade
3222,Power Generation And Distribution Machinery And Accessories,Batteries And Generators And Kinetic Power Transmission,Geared Timing Belts
3223,Live Plant And Animal Material And Accessories And Supplies,Live Plants Of Low Species Or Variety Count Flowers,Live Hyacinth With Bulb
3224,Commercial And Military And Private Vehicles And Their Accessories And Components,Transportation Services Equipment,Spark Plug Wrench
3225,Commercial And Military And Private Vehicles And Their Accessories And Components,Transportation Components And Systems,Fuel Tank Float
3226,Industrial Manufacturing And Processing Machinery And Accessories,Metal Cutting Machinery And Accessories,Insert Steel
3227,Medical Equipment And Accessories And Supplies,Orthopedic Surgical Implants,Finger Joint Implant
3228,Engineering And Research And Technology Based Services,Computer Services,Development Software Maintenance
3229,Medical Equipment And Accessories And Supplies,Orthopedic And Prosthetic And Sports Medicine Products,Marker For Splinting Material
3230,Tools And General Machinery,Hand Tools,Cable Bender
3231,Laboratory And Measuring And Observing And Testing Equipment,Measuring And Observing And Testing Instruments,Magnifiers
3232,Medical Equipment And Accessories And Supplies,Medical Diagnostic Imaging And Nuclear Medicine Products,Medical X Ray Film Or Cassettes For General Use
3233,Electrical Systems And Lighting And Components And Accessories And Supplies,Lighting Fixtures And Accessories,Strobe Or Warning Lights
3234,Defense And Law Enforcement And Security And Safety Equipment And Supplies,Law Enforcement,Barricades
3235,Manufacturing Components And Supplies,Hardware,Self Drilling Screw
3236,Electrical Systems And Lighting And Components And Accessories And Supplies,Electrical Equipment And Components And Supplies,Fuse Wire
3237,Laboratory And Measuring And Observing And Testing Equipment,Measuring And Observing And Testing Instruments,Meter Dials Or Dial Kits
3238,Distribution And Conditioning Systems And Equipment And Components,Industrial Pumps And Compressors,Sump Pumps
3239,Laboratory And Measuring And Observing And Testing Equipment,Measuring And Observing And Testing Instruments,Load Tester
3240,Live Plant And Animal Material And Accessories And Supplies,Seeds And Bulbs And Seedlings And Cuttings,Spinach Seeds Or Seedlings
3241,Management And Business Professionals And Administrative Services,Real Estate Services,Land Leases
3242,Musical Instruments And Games And Toys And Arts And Crafts And Educational Equipment And Materials And Accessories And Supplies,Developmental And Professional Teaching Aids And Materials And Accessories And Supplies,Assessment Resource Books
3243,Service Industry Machinery And Equipment And Supplies,Institutional Food Services Equipment,Commercial Use Barbeque Ovens
3244,Information Technology Broadcasting And Telecommunications,Components For Information Technology Or Broadcasting Or Telecommunications,Telephone Piece Parts
3245,Structures And Building And Construction And Manufacturing Components And Supplies,Structural Components And Basic Shapes,Cement Or Concrete Posts
3246,Industrial Manufacturing And Processing Machinery And Accessories,Sawmilling And Lumber Processing Machinery And Equipment,Tool Holder
3247,Cleaning Equipment And Supplies,Water And Wastewater Treatment Supply And Disposal,Carbon Filtration Equipment
3248,Tools And General Machinery,Hand Tools,Power Drills
3249,Tools And General Machinery,Hand Tools,Power Saws
3250,Tools And General Machinery,Hand Tools,Masonry Bit
3251,Material Handling And Conditioning And Storage Machinery And Their Accessories And Supplies,Packaging Materials,Cold Pack Or Ice Brick
3252,Power Generation And Distribution Machinery And Accessories,Atomic And Nuclear Energy Machinery And Equipment,Lead Screens
3253,Medical Equipment And Accessories And Supplies,Orthopedic And Prosthetic And Sports Medicine Products,Cast Or Splint Bonding Materials
3254,Food Beverage And Tobacco Products,Prepared And Preserved Foods,Mooks Or Acorn Starch Jelly
3255,Laboratory And Measuring And Observing And Testing Equipment,Measuring And Observing And Testing Instruments,Accelerometers
3256,Laboratory And Measuring And Observing And Testing Equipment,Laboratory Supplies And Fixtures,Desiccants
3257,Manufacturing Components And Supplies,Gaskets,Rubber Molded Gasket
3258,Power Generation And Distribution Machinery And Accessories,Power Sources,Multispeed Motor Ac
3259,Manufacturing Components And Supplies,Hardware,Coupling Sleeves
3260,Manufacturing Components And Supplies,Hardware,Strapping Or Banding Buckles
3261,Distribution And Conditioning Systems And Equipment And Components,Fluid And Gas Distribution,Needle Valves
3262,Medical Equipment And Accessories And Supplies,Medical Sterilization Products,Sterilization Dust Covers
3263,Engineering And Research And Technology Based Services,Computer Services,Educational Or Reference Software Maintenance
3264,Industrial Manufacturing And Processing Machinery And Accessories,Metal Cutting Machinery And Accessories,Taps
3265,Cleaning Equipment And Supplies,Janitorial Equipment,Mop Wringer
3266,Musical Instruments And Games And Toys And Arts And Crafts And Educational Equipment And Materials And Accessories And Supplies,Developmental And Professional Teaching Aids And Materials And Accessories And Supplies,Relationship Building Or Family Life Skills Instructional Materials
3267,Medical Equipment And Accessories And Supplies,Surgical Products,Oral Maxillofacial Implants Or Sets
3268,Industrial Manufacturing And Processing Machinery And Accessories,Industrial Process Machinery And Equipment And Supplies,Feed Or Drive Rollers
3269,Tools And General Machinery,Hand Tools,Tape Measures
3270,Electronic Components And Supplies,Automation Control Devices And Components And Accessories,Bulkhead Pass Through Connector
3271,Laboratory And Measuring And Observing And Testing Equipment,Laboratory And Scientific Equipment,Depth Indicators
3272,Printing And Photographic And Audio And Visual Equipment And Supplies,Photographic Or Filming Or Video Equipment,Retrofit Kits
3273,Mining And Well Drilling Machinery And Accessories,Oil And Gas Drilling And Exploration Equipment,Downhole Control Valve Parts And Accessories
3274,Manufacturing Components And Supplies,Hardware,Trailer Connector
3275,Management And Business Professionals And Administrative Services,Management Advisory Services,Professional Procurement Services
3276,Office Equipment And Accessories And Supplies,Office Machines And Their Supplies And Accessories,Binding Tape
3277,Building And Facility Construction And Maintenance Services,Heavy Construction Services,Underground Utilities Construction Service
3278,Medical Equipment And Accessories And Supplies,Medical Diagnostic Imaging And Nuclear Medicine Products,Thyroid Irradiation Therapy Supplies
3279,Cleaning Equipment And Supplies,Water And Wastewater Treatment Supply And Disposal,Turbidimeters
3280,Cleaning Equipment And Supplies,Janitorial Equipment,Floor Polishers
3281,Laboratory And Measuring And Observing And Testing Equipment,Laboratory And Scientific Equipment,Laboratory Hepa Filters
3282,Medical Equipment And Accessories And Supplies,Medical Sterilization Products,Instrument Disinfectant Or Sterilant
3283,Industrial Production And Manufacturing Services,Manufacturing Support Services,Manual Hand Packaging Services
3284,Apparel And Luggage And Personal Care Products,Clothing,Mens Folkloric Clothing
3285,Office Equipment And Accessories And Supplies,Office Machines And Their Supplies And Accessories,Duplexer Trays
3286,Food Beverage And Tobacco Products,Frozen Vegetables,Frozen America Spinach
3287,Medical Equipment And Accessories And Supplies,Medical Training And Education Supplies,Operational Or Instructional Videos For Medical Equipment
3288,Mining And Well Drilling Machinery And Accessories,Oil And Gas Drilling And Exploration Equipment,Packer Pulling Tools
3289,Medical Equipment And Accessories And Supplies,Patient Exam And Monitoring Products,Combination Refractor Keratometers
3290,Published Products,Electronic Reference Material,Books On Tape Or Compact Disc
3291,Furniture And Furnishings,Classroom And Instructional And Institutional Furniture And Fixtures,Classroom Tables
3292,Musical Instruments And Games And Toys And Arts And Crafts And Educational Equipment And Materials And Accessories And Supplies,Classroom Decoratives And Supplies,Classroom Charts
3293,Musical Instruments And Games And Toys And Arts And Crafts And Educational Equipment And Materials And Accessories And Supplies,Developmental And Professional Teaching Aids And Materials And Accessories And Supplies,Geology Study Kits
3294,Published Products,Printed Media,Charts Or Maps Or Atlases
3295,Domestic Appliances And Supplies And Consumer Electronic Products,Domestic Kitchenware And Kitchen Supplies,Domestic Drinking Glasses
3296,Information Technology Broadcasting And Telecommunications,Computer Equipment And Accessories,Computer Servers
3297,Service Industry Machinery And Equipment And Supplies,Funeral Equipment And Materials,Shroud
3298,Mining And Oil And Gas Services,Mining Services,Pumping Or Draining
3299,Distribution And Conditioning Systems And Equipment And Components,Tubes Tubing And Tube Fittings,Rubber Tubing
3300,Electrical Systems And Lighting And Components And Accessories And Supplies,Lighting Fixtures And Accessories,Clean Room Light Fixture
3301,Office Equipment And Accessories And Supplies,Office Machines And Their Supplies And Accessories,Printer Stands
3302,Information Technology Broadcasting And Telecommunications,Computer Equipment And Accessories,Tablet Computers
3303,Service Industry Machinery And Equipment And Supplies,Institutional Food Services Equipment,Commercial Use Griddles
3304,Industrial Manufacturing And Processing Machinery And Accessories,Welding And Soldering And Brazing Machinery And Accessories And Supplies,Welding Blanket
3305,Tools And General Machinery,Hand Tools,Metal Cutters
3306,Distribution And Conditioning Systems And Equipment And Components,Pipe Piping And Pipe Fittings,Stainless Steel Pipe Repair Clamp
3307,Engineering And Research And Technology Based Services,Computer Services,System Installation Service
3308,Distribution And Conditioning Systems And Equipment And Components,Pipe Piping And Pipe Fittings,Industrial Assembled Cast Iron Pipe Hub
3309,Manufacturing Components And Supplies,Hardware,Threaded Rod
3310,Printing And Photographic And Audio And Visual Equipment And Supplies,Photographic Or Filming Or Video Equipment,Video Conference Cameras
3311,Food Beverage And Tobacco Products,Dried Vegetables,Dried Kidney Beans
3312,Defense And Law Enforcement And Security And Safety Equipment And Supplies,Security Surveillance And Detection,Surveillance Video Or Audio Recorders
3313,Tools And General Machinery,Hand Tools,Ratchet Wrench
3314,Structures And Building And Construction And Manufacturing Components And Supplies,Structural Components And Basic Shapes,Concrete Plate
3315,Power Generation And Distribution Machinery And Accessories,Power Generation,Poppet Damper
3316,Live Plant And Animal Material And Accessories And Supplies,Fresh Cut Blooms Of High Species Or Variety Count Flowers,Fresh Cut Peach Genista
3317,Food Beverage And Tobacco Products,Pureed Fruit,Mango Puree
3318,Food Beverage And Tobacco Products,Fresh Fruits,Best Ever Pears
3319,Food Beverage And Tobacco Products,Fresh Fruits,Pineapple Melons
3320,Fuels And Fuel Additives And Lubricants And Anti Corrosive Materials,Gaseous Fuels And Additives,Butane
3321,Tools And General Machinery,Pneumatic Machinery And Equipment,Compressed Air Gun
3322,Building And Facility Construction And Maintenance Services,Building And Facility Maintenance And Repair Services,Fire Extinguisher Inspection Maintenance And Repair Service
3323,Distribution And Conditioning Systems And Equipment And Components,Fluid And Gas Distribution,Pump Valves
3324,Structures And Building And Construction And Manufacturing Components And Supplies,Exterior Finishing Materials,Roll Roofing
3325,Manufacturing Components And Supplies,Rope And Chain And Cable And Wire And Strap,String Or Twine
3326,Information Technology Broadcasting And Telecommunications,Data Voice Or Multimedia Network Equipment Or Platforms And Accessories,Geographic Positioning System Gps Antenna
3327,Electrical Systems And Lighting And Components And Accessories And Supplies,Electrical Equipment And Components And Supplies,Uninterruptible Power Supplies
3328,Medical Equipment And Accessories And Supplies,Dental Equipment And Supplies,Dental Laboratory Dust Collectors
3329,Laboratory And Measuring And Observing And Testing Equipment,Measuring And Observing And Testing Instruments,Potentiometers
3330,Printing And Photographic And Audio And Visual Equipment And Supplies,Printing And Publishing Equipment,Inkjet Printer For Commercial Printing Applications
3331,Food Beverage And Tobacco Products,Frozen Vegetables,Frozen Long White Potatoes
3332,Electrical Systems And Lighting And Components And Accessories And Supplies,Electrical Equipment And Components And Supplies,Fire Rated Poke Through Box
3333,Laboratory And Measuring And Observing And Testing Equipment,Measuring And Observing And Testing Instruments,Tensiometers
3334,Food Beverage And Tobacco Products,Seasonings And Preservatives,Fresh Herbs
3335,Material Handling And Conditioning And Storage Machinery And Their Accessories And Supplies,Material Handling Machinery And Equipment,Spill Containment Supports
3336,Information Technology Broadcasting And Telecommunications,Data Voice Or Multimedia Network Equipment Or Platforms And Accessories,Antenna Accessory
3337,Tools And General Machinery,Hand Tools,Tile Cutting Pliers
3338,Medical Equipment And Accessories And Supplies,Medical Apparel And Textiles,Medical Glove Liners
3339,Electrical Systems And Lighting And Components And Accessories And Supplies,Electrical Equipment And Components And Supplies,Instrument Transformers
3340,Electrical Systems And Lighting And Components And Accessories And Supplies,Lighting Fixtures And Accessories,Ultraviolet And Black Light Luminaires
3341,Medical Equipment And Accessories And Supplies,Patient Exam And Monitoring Products,Electrocardiography Ekg Graphic Recorders
3342,Fuels And Fuel Additives And Lubricants And Anti Corrosive Materials,Lubricants And Oils And Greases And Anti Corrosives,Antifreeze
3343,Drugs And Pharmaceutical Products,Drugs Affecting The Gastrointestinal System,Glycerin Suppositories
3344,Chemicals Including Bio Chemicals And Gas Materials,Compounds And Mixtures,Liquid Silicone Rubber Lsr
3345,Engineering And Research And Technology Based Services,Computer Services,Document Scanning Service
3346,Engineering And Research And Technology Based Services,Manufacturing Technologies,Equipment Test Calibration Or Repair
3347,Live Plant And Animal Material And Accessories And Supplies,Seeds And Bulbs And Seedlings And Cuttings,Cauliflower Seeds Or Seedlings
3348,Food Beverage And Tobacco Products,Frozen Vegetables,Frozen Sea Lettuce
3349,Live Plant And Animal Material And Accessories And Supplies,Fresh Cut Blooms Of High Species Or Variety Count Flowers,Fresh Cut Green Dyed Sweet Pea
3350,Manufacturing Components And Supplies,Hardware,Blind Bolts
3351,Office Equipment And Accessories And Supplies,Office Machines And Their Supplies And Accessories,Fuser Cleaning Pads Or Filters
3352,Commercial And Military And Private Vehicles And Their Accessories And Components,Transportation Components And Systems,Heavy Truck Tire Tube
3353,Commercial And Military And Private Vehicles And Their Accessories And Components,Transportation Services Equipment,Fuel Consumption Meter
3354,Distribution And Conditioning Systems And Equipment And Components,Industrial Pumps And Compressors,Pump Rotor
3355,Medical Equipment And Accessories And Supplies,Patient Care And Treatment Products And Supplies,Medical Charting Systems Components Or Accessories
3356,Structures And Building And Construction And Manufacturing Components And Supplies,Interior Finishing Materials,Tilt Out Tray Hardware Or Assembly
3357,Politics And Civic Affairs Services,Taxation,Custom Tax Or Duty
3358,Service Industry Machinery And Equipment And Supplies,Institutional Food Services Equipment,Display Cases
3359,Live Plant And Animal Material And Accessories And Supplies,Animal Containment And Habitats,Aquariums
3360,Management And Business Professionals And Administrative Services,Human Resources Services,Permanent Information Technology Systems Or Database Administrators
3361,Distribution And Conditioning Systems And Equipment And Components,Fluid And Gas Distribution,Flexible Ducts
3362,Structures And Building And Construction And Manufacturing Components And Supplies,Structural Materials,Carbon Steel Sae 1000 Series Cold Drawn Bar
3363,Service Industry Machinery And Equipment And Supplies,Institutional Food Services Equipment,Cake Decorating Equipment Or Moulds
3364,Defense And Law Enforcement And Security And Safety Equipment And Supplies,Personal Safety And Protection,Welders Helmet
3365,Electrical Systems And Lighting And Components And Accessories And Supplies,Electrical Wire Management Devices And Accessories And Supplies,Cable Tray Fitting And Accessories
3366,Mining And Well Drilling Machinery And Accessories,Oil And Gas Drilling And Exploration Equipment,Slickline Locator Mandrels
3367,Tools And General Machinery,Pneumatic Machinery And Equipment,Pneumatic Wrench Non Impact
3368,Commercial And Military And Private Vehicles And Their Accessories And Components,Vehicle Bodies And Trailers,Automobile Chassis
3369,Electrical Systems And Lighting And Components And Accessories And Supplies,Lighting Fixtures And Accessories,Light Stand
3370,Electrical Systems And Lighting And Components And Accessories And Supplies,Electrical Equipment And Components And Supplies,Connector And Cable Seal
3371,Printing And Photographic And Audio And Visual Equipment And Supplies,Photographic Or Filming Or Video Equipment,Inspection Camera
3372,Office Equipment And Accessories And Supplies,Office Supplies,Postage Stamp
3373,Medical Equipment And Accessories And Supplies,Surgical Products,Endoscopic Insufflation Tubing
3374,Electrical Systems And Lighting And Components And Accessories And Supplies,Electrical Equipment And Components And Supplies,Electrical Bushing
3375,Musical Instruments And Games And Toys And Arts And Crafts And Educational Equipment And Materials And Accessories And Supplies,Classroom Decoratives And Supplies,Chart Holders Or Accessories
3376,Live Plant And Animal Material And Accessories And Supplies,Seeds And Bulbs And Seedlings And Cuttings,Celery Seeds Or Seedlings
3377,Medical Equipment And Accessories And Supplies,Medical Facility Products,Patient Chairs
3378,Manufacturing Components And Supplies,Adhesives And Sealants,Multi Purpose Adhesive
3379,Structures And Building And Construction And Manufacturing Components And Supplies,Interior Finishing Materials,Laminate Flooring
3380,Published Products,Printed Media,Owner Or User Manuals
3381,Industrial Manufacturing And Processing Machinery And Accessories,Industrial Process Machinery And Equipment And Supplies,Sealant Adhesive Robots
3382,Office Equipment And Accessories And Supplies,Office And Desk Accessories,Whiteboard Eraser
3383,National Defense And Public Order And Security And Safety Services,Public Order And Safety,Half Way House Services
3384,Paper Materials And Products,Paper Products,Accounting Forms Or Accounting Books
3385,Management And Business Professionals And Administrative Services,Business Administration Services,Keyboard Entry Services
3386,Paper Materials And Products,Paper Products,Order Forms Or Order Books
3387,Tools And General Machinery,Hand Tools,Conduit Benders
3388,Electronic Components And Supplies,Electron Tube Devices And Accessories,Triode Tubes
3389,Medical Equipment And Accessories And Supplies,Patient Exam And Monitoring Products,Ophthalmic Retinoscopes
3390,Material Handling And Conditioning And Storage Machinery And Their Accessories And Supplies,Packaging Materials,Paint Or Varnish Cans
3391,Building And Construction Machinery And Accessories,Heavy Construction Machinery And Equipment,Plaster Or Mortar Mixers
3392,Electrical Systems And Lighting And Components And Accessories And Supplies,Lamps And Lightbulbs And Lamp Components,Medical Lamps
3393,Tools And General Machinery,Hand Tools,Tile Power Saw
3394,Manufacturing Components And Supplies,Hardware,Spring Pins
3395,Building And Construction Machinery And Accessories,Heavy Construction Machinery And Equipment,Compactors
3396,Musical Instruments And Games And Toys And Arts And Crafts And Educational Equipment And Materials And Accessories And Supplies,Arts And Crafts Equipment And Accessories And Supplies,Specialty Brushes
3397,Medical Equipment And Accessories And Supplies,Wound Care Products,Wound Irrigation Systems
3398,Food Beverage And Tobacco Products,Frozen Vegetables,Frozen Black Beans
3399,Electrical Systems And Lighting And Components And Accessories And Supplies,Electrical Equipment And Components And Supplies,Limit Switch
3400,Published Products,Signage And Accessories,Identification Tags
3401,Material Handling And Conditioning And Storage Machinery And Their Accessories And Supplies,Industrial Refrigeration,Blast Chiller
3402,Distribution And Conditioning Systems And Equipment And Components,Heating And Ventilation And Air Circulation,Dehumidifiers
3403,Apparel And Luggage And Personal Care Products,Clothing,Mens Sweaters
3404,Mining And Well Drilling Machinery And Accessories,Well Drilling And Operation Equipment,Thru Tubing Parts And Accessories
3405,Chemicals Including Bio Chemicals And Gas Materials,Explosive Materials,Ammonium Nitrate And Fuel Oil Anfo
3406,Medical Equipment And Accessories And Supplies,Patient Care And Treatment Products And Supplies,Vascular Sequential Compression Devices Or Tubing
3407,Electrical Systems And Lighting And Components And Accessories And Supplies,Electrical Equipment And Components And Supplies,Indicator Light Parts Or Accessories
3408,Information Technology Broadcasting And Telecommunications,Components For Information Technology Or Broadcasting Or Telecommunications,Transceivers And Media Converters
3409,Industrial Manufacturing And Processing Machinery And Accessories,Industrial Process Machinery And Equipment And Supplies,Packaging Machinery Supplies
3410,Medical Equipment And Accessories And Supplies,Dental Equipment And Supplies,Dental Examination Chair Headrest Covers
3411,Information Technology Broadcasting And Telecommunications,Software,Enterprise Resource Planning Erp Software
3412,Information Technology Broadcasting And Telecommunications,Computer Equipment And Accessories,Dot Matrix Printers
3413,Material Handling And Conditioning And Storage Machinery And Their Accessories And Supplies,Material Handling Machinery And Equipment,Scissor Lift Or Lift Table
3414,Electrical Systems And Lighting And Components And Accessories And Supplies,Lighting Fixtures And Accessories,Fluorescent High Bay Fixture
3415,Industrial Manufacturing And Processing Machinery And Accessories,Metal Cutting Machinery And Accessories,Water Jet Cutting Machine
3416,Manufacturing Components And Supplies,Gaskets,Silicone Molded Gasket
3417,Manufacturing Components And Supplies,Pneumatic And Hydraulic And Electric Control Systems,Automotive Hvac Actuator
3418,Mining And Well Drilling Machinery And Accessories,Oil And Gas Drilling And Exploration Equipment,Seal Assembly Locators
3419,Distribution And Conditioning Systems And Equipment And Components,Heating And Ventilation And Air Circulation,Cooling Tower
3420,Engineering And Research And Technology Based Services,Computer Services,Systems Architecture
3421,Power Generation And Distribution Machinery And Accessories,Power Sources,Brake Motor Ac
3422,Live Plant And Animal Material And Accessories And Supplies,Seeds And Bulbs And Seedlings And Cuttings,Wheat Seeds
3423,Industrial Manufacturing And Processing Machinery And Accessories,Welding And Soldering And Brazing Machinery And Accessories And Supplies,Gas Welding Or Brazing Rod
3424,Drugs And Pharmaceutical Products,Miscellaneous Drug Categories,Copper Sulfate
3425,Medical Equipment And Accessories And Supplies,Medical Apparel And Textiles,Hospital Bed Sheets
3426,Laboratory And Measuring And Observing And Testing Equipment,Measuring And Observing And Testing Instruments,Level Sensors Or Transmitters
3427,Medical Equipment And Accessories And Supplies,Physical And Occupational Therapy And Rehabilitation Products,Jaw Exercise Equipment
3428,Cleaning Equipment And Supplies,Cleaning And Janitorial Supplies,Sorbent Pads Or Rolls
3429,Medical Equipment And Accessories And Supplies,Physical And Occupational Therapy And Rehabilitation Products,Treadmill Exercisers For Rehabilitation Or Therapy
3430,Sports And Recreational Equipment And Supplies And Accessories,Fitness Equipment,Jump Ropes
3431,Chemicals Including Bio Chemicals And Gas Materials,Colorants,Carbon Black
3432,Distribution And Conditioning Systems And Equipment And Components,Heating And Ventilation And Air Circulation,Furnaces
3433,Sports And Recreational Equipment And Supplies And Accessories,Gymnastics And Boxing Equipment,Boxing Gloves
3434,Material Handling And Conditioning And Storage Machinery And Their Accessories And Supplies,Packing Supplies,Paper Pieces
3435,Sports And Recreational Equipment And Supplies And Accessories,Field And Court Sports Equipment,Volleyballs
3436,Sports And Recreational Equipment And Supplies And Accessories,Field And Court Sports Equipment,Tennis Court Equipment
3437,Sports And Recreational Equipment And Supplies And Accessories,Field And Court Sports Equipment,Baseball Batting Aids
3438,Farming And Fishing And Forestry And Wildlife Machinery And Accessories,Agricultural And Forestry And Landscape Machinery And Equipment,Soil Injector
3439,Industrial Manufacturing And Processing Machinery And Accessories,Raw Materials Processing Machinery,Drum Sander
3440,Distribution And Conditioning Systems And Equipment And Components,Industrial Pumps And Compressors,Water Pump Spare Parts
3441,Mining And Well Drilling Machinery And Accessories,Well Drilling And Operation Equipment,Wash Pipe
3442,Healthcare Services,Food And Nutrition Services,Food Or Nutrition Development Strategies
3443,Power Generation And Distribution Machinery And Accessories,Electrical Wire And Cable And Harness,Covered But Not Insulated Cable
3444,Power Generation And Distribution Machinery And Accessories,Batteries And Generators And Kinetic Power Transmission,Trantorque
3445,Commercial And Military And Private Vehicles And Their Accessories And Components,Motor Vehicles,Sports Car
3446,Tools And General Machinery,Hand Tools,Angle Grinder
3447,Food Beverage And Tobacco Products,Dried Vegetables,Dried Azuki Beans
3448,Power Generation And Distribution Machinery And Accessories,Batteries And Generators And Kinetic Power Transmission,Gas Generators
3449,Tools And General Machinery,Hand Tools,Pipe Wrenches
3450,Commercial And Military And Private Vehicles And Their Accessories And Components,Marine Transport,Research Vessel
3451,Power Generation And Distribution Machinery And Accessories,Electrical Wire And Cable And Harness,Outside Plant Telecommunications Cable
3452,Electrical Systems And Lighting And Components And Accessories And Supplies,Electrical Equipment And Components And Supplies,Electrical Plugs
3453,Food Beverage And Tobacco Products,Edible Oils And Fats,Soy Milk
3454,Laboratory And Measuring And Observing And Testing Equipment,Measuring And Observing And Testing Instruments,Pressure Sensors
3455,Information Technology Broadcasting And Telecommunications,Data Voice Or Multimedia Network Equipment Or Platforms And Accessories,Radio Antennas
3456,Manufacturing Components And Supplies,Hardware,Engineered Hinge
3457,Medical Equipment And Accessories And Supplies,Independent Living Aids For The Physically Challenged,Braille Devices For The Physically Challenged
3458,Medical Equipment And Accessories And Supplies,Patient Care And Treatment Products And Supplies,Medical Multipurpose Basins
3459,Structures And Building And Construction And Manufacturing Components And Supplies,Doors And Windows And Glass,Horizontal Slider Windows
3460,Farming And Fishing And Forestry And Wildlife Contracting Services,Land And Soil Preparation And Management And Protection,Watershed Management
3461,Domestic Appliances And Supplies And Consumer Electronic Products,Domestic Appliances,Domestic Dish Washers
3462,Laboratory And Measuring And Observing And Testing Equipment,Measuring And Observing And Testing Instruments,Spectrofluorimeters Or Fluorimeters
3463,Information Technology Broadcasting And Telecommunications,Computer Equipment And Accessories,Encoder Decoder Equipment
3464,Manufacturing Components And Supplies,Paints And Primers And Finishes,Paint Sprayers
3465,Chemicals Including Bio Chemicals And Gas Materials,Additives,Scale Inhibitor
3466,Tools And General Machinery,Hand Tools,Strap Wrenches
3467,Manufacturing Components And Supplies,Gaskets,Molded Gasket Kit
3468,Information Technology Broadcasting And Telecommunications,Data Voice Or Multimedia Network Equipment Or Platforms And Accessories,Modems
3469,Distribution And Conditioning Systems And Equipment And Components,Fluid And Gas Distribution,Liquid Traps
3470,Musical Instruments And Games And Toys And Arts And Crafts And Educational Equipment And Materials And Accessories And Supplies,Developmental And Professional Teaching Aids And Materials And Accessories And Supplies,Spectrum Charts
3471,Mining And Well Drilling Machinery And Accessories,Oil And Gas Drilling And Exploration Equipment,Mud Degassers
3472,Electrical Systems And Lighting And Components And Accessories And Supplies,Electrical Equipment And Components And Supplies,Arc Suppressor
3473,Chemicals Including Bio Chemicals And Gas Materials,Additives,Cementing Sealants
3474,Laboratory And Measuring And Observing And Testing Equipment,Laboratory And Scientific Equipment,Laboratory Cartridge Element Filters
3475,Laboratory And Measuring And Observing And Testing Equipment,Measuring And Observing And Testing Instruments,Autosamplers
3476,Laboratory And Measuring And Observing And Testing Equipment,Laboratory Supplies And Fixtures,Laboratory Vials
3477,Structures And Building And Construction And Manufacturing Components And Supplies,Interior Finishing Materials,Columns
3478,Defense And Law Enforcement And Security And Safety Equipment And Supplies,Security Surveillance And Detection,Video Monitors
3479,Food Beverage And Tobacco Products,Beverages,Chocolate Or Malt Or Other Hot Beverages
3480,Commercial And Military And Private Vehicles And Their Accessories And Components,Transportation Services Equipment,Wheel Balancing Equipment
3481,Paper Materials And Products,Industrial Use Papers,Waxed Paper
3482,Building And Facility Construction And Maintenance Services,Specialized Trade Construction And Maintenance Services,Irrigation Sprinkler System Installation Service
3483,Paper Materials And Products,Paper Products,Plotter Paper
3484,Distribution And Conditioning Systems And Equipment And Components,Fluid And Gas Distribution,Plumbing Hangers
3485,Manufacturing Components And Supplies,Hardware,Locking Bolts
3486,Service Industry Machinery And Equipment And Supplies,Institutional Food Services Equipment,Booths
3487,Printing And Photographic And Audio And Visual Equipment And Supplies,Audio And Visual Presentation And Composing Equipment,Videoconferencing Systems
3488,Environmental Services,Pollution Tracking And Monitoring And Rehabilitation,Surface Water Treatment Services
3489,Domestic Appliances And Supplies And Consumer Electronic Products,Bedclothes And Table And Kitchen Linen And Towels,Face Towel
3490,Mining And Well Drilling Machinery And Accessories,Well Drilling And Operation Equipment,Sewer Inspection Machinery
3491,Domestic Appliances And Supplies And Consumer Electronic Products,Domestic Appliances,Domestic Mixers
3492,Medical Equipment And Accessories And Supplies,Medical Sterilization Products,Medical Surface Disinfectants
3493,Environmental Services,Pollution Tracking And Monitoring And Rehabilitation,Air Pollution Monitoring Or Measurement Services
3494,Distribution And Conditioning Systems And Equipment And Components,Fluid And Gas Distribution,Ducting Hose
3495,Food Beverage And Tobacco Products,Fresh Vegetables,Hurst Green Shaft Peas
3496,Laboratory And Measuring And Observing And Testing Equipment,Measuring And Observing And Testing Instruments,Pressure Transducer
3497,Information Technology Broadcasting And Telecommunications,Data Voice Or Multimedia Network Equipment Or Platforms And Accessories,Wired Telecommunications Transmitter
3498,Electrical Systems And Lighting And Components And Accessories And Supplies,Lamps And Lightbulbs And Lamp Components,Lamp Glass
3499,Medical Equipment And Accessories And Supplies,Medical Diagnostic Imaging And Nuclear Medicine Products,Medical Ultrasound Or Doppler Or Echo Probes
3500,Office Equipment And Accessories And Supplies,Office Machines And Their Supplies And Accessories,Photoconductor Or Imaging Units
3501,Musical Instruments And Games And Toys And Arts And Crafts And Educational Equipment And Materials And Accessories And Supplies,Toys And Games,Dolls
3502,Food Beverage And Tobacco Products,Fresh Fruits,Burro Bananas
3503,Food Beverage And Tobacco Products,Dried Vegetables,Dried Collard Greens
3504,Furniture And Furnishings,Accommodation Furniture,Table Base
3505,Tools And General Machinery,Hand Tools,Bullet Pilot Point
3506,Food Beverage And Tobacco Products,Fresh Fruits,Orlando Tangelo Oranges
3507,Laboratory And Measuring And Observing And Testing Equipment,Measuring And Observing And Testing Instruments,Sugar Analyzers
3508,Distribution And Conditioning Systems And Equipment And Components,Fluid And Gas Distribution,Toilet Flush Valve
3509,Electrical Systems And Lighting And Components And Accessories And Supplies,Electrical Equipment And Components And Supplies,Electronic Fuse
3510,Food Beverage And Tobacco Products,Frozen Vegetables,Frozen Round White Potatoes
3511,Defense And Law Enforcement And Security And Safety Equipment And Supplies,Personal Safety And Protection,Back Support Rests
3512,Medical Equipment And Accessories And Supplies,Respiratory And Anesthesia And Resuscitation Products,Breathing Apparatus Accessories Or Supplies
3513,Structures And Building And Construction And Manufacturing Components And Supplies,Structural Building Products,Stone Bricks
3514,Laboratory And Measuring And Observing And Testing Equipment,Measuring And Observing And Testing Instruments,Pressure Gauge
3515,Material Handling And Conditioning And Storage Machinery And Their Accessories And Supplies,Material Handling Machinery And Equipment,Conveyor Belting
3516,Manufacturing Components And Supplies,Bearings And Bushings And Wheels And Gears,Pillow Block Bearings
3517,Information Technology Broadcasting And Telecommunications,Communications Devices And Accessories,Phone Handset Cords
3518,Manufacturing Components And Supplies,Rope And Chain And Cable And Wire And Strap,Coil Chains
3519,Land And Buildings And Structures And Thoroughfares,Prefabricated Buildings And Structures,Storage Shed
3520,Manufacturing Components And Supplies,Paints And Primers And Finishes,Anti Rust Paint
3521,Furniture And Furnishings,Commercial And Industrial Furniture,Chair Seat
3522,Distribution And Conditioning Systems And Equipment And Components,Pipe Piping And Pipe Fittings,Industrial Concrete Pipe
3523,Manufacturing Components And Supplies,Hardware,Twist Ties
3524,Distribution And Conditioning Systems And Equipment And Components,Pipe Piping And Pipe Fittings,Brass Pipe Connector
3525,Laboratory And Measuring And Observing And Testing Equipment,Measuring And Observing And Testing Instruments,Hemoglobin Or Hematocrit Monitor Or Meter
3526,Food Beverage And Tobacco Products,Fresh Vegetables,Purple Sweet Potato
3527,Food Beverage And Tobacco Products,Dried Vegetables,Dried Basil
3528,Domestic Appliances And Supplies And Consumer Electronic Products,Consumer Electronics,Global Positioning System Receivers
3529,Medical Equipment And Accessories And Supplies,Dental Equipment And Supplies,Dental X Ray Film Adapters
3530,Electrical Systems And Lighting And Components And Accessories And Supplies,Lighting Fixtures And Accessories,Flood Light
3531,Musical Instruments And Games And Toys And Arts And Crafts And Educational Equipment And Materials And Accessories And Supplies,Developmental And Professional Teaching Aids And Materials And Accessories And Supplies,Religious Product Kits Or Supplies
3532,Commercial And Military And Private Vehicles And Their Accessories And Components,Motor Vehicles,Agricultural Tractors
3533,Office Equipment And Accessories And Supplies,Office And Desk Accessories,Surface Protectors Or Pads
3534,Manufacturing Components And Supplies,Hardware,Wheels
3535,Sports And Recreational Equipment And Supplies And Accessories,Recreation And Playground And Swimming And Spa Equipment And Supplies,Water Test Kit Or Solutions
3536,Musical Instruments And Games And Toys And Arts And Crafts And Educational Equipment And Materials And Accessories And Supplies,Developmental And Professional Teaching Aids And Materials And Accessories And Supplies,Time Rubber Stamps
3537,Sports And Recreational Equipment And Supplies And Accessories,Recreation And Playground And Swimming And Spa Equipment And Supplies,Pool Or Spa Or Whirlpool Chemical
3538,Power Generation And Distribution Machinery And Accessories,Power Sources,Fuel Vapor Canister
3539,Food Beverage And Tobacco Products,Frozen Vegetables,Frozen Autumn King Carrots
3540,Material Handling And Conditioning And Storage Machinery And Their Accessories And Supplies,Material Handling Machinery And Equipment,Air Conveyors
3541,Domestic Appliances And Supplies And Consumer Electronic Products,Domestic Appliances,Domestic Freezers
3542,Information Technology Broadcasting And Telecommunications,Software,Expert System Software
3543,Service Industry Machinery And Equipment And Supplies,Institutional Food Services Equipment,Commercial Use Deep Fryers
3544,Service Industry Machinery And Equipment And Supplies,Institutional Food Services Equipment,Commercial Use Convection Ovens
3545,Medical Equipment And Accessories And Supplies,Medical Sterilization Products,Sanitizer Heaters Or Accessories
3546,Medical Equipment And Accessories And Supplies,Surgical Products,Surgical Suture Or Wire Passers Or Related Products
3547,Medical Equipment And Accessories And Supplies,Medical Diagnostic Imaging And Nuclear Medicine Products,Catheter Carts
3548,Industrial Manufacturing And Processing Machinery And Accessories,Metal Cutting Machinery And Accessories,Beveling Machine
3549,Information Technology Broadcasting And Telecommunications,Communications Devices And Accessories,Analog Telephones
3550,Distribution And Conditioning Systems And Equipment And Components,Fluid And Gas Distribution,Nozzles
3551,Distribution And Conditioning Systems And Equipment And Components,Heating And Ventilation And Air Circulation,Boiler Or Heater Igniter
3552,Power Generation And Distribution Machinery And Accessories,Batteries And Generators And Kinetic Power Transmission,Diesel Generators
3553,Paper Materials And Products,Paper Products,Notebook Filler Paper
3554,Commercial And Military And Private Vehicles And Their Accessories And Components,Transportation Services Equipment,Engine Simulation Tester
3555,Laboratory And Measuring And Observing And Testing Equipment,Measuring And Observing And Testing Instruments,Enzyme Analyzers
3556,Building And Construction Machinery And Accessories,Heavy Construction Machinery And Equipment,Manlift Or Personnel Lift
3557,Service Industry Machinery And Equipment And Supplies,Institutional Food Services Equipment,Aluminum Food Wrapping Foil
3558,Defense And Law Enforcement And Security And Safety Equipment And Supplies,Personal Safety And Protection,Safety Harness Winders
3559,Cleaning Equipment And Supplies,Water And Wastewater Treatment Supply And Disposal,Water Fluoridation Chemical
3560,Medical Equipment And Accessories And Supplies,Medical Diagnostic Imaging And Nuclear Medicine Products,Medical X Ray Film Archiving System Software
3561,Information Technology Broadcasting And Telecommunications,Data Voice Or Multimedia Network Equipment Or Platforms And Accessories,Firewall Network Security Equipment
3562,Musical Instruments And Games And Toys And Arts And Crafts And Educational Equipment And Materials And Accessories And Supplies,Developmental And Professional Teaching Aids And Materials And Accessories And Supplies,Sex Education Or Sexually Transmitted Disease Instructional Materials
3563,Printing And Photographic And Audio And Visual Equipment And Supplies,Printing And Publishing Equipment,Offset Printing Presses
3564,Commercial And Military And Private Vehicles And Their Accessories And Components,Transportation Services Equipment,Vehicle Service Creeper
3565,Laboratory And Measuring And Observing And Testing Equipment,Measuring And Observing And Testing Instruments,Cylinder Gauge
3566,Engineering And Research And Technology Based Services,Information Technology Service Delivery,Network Account Administration Service
3567,Printing And Photographic And Audio And Visual Equipment And Supplies,Audio And Visual Presentation And Composing Equipment,Television Mounts
3568,Information Technology Broadcasting And Telecommunications,Data Voice Or Multimedia Network Equipment Or Platforms And Accessories,Cable Modems
3569,Paper Materials And Products,Paper Products,Calculator Or Cash Register Paper
3570,Material Handling And Conditioning And Storage Machinery And Their Accessories And Supplies,Containers And Storage,Equipment Transportation Case
3571,Electrical Systems And Lighting And Components And Accessories And Supplies,Electrical Equipment And Components And Supplies,Photocontrols
3572,Power Generation And Distribution Machinery And Accessories,Power Sources,Pistons
3573,Office Equipment And Accessories And Supplies,Office Machines And Their Supplies And Accessories,Multifunction Machines
3574,Farming And Fishing And Forestry And Wildlife Contracting Services,Fisheries And Aquaculture,Line Fishing
3575,Information Technology Broadcasting And Telecommunications,Data Voice Or Multimedia Network Equipment Or Platforms And Accessories,Telecommunication Equipment Installation Or Modification Kits
3576,Food Beverage And Tobacco Products,Fresh Vegetables,Super Beefsteak Tomatoes
3577,Defense And Law Enforcement And Security And Safety Equipment And Supplies,Light Weapons And Ammunition,Police Or Security Shotguns
3578,Electrical Systems And Lighting And Components And Accessories And Supplies,Electrical Equipment And Components And Supplies,Pad Mount Transformer
3579,Mineral And Textile And Inedible Plant And Animal Materials,Fabrics And Leather Materials,Burlap Cloth
3580,Laboratory And Measuring And Observing And Testing Equipment,Measuring And Observing And Testing Instruments,Water Meter Check System
3581,Information Technology Broadcasting And Telecommunications,Computer Equipment And Accessories,Personal Computers
3582,Medical Equipment And Accessories And Supplies,Orthopedic And Prosthetic And Sports Medicine Products,Arm Traction Supplies
3583,Structures And Building And Construction And Manufacturing Components And Supplies,Structural Components And Basic Shapes,Aluminum Rail
3584,Furniture And Furnishings,Accommodation Furniture,Projector Stands Or Carts
3585,Industrial Production And Manufacturing Services,Metal And Mineral Industries,Concrete Or Aggregates Or Stone Products Manufacturing Services
3586,Live Plant And Animal Material And Accessories And Supplies,Animal Feed,Oil Cake
3587,Domestic Appliances And Supplies And Consumer Electronic Products,Consumer Electronics,Karaoke Systems
3588,Distribution And Conditioning Systems And Equipment And Components,Industrial Pumps And Compressors,Duplex Pumps
3589,Farming And Fishing And Forestry And Wildlife Contracting Services,Water Resources Development And Oversight,Water Testing Services
3590,Distribution And Conditioning Systems And Equipment And Components,Heating And Ventilation And Air Circulation,Fan Filter Unit
3591,Information Technology Broadcasting And Telecommunications,Components For Information Technology Or Broadcasting Or Telecommunications,Hard Disk Drive Array Towers
3592,Laboratory And Measuring And Observing And Testing Equipment,Measuring And Observing And Testing Instruments,Frequency Analyzers
3593,Power Generation And Distribution Machinery And Accessories,Batteries And Generators And Kinetic Power Transmission,Speed Controller
3594,Live Plant And Animal Material And Accessories And Supplies,Animal Feed,Feed Corn
3595,Healthcare Services,Medical Practice,Dentists Services
3596,Sports And Recreational Equipment And Supplies And Accessories,Field And Court Sports Equipment,Team Handball Balls
3597,Distribution And Conditioning Systems And Equipment And Components,Heating And Ventilation And Air Circulation,Vents
3598,Transportation And Storage And Mail Services,Mail And Cargo Transport,Post Office Box Services
3599,Manufacturing Components And Supplies,Stampings And Sheet Components,Welded Metal Components
3600,Medical Equipment And Accessories And Supplies,Wound Care Products,Suturing Kits Or Trays Or Packs Or Sets
3601,Service Industry Machinery And Equipment And Supplies,Institutional Food Services Equipment,Commercial Use Mixers
3602,Mineral And Textile And Inedible Plant And Animal Materials,Non Edible Plant And Forestry Products,Bark
3603,Commercial And Military And Private Vehicles And Their Accessories And Components,Transportation Components And Systems,Automotive Windows
3604,Medical Equipment And Accessories And Supplies,Patient Exam And Monitoring Products,Electrocardiography Ekg Surface Electrode Testers
3605,Commercial And Military And Private Vehicles And Their Accessories And Components,Vehicle Bodies And Trailers,Container Trailers
3606,Structures And Building And Construction And Manufacturing Components And Supplies,Roads And Landscape,Concrete Slab
3607,Defense And Law Enforcement And Security And Safety Equipment And Supplies,Personal Safety And Protection,Fire Retardant Apparel
3608,Material Handling And Conditioning And Storage Machinery And Their Accessories And Supplies,Material Handling Machinery And Equipment,Dock Levelers
3609,Mining And Well Drilling Machinery And Accessories,Oil And Gas Drilling And Exploration Equipment,Sand Control Screens
3610,Electrical Systems And Lighting And Components And Accessories And Supplies,Lamps And Lightbulbs And Lamp Components,Electronic High Intensity Discharge Ehid Ballast
3611,Management And Business Professionals And Administrative Services,Management Advisory Services,Human Resources Consulting Service
3612,Structures And Building And Construction And Manufacturing Components And Supplies,Doors And Windows And Glass,Vented Skylights
3613,Musical Instruments And Games And Toys And Arts And Crafts And Educational Equipment And Materials And Accessories And Supplies,Toys And Games,Video Games
3614,Food Beverage And Tobacco Products,Fresh Vegetables,Bambarra Groundnut Peanuts
3615,Power Generation And Distribution Machinery And Accessories,Atomic And Nuclear Energy Machinery And Equipment,Hot Cell Shielding Doors
3616,Manufacturing Components And Supplies,Paints And Primers And Finishes,Paint Extenders
3617,Medical Equipment And Accessories And Supplies,Dental Equipment And Supplies,Dental Impression Material Syringes Or Accessories
3618,Live Plant And Animal Material And Accessories And Supplies,Seeds And Bulbs And Seedlings And Cuttings,Sweet Potato Seeds Or Seedlings
3619,Engineering And Research And Technology Based Services,Professional Engineering Services,Geotechnical Or Geoseismic Engineering
3620,Cleaning Equipment And Supplies,Cleaning And Janitorial Supplies,Automotive Cleaners
3621,Food Beverage And Tobacco Products,Fresh Fruits,Cameo Apples
3622,Medical Equipment And Accessories And Supplies,Physical And Occupational Therapy And Rehabilitation Products,Dressing Education Products
3623,Laboratory And Measuring And Observing And Testing Equipment,Laboratory And Scientific Equipment,Fume Hoods Or Cupboards
3624,Manufacturing Components And Supplies,Hardware,Anti Corrosion Anode
3625,Information Technology Broadcasting And Telecommunications,Communications Devices And Accessories,Special Purpose Telephones
3626,Mining And Well Drilling Machinery And Accessories,Oil And Gas Drilling And Exploration Equipment,Telemetry Systems
3627,Musical Instruments And Games And Toys And Arts And Crafts And Educational Equipment And Materials And Accessories And Supplies,Arts And Crafts Equipment And Accessories And Supplies,Plaster Wrap
3628,Domestic Appliances And Supplies And Consumer Electronic Products,Domestic Kitchenware And Kitchen Supplies,Domestic Forks
3629,Material Handling And Conditioning And Storage Machinery And Their Accessories And Supplies,Packing Supplies,Blister Packs
3630,Electrical Systems And Lighting And Components And Accessories And Supplies,Electrical Equipment And Components And Supplies,Semiconductor Fuse
3631,Published Products,Signage And Accessories,Sign Holders Or Stands
3632,Healthcare Services,Comprehensive Health Services,Psychiatric Hospital Services
3633,Industrial Production And Manufacturing Services,Manufacture Of Electrical Goods And Precision Instruments,Watches Or Clocks Manufacture Services
3634,Material Handling And Conditioning And Storage Machinery And Their Accessories And Supplies,Containers And Storage,Water Storage Tanks
3635,Electrical Systems And Lighting And Components And Accessories And Supplies,Electrical Equipment And Components And Supplies,Meter Centers Or Sockets
3636,Food Beverage And Tobacco Products,Beverages,Leaf Tea
3637,Office Equipment And Accessories And Supplies,Office Machines And Their Supplies And Accessories,Binding Spines Or Snaps
3638,Fuels And Fuel Additives And Lubricants And Anti Corrosive Materials,Lubricants And Oils And Greases And Anti Corrosives,Turbine Oil
3639,Information Technology Broadcasting And Telecommunications,Software,Materials Requirements Planning Logistics And Supply Chain Software
3640,Food Beverage And Tobacco Products,Prepared And Preserved Foods,Dried Shellfish And Fish Fillet
3641,Farming And Fishing And Forestry And Wildlife Contracting Services,Wildlife And Flora,Marine Ecosystem Management Services
3642,Public Utilities And Public Sector Related Services,Information Services,Online Database Information Retrieval Systems
3643,Distribution And Conditioning Systems And Equipment And Components,Heating And Ventilation And Air Circulation,Quartz Heater
3644,Tools And General Machinery,Hand Tools,Border Shear
3645,Manufacturing Components And Supplies,Hardware,Roofing Nails
3646,Electrical Systems And Lighting And Components And Accessories And Supplies,Electrical Equipment And Components And Supplies,Insulating Tube
3647,Manufacturing Components And Supplies,Hardware,Coupling Nuts
3648,Tools And General Machinery,Hand Tools,Disc Sander
3649,Information Technology Broadcasting And Telecommunications,Data Voice Or Multimedia Network Equipment Or Platforms And Accessories,Network Routers
3650,Tools And General Machinery,Hand Tools,Hair Scissors
3651,Medical Equipment And Accessories And Supplies,Medical Facility Products,Wheelchair Lift
3652,Mining And Well Drilling Machinery And Accessories,Oil And Gas Drilling And Exploration Equipment,Pipe Handling Equipment Parts And Accessories
3653,Industrial Manufacturing And Processing Machinery And Accessories,Industrial Process Machinery And Equipment And Supplies,Specialty Assembly
3654,Power Generation And Distribution Machinery And Accessories,Batteries And Generators And Kinetic Power Transmission,Diaphragm Clutch
3655,Chemicals Including Bio Chemicals And Gas Materials,Additives,Water Flood Additives
3656,Medical Equipment And Accessories And Supplies,Dental Equipment And Supplies,Dental Veneer
3657,Farming And Fishing And Forestry And Wildlife Contracting Services,Water Resources Development And Oversight,Water Resources Planning Services
3658,Mining And Well Drilling Machinery And Accessories,Well Drilling And Operation Equipment,Water Well Drilling Equipment
3659,Building And Construction Machinery And Accessories,Heavy Construction Machinery And Equipment,Skid Steer Loaders
3660,Food Beverage And Tobacco Products,Fresh Fruits,Royal Diamond Plums
3661,Service Industry Machinery And Equipment And Supplies,Vending Machines,Snack Or Small Package Goods Display Machines
3662,Tools And General Machinery,Hand Tools,Screwdriver Accessories And Supplies
3663,Distribution And Conditioning Systems And Equipment And Components,Fluid And Gas Distribution,Air Water Gas Multipurpose Hoses
3664,Information Technology Broadcasting And Telecommunications,Components For Information Technology Or Broadcasting Or Telecommunications,Computer Rack Component
3665,Education And Training Services,Vocational Training,Personnel Skills Training
3666,Electrical Systems And Lighting And Components And Accessories And Supplies,Electrical Equipment And Components And Supplies,Connecting Leads Or Wires
3667,Distribution And Conditioning Systems And Equipment And Components,Fluid And Gas Distribution,Nonlubricated Plug Valves
3668,Tools And General Machinery,Hand Tools,Miter Saw
3669,Engineering And Research And Technology Based Services,Earth Science Services,Mapping
3670,Public Utilities And Public Sector Related Services,Information Services,Remote Database Information Retrieval Services
3671,Medical Equipment And Accessories And Supplies,Patient Care And Treatment Products And Supplies,Transcutaneous Electric Nerve Stimulation Units
3672,Manufacturing Components And Supplies,Gaskets,Compressed Fiber Die Cut Gasket
3673,Chemicals Including Bio Chemicals And Gas Materials,Additives,Reforming Catalyst
3674,Medical Equipment And Accessories And Supplies,Clinical Nutrition,Tablet Crusher Dispensers Or Accessories
3675,Manufacturing Components And Supplies,Adhesives And Sealants,Nylon Tape
3676,Musical Instruments And Games And Toys And Arts And Crafts And Educational Equipment And Materials And Accessories And Supplies,Developmental And Professional Teaching Aids And Materials And Accessories And Supplies,Bacteria Testing Supplies
3677,Financial And Insurance Services,Accounting And Bookkeeping Services,Quarterly Reviews
3678,Laboratory And Measuring And Observing And Testing Equipment,Laboratory And Scientific Equipment,High Vacuum Equipment
3679,Laboratory And Measuring And Observing And Testing Equipment,Laboratory And Scientific Equipment,Vacuum Or Rotary Evaporators
3680,Apparel And Luggage And Personal Care Products,Personal Care Products,Deodorants
3681,Electrical Systems And Lighting And Components And Accessories And Supplies,Electrical Equipment And Components And Supplies,Air Circuit Breakers
3682,Land And Buildings And Structures And Thoroughfares,Portable Buildings And Structures,Shipping Container House
3683,Electrical Systems And Lighting And Components And Accessories And Supplies,Electrical Equipment And Components And Supplies,Connector Mounting Hardware
3684,Engineering And Research And Technology Based Services,Computer Services,Security And Protection Software Maintenance
3685,Industrial Cleaning Services,Refuse Disposal And Treatment,Liquid Waste Collection Or Processing Or Disposal
3686,Material Handling And Conditioning And Storage Machinery And Their Accessories And Supplies,Material Handling Machinery And Equipment,Cargo Handling Equipment
3687,Mining And Well Drilling Machinery And Accessories,Oil And Gas Drilling And Exploration Equipment,Sliding Sleeves
3688,Medical Equipment And Accessories And Supplies,Dental Equipment And Supplies,Endodontic Sprays
3689,Mineral And Textile And Inedible Plant And Animal Materials,Fabrics And Leather Materials,Graphite Fabric Or Cloth
3690,Distribution And Conditioning Systems And Equipment And Components,Industrial Filtering And Purification,Filter Repair Kits
3691,Domestic Appliances And Supplies And Consumer Electronic Products,Domestic Kitchenware And Kitchen Supplies,Domestic Baking Pans
3692,Chemicals Including Bio Chemicals And Gas Materials,Additives,Acid Corrosion Inhibitors
3693,Mining And Oil And Gas Services,Well Drilling And Construction Services,Well Management / Construction Services
3694,Tools And General Machinery,Hand Tools,Rivet Tools
3695,Food Beverage And Tobacco Products,Canned Or Jarred Vegetables,Canned Or Jarred Black Beans
3696,Tools And General Machinery,Pneumatic Machinery And Equipment,Accumulator Bladders Or Bags
3697,Distribution And Conditioning Systems And Equipment And Components,Tubes Tubing And Tube Fittings,Welded Steel End Formed Tube
3698,Laboratory And Measuring And Observing And Testing Equipment,Laboratory And Scientific Equipment,Specimen Holders
3699,Manufacturing Components And Supplies,Seals,Rubber Molded Seal
3700,Electrical Systems And Lighting And Components And Accessories And Supplies,Electrical Equipment And Components And Supplies,Lockout Hasp And Padlock
3701,Food Beverage And Tobacco Products,Canned Or Jarred Vegetables,Canned Or Jarred Pimiento Peppers
3702,Material Handling And Conditioning And Storage Machinery And Their Accessories And Supplies,Industrial Refrigeration,Counter Cabinet Freezer
3703,Electrical Systems And Lighting And Components And Accessories And Supplies,Electrical Equipment And Components And Supplies,Time Switch
3704,Laboratory And Measuring And Observing And Testing Equipment,Measuring And Observing And Testing Instruments,Liquid Sensor
3705,Live Plant And Animal Material And Accessories And Supplies,Fresh Cut Rose,Fresh Cut Salsa Spray Rose
3706,Laboratory And Measuring And Observing And Testing Equipment,Laboratory And Scientific Equipment,Gas Burners
3707,Information Technology Broadcasting And Telecommunications,Software,Information Retrieval Or Search Software
3708,Laboratory And Measuring And Observing And Testing Equipment,Measuring And Observing And Testing Instruments,Current Sensors
3709,Distribution And Conditioning Systems And Equipment And Components,Fluid And Gas Distribution,Compressed Gas Valve
3710,Chemicals Including Bio Chemicals And Gas Materials,Elements And Gases,Lithium Li
3711,Transportation And Storage And Mail Services,Mail And Cargo Transport,Letter Or Small Parcel Worldwide Delivery Services
3712,Electrical Systems And Lighting And Components And Accessories And Supplies,Lighting Fixtures And Accessories,Stage Or Projection Or Studio Lighting System
3713,Food Beverage And Tobacco Products,Fresh Fruits,Lacatan Bananas
3714,Defense And Law Enforcement And Security And Safety Equipment And Supplies,Security Surveillance And Detection,Lock Cylinder Accessory
3715,Furniture And Furnishings,Commercial And Industrial Furniture,Benches
3716,Manufacturing Components And Supplies,Castings And Casting Assemblies,Aluminum High Pressure Die Casting
3717,Medical Equipment And Accessories And Supplies,Medical Training And Education Supplies,Anatomical Human Mannequins For Medical Education Or Training
3718,Laboratory And Measuring And Observing And Testing Equipment,Measuring And Observing And Testing Instruments,Gauge Block
3719,Tools And General Machinery,Hand Tools,Mallets
3720,Food Beverage And Tobacco Products,Dairy Products And Eggs,Egg Imitation
3721,Power Generation And Distribution Machinery And Accessories,Power Sources,Intake Manifolds
3722,Farming And Fishing And Forestry And Wildlife Machinery And Accessories,Agricultural And Forestry And Landscape Machinery And Equipment,Mower Parts Or Accessories
3723,Distribution And Conditioning Systems And Equipment And Components,Heating And Ventilation And Air Circulation,Process Air Heaters
3724,Medical Equipment And Accessories And Supplies,Independent Living Aids For The Physically Challenged,Long Handled Dustpans Or Brushes For The Physically Challenged
3725,Mineral And Textile And Inedible Plant And Animal Materials,Fabrics And Leather Materials,Lace
3726,Food Beverage And Tobacco Products,Frozen Fruit,Frozen Braeburn Apples
3727,Distribution And Conditioning Systems And Equipment And Components,Industrial Filtering And Purification,Filter Cloth
3728,Chemicals Including Bio Chemicals And Gas Materials,Additives,Asphalt Waterproof Coating
3729,Mining And Well Drilling Machinery And Accessories,Mining And Quarrying Machinery And Equipment,Core Drills
3730,Medical Equipment And Accessories And Supplies,Wound Care Products,Medical Non Adherent Straps
3731,Medical Equipment And Accessories And Supplies,Medical Apparel And Textiles,Medical Staff Eye Shield Or Visor
3732,Domestic Appliances And Supplies And Consumer Electronic Products,Consumer Electronics,Satellite Receivers
3733,Tools And General Machinery,Hand Tools,Retaining Ring Pliers
3734,Manufacturing Components And Supplies,Bearings And Bushings And Wheels And Gears,Flanged Bearings
3735,Industrial Manufacturing And Processing Machinery And Accessories,Metal Cutting Machinery And Accessories,Tracer Or Duplicating Or Contouring Lathe
3736,Distribution And Conditioning Systems And Equipment And Components,Industrial Pumps And Compressors,Submersible Pump Spare Parts
3737,Healthcare Services,Medical Practice,Cardiology Services
3738,Politics And Civic Affairs Services,Public Administration And Finance Services,Public Enterprises Management Or Financial Services
3739,Financial And Insurance Services,Development Finance,Financial Assistance
3740,Building And Facility Construction And Maintenance Services,Specialized Trade Construction And Maintenance Services,Foundation And Footing Construction Service
3741,National Defense And Public Order And Security And Safety Services,Public Order And Safety,Search And Rescue Teams
3742,Manufacturing Components And Supplies,Fabricated Tube Assemblies,Stainless Steel Bolted Tube Assemblies
3743,Distribution And Conditioning Systems And Equipment And Components,Fluid And Gas Distribution,Steel Ducts Or Ductwork
3744,Furniture And Furnishings,Commercial And Industrial Furniture,Industrial Tool Carts
3745,Structures And Building And Construction And Manufacturing Components And Supplies,Plumbing Fixtures,Bathtub Or Shower Enclosures
3746,Paper Materials And Products,Industrial Use Papers,Photography Paper
3747,Commercial And Military And Private Vehicles And Their Accessories And Components,Marine Transport,Ammunition Ships
3748,Domestic Appliances And Supplies And Consumer Electronic Products,Domestic Appliances,Domestic Electric Razors
3749,Medical Equipment And Accessories And Supplies,Dental Equipment And Supplies,Dental X Ray Apparatus Parts Or Kits Or Accessories
3750,Tools And General Machinery,Hand Tools,Pipe Vises
3751,Information Technology Broadcasting And Telecommunications,Data Voice Or Multimedia Network Equipment Or Platforms And Accessories,Fiber Optic Scope Eyepiece
3752,Manufacturing Components And Supplies,Adhesives And Sealants,Pastes
3753,Domestic Appliances And Supplies And Consumer Electronic Products,Domestic Kitchenware And Kitchen Supplies,Domestic Muffin Pans
3754,Medical Equipment And Accessories And Supplies,Orthopedic And Prosthetic And Sports Medicine Products,Leg Orthopedic Softgoods Or Accessories
3755,Mining And Well Drilling Machinery And Accessories,Well Drilling And Operation Equipment,Pneumatic Vibrators
3756,Structures And Building And Construction And Manufacturing Components And Supplies,Structural Components And Basic Shapes,Iron Angles
3757,Cleaning Equipment And Supplies,Janitorial Equipment,Wet Or Dry Combination Vacuum Cleaners
3758,Electrical Systems And Lighting And Components And Accessories And Supplies,Lamps And Lightbulbs And Lamp Components,High Intensity Discharge Hid Ballast
3759,Cleaning Equipment And Supplies,Water And Wastewater Treatment Supply And Disposal,Water Softening Compounds
3760,Power Generation And Distribution Machinery And Accessories,Power Sources,Fuel Injection Nozzle
3761,Medical Equipment And Accessories And Supplies,Patient Exam And Monitoring Products,Stethoscope Headsets
3762,Food Beverage And Tobacco Products,Bread And Bakery Products,Rice Cake
3763,Food Beverage And Tobacco Products,Frozen Vegetables,Frozen Russet Potatoes
3764,Medical Equipment And Accessories And Supplies,Patient Care And Treatment Products And Supplies,Butterfly Needles
3765,Material Handling And Conditioning And Storage Machinery And Their Accessories And Supplies,Containers And Storage,Box
3766,Defense And Law Enforcement And Security And Safety Equipment And Supplies,Law Enforcement,Riot Shields
3767,Musical Instruments And Games And Toys And Arts And Crafts And Educational Equipment And Materials And Accessories And Supplies,Arts And Crafts Equipment And Accessories And Supplies,Mounting Board
3768,Material Handling And Conditioning And Storage Machinery And Their Accessories And Supplies,Material Handling Machinery And Equipment,Hoist Drums
3769,Electronic Components And Supplies,Automation Control Devices And Components And Accessories,Safety Isolation System
3770,Furniture And Furnishings,Commercial And Industrial Furniture,Industrial Lighting Or Power Or Data Components
3771,Laboratory And Measuring And Observing And Testing Equipment,Measuring And Observing And Testing Instruments,Urinalysis Analyzer Accessories Or Supplies
3772,Timepieces And Jewelry And Gemstone Products,Timepieces,Watch Or Clock Dials
3773,Tools And General Machinery,Hand Tools,Bevels
3774,Medical Equipment And Accessories And Supplies,Orthopedic And Prosthetic And Sports Medicine Products,Prosthetic Clamping Devices Or Accessories
3775,Office Equipment And Accessories And Supplies,Office Supplies,Wall Or Board Clips
3776,Material Handling And Conditioning And Storage Machinery And Their Accessories And Supplies,Containers And Storage,Canvas Bags
3777,Furniture And Furnishings,Classroom And Instructional And Institutional Furniture And Fixtures,Book Carts Or Book Trucks
3778,Office Equipment And Accessories And Supplies,Office Supplies,Accordion File Folder
3779,Mining And Well Drilling Machinery And Accessories,Oil And Gas Drilling And Exploration Equipment,Rotary Steerable Tools
3780,Distribution And Conditioning Systems And Equipment And Components,Tubes Tubing And Tube Fittings,Heat Shrink Tubing
3781,Medical Equipment And Accessories And Supplies,Medical Diagnostic Imaging And Nuclear Medicine Products,Medical Radiological Shielding Aprons Or Masks Or Drapes
3782,Service Industry Machinery And Equipment And Supplies,Institutional Food Services Equipment,Commercial Use Direct Heat Boiling Pan
3783,Tools And General Machinery,Hand Tools,Claw Hammer
3784,Cleaning Equipment And Supplies,Cleaning And Janitorial Supplies,Sanitary Waste Receptacles
3785,Chemicals Including Bio Chemicals And Gas Materials,Additives,Aromatic Ester Plasticizer
3786,Laboratory And Measuring And Observing And Testing Equipment,Measuring And Observing And Testing Instruments,Temperature Gauge
3787,Information Technology Broadcasting And Telecommunications,Communications Devices And Accessories,Phone Line Protectors
3788,Material Handling And Conditioning And Storage Machinery And Their Accessories And Supplies,Packing Supplies,Reel
3789,Manufacturing Components And Supplies,Hardware,Anchor Screws
3790,Food Beverage And Tobacco Products,Fresh Vegetables,Maple Sweet Corn
3791,Management And Business Professionals And Administrative Services,Human Resources Services,Labor Training Or Development
3792,Office Equipment And Accessories And Supplies,Office And Desk Accessories,Battery Driven Whiteboard Eraser
3793,Medical Equipment And Accessories And Supplies,Patient Exam And Monitoring Products,Corneal Topographers
3794,Service Industry Machinery And Equipment And Supplies,Institutional Food Services Equipment,Food Service Serving Baskets
3795,Tools And General Machinery,Hand Tools,Scrapers
3796,Drugs And Pharmaceutical Products,Drugs Affecting The Gastrointestinal System,Sodium Phosphate
3797,Information Technology Broadcasting And Telecommunications,Software,Graphics Or Photo Imaging Software
3798,Medical Equipment And Accessories And Supplies,Dental Equipment And Supplies,Dental X Ray Viewers Or Accessories
3799,Food Beverage And Tobacco Products,Fresh Fruits,French Butter Pears
3800,Timepieces And Jewelry And Gemstone Products,Jewelry,Fine Jewelry Bracelets
3801,Material Handling And Conditioning And Storage Machinery And Their Accessories And Supplies,Containers And Storage,Zipper Bag
3802,Manufacturing Components And Supplies,Fabricated Tube Assemblies,Aluminum Welded Or Brazed Tube Assemblies
3803,Material Handling And Conditioning And Storage Machinery And Their Accessories And Supplies,Industrial Refrigeration,Walk In Freezers
3804,Distribution And Conditioning Systems And Equipment And Components,Fluid And Gas Distribution,Air Hoses
3805,Distribution And Conditioning Systems And Equipment And Components,Pipe Piping And Pipe Fittings,Pvc Plastic Pipe Connector
3806,Electrical Systems And Lighting And Components And Accessories And Supplies,Electrical Equipment And Components And Supplies,Masonry Box
3807,Material Handling And Conditioning And Storage Machinery And Their Accessories And Supplies,Packing Supplies,Cable Protectors
3808,Laboratory And Measuring And Observing And Testing Equipment,Laboratory Supplies And Fixtures,Test And Culture Tube Dispenser
3809,Power Generation And Distribution Machinery And Accessories,Batteries And Generators And Kinetic Power Transmission,Gas Turbine Generator
3810,Medical Equipment And Accessories And Supplies,Emergency And Field Medical Services Products,Emergency Medical Services Response Cases Or Bags
3811,Distribution And Conditioning Systems And Equipment And Components,Industrial Pumps And Compressors,Diaphragm Compressors
3812,Distribution And Conditioning Systems And Equipment And Components,Fluid And Gas Distribution,Y Strainer
3813,Healthcare Services,Medical Surgical Equipment Maintenance Refurbishment And Repair Services,Medical Or Surgical Equipment Service Agreement
3814,Medical Equipment And Accessories And Supplies,Medical Apparel And Textiles,Medical Staff Jackets Or Coats
3815,Medical Equipment And Accessories And Supplies,Orthopedic And Prosthetic And Sports Medicine Products,Orthopedic Casting Rolls Or Tapes
3816,Structures And Building And Construction And Manufacturing Components And Supplies,Structural Components And Basic Shapes,Steel Plate
3817,Domestic Appliances And Supplies And Consumer Electronic Products,Domestic Kitchenware And Kitchen Supplies,Domestic Kettles
3818,Medical Equipment And Accessories And Supplies,Orthopedic And Prosthetic And Sports Medicine Products,Cast Spreader
3819,Medical Equipment And Accessories And Supplies,Medical Facility Products,Patient Care Beds Or Accessories For General Use
3820,Medical Equipment And Accessories And Supplies,Patient Care And Treatment Products And Supplies,Iontophoresis Electrode
3821,Material Handling And Conditioning And Storage Machinery And Their Accessories And Supplies,Containers And Storage,Non Metallic Pails
3822,Commercial And Military And Private Vehicles And Their Accessories And Components,Transportation Components And Systems,Bicycle Tires
3823,Domestic Appliances And Supplies And Consumer Electronic Products,Domestic Kitchenware And Kitchen Supplies,Domestic Disposable Stirrers
3824,Medical Equipment And Accessories And Supplies,Emergency And Field Medical Services Products,Emergency Medical Services Long Distance Response Ldr Trauma Packs
3825,Politics And Civic Affairs Services,Political Systems And Institutions,Cabinet Officers Services
3826,Musical Instruments And Games And Toys And Arts And Crafts And Educational Equipment And Materials And Accessories And Supplies,Arts And Crafts Equipment And Accessories And Supplies,Paint Pots For Paint Storage Or Mixing
3827,Electrical Systems And Lighting And Components And Accessories And Supplies,Electrical Equipment And Components And Supplies,Cable Clips
3828,Material Handling And Conditioning And Storage Machinery And Their Accessories And Supplies,Material Handling Machinery And Equipment,Packaging Compactors
3829,Food Beverage And Tobacco Products,Organic Fresh Vegetables,Organic Super Beefsteak Tomatoes
3830,Tools And General Machinery,Pneumatic Machinery And Equipment,Air Manifolds
3831,Electronic Components And Supplies,Automation Control Devices And Components And Accessories,Supervisory Control And Data Acquisition Packaged System Scada
3832,Laboratory And Measuring And Observing And Testing Equipment,Measuring And Observing And Testing Instruments,Electrical Admittance Sensors
3833,Engineering And Research And Technology Based Services,Information Technology Service Delivery,Pager Support Service
3834,Medical Equipment And Accessories And Supplies,Intravenous And Arterial Administration Products,Intravenous Pump Parts Or Accessories
3835,Manufacturing Components And Supplies,Paints And Primers And Finishes,Paint Tray Liners
3836,Public Utilities And Public Sector Related Services,Utilities,Water Resource Management
3837,Medical Equipment And Accessories And Supplies,Physical And Occupational Therapy And Rehabilitation Products,Therapeutic Balls Or Accessories
3838,Farming And Fishing And Forestry And Wildlife Contracting Services,Fisheries And Aquaculture,Fishery Information Or Documentation Services
3839,Manufacturing Components And Supplies,Seals,Mechanical Seal Kit
3840,Tools And General Machinery,Pneumatic Machinery And Equipment,Pneumatic Cylinders
3841,Musical Instruments And Games And Toys And Arts And Crafts And Educational Equipment And Materials And Accessories And Supplies,Developmental And Professional Teaching Aids And Materials And Accessories And Supplies,Kitchen Utensils Instructional Aids
3842,Engineering And Research And Technology Based Services,Professional Engineering Services,High Voltage Overhead Line Construction
3843,Distribution And Conditioning Systems And Equipment And Components,Heating And Ventilation And Air Circulation,Ceiling Fan Kit
3844,Medical Equipment And Accessories And Supplies,Medical Sterilization Products,Radiation Sterilizers
3845,Industrial Manufacturing And Processing Machinery And Accessories,Industrial Process Machinery And Equipment And Supplies,Automatic Bag Making Machine
3846,Apparel And Luggage And Personal Care Products,Clothing,Brassieres
3847,Laboratory And Measuring And Observing And Testing Equipment,Measuring And Observing And Testing Instruments,Voice Data Video Cable Tester
3848,Commercial And Military And Private Vehicles And Their Accessories And Components,Marine Transport,Fishing Boats
3849,Structures And Building And Construction And Manufacturing Components And Supplies,Plumbing Fixtures,Toilet Seat
3850,Resin And Rosin And Rubber And Foam And Film And Elastomeric Materials,Resins And Rosins And Other Resin Derived Materials,Indene Resins
3851,Environmental Services,Environmental Management,Environmental Sciences Advisory Services
3852,Furniture And Furnishings,Classroom And Instructional And Institutional Furniture And Fixtures,Laboratory Workstations
3853,Distribution And Conditioning Systems And Equipment And Components,Industrial Filtering And Purification,Air Cleaners
3854,Live Plant And Animal Material And Accessories And Supplies,Seeds And Bulbs And Seedlings And Cuttings,Vanilla Seeds Or Seedlings
3855,Material Handling And Conditioning And Storage Machinery And Their Accessories And Supplies,Industrial Refrigeration,Refrigerated Containers
3856,Laboratory And Measuring And Observing And Testing Equipment,Measuring And Observing And Testing Instruments,Directional Coupler
3857,Distribution And Conditioning Systems And Equipment And Components,Heating And Ventilation And Air Circulation,Steam Condenser
3858,Mining And Well Drilling Machinery And Accessories,Oil And Gas Drilling And Exploration Equipment,Motor End Lifts
3859,Laboratory And Measuring And Observing And Testing Equipment,Measuring And Observing And Testing Instruments,Water Meters
3860,Medical Equipment And Accessories And Supplies,Wound Care Products,Dressing Covers
3861,Domestic Appliances And Supplies And Consumer Electronic Products,Domestic Kitchenware And Kitchen Supplies,Dough Knife
3862,Medical Equipment And Accessories And Supplies,Medical Sterilization Products,Ultraviolet Sterilizer
3863,Structures And Building And Construction And Manufacturing Components And Supplies,Roads And Landscape,Safety Fence And Net For Rock Drop
3864,Manufacturing Components And Supplies,Fabricated Pipe Assemblies,Stainless Steel Bonded Pipe Assemblies
3865,Defense And Law Enforcement And Security And Safety Equipment And Supplies,Personal Safety And Protection,Repellents For Canine Attacks
3866,Material Handling And Conditioning And Storage Machinery And Their Accessories And Supplies,Containers And Storage,Expansion Tanks
3867,Medical Equipment And Accessories And Supplies,Dental Equipment And Supplies,Dental Examination Chairs Or Related Parts Or Accessories
3868,Drugs And Pharmaceutical Products,Cardiovascular Drugs,Clonidine Hydrochloride
3869,Laboratory And Measuring And Observing And Testing Equipment,Laboratory And Scientific Equipment,Microcentrifuges
3870,Laboratory And Measuring And Observing And Testing Equipment,Measuring And Observing And Testing Instruments,Hygrometer Calibrator
3871,Commercial And Military And Private Vehicles And Their Accessories And Components,Marine Transport,Buoy
3872,Mining And Well Drilling Machinery And Accessories,Oil And Gas Drilling And Exploration Equipment,Fishing Wash Pipe And Extension
3873,Medical Equipment And Accessories And Supplies,Patient Exam And Monitoring Products,Patient Bed Or Table Scales For General Use
3874,Medical Equipment And Accessories And Supplies,Dental Equipment And Supplies,Dental Squeeze Cloths
3875,Medical Equipment And Accessories And Supplies,Dental Equipment And Supplies,Dental Formers
3876,Musical Instruments And Games And Toys And Arts And Crafts And Educational Equipment And Materials And Accessories And Supplies,Developmental And Professional Teaching Aids And Materials And Accessories And Supplies,Rock Specimens
3877,Material Handling And Conditioning And Storage Machinery And Their Accessories And Supplies,Industrial Refrigeration,Counter Refrigerator
3878,Food Beverage And Tobacco Products,Dried Fruit,Dried Santa Rosa Plums
3879,Electrical Systems And Lighting And Components And Accessories And Supplies,Electrical Equipment And Components And Supplies,Motor Starter Controls
3880,Electrical Systems And Lighting And Components And Accessories And Supplies,Electrical Equipment And Components And Supplies,Combination Device Switch
3881,Distribution And Conditioning Systems And Equipment And Components,Heating And Ventilation And Air Circulation,Space Heaters
3882,Printing And Photographic And Audio And Visual Equipment And Supplies,Photographic Or Filming Or Video Equipment,Camera Kits
3883,Material Handling And Conditioning And Storage Machinery And Their Accessories And Supplies,Containers And Storage,Calibrating Tanks
3884,Distribution And Conditioning Systems And Equipment And Components,Pipe Piping And Pipe Fittings,Commercial Pvc Pipe
3885,Manufacturing Components And Supplies,Hardware,Connecting Or Coupling Pins
3886,Electrical Systems And Lighting And Components And Accessories And Supplies,Electrical Equipment And Components And Supplies,Plug Fuses
3887,Musical Instruments And Games And Toys And Arts And Crafts And Educational Equipment And Materials And Accessories And Supplies,Arts And Crafts Equipment And Accessories And Supplies,Scrapers For Paint Application
3888,Mining And Oil And Gas Services,Well Drilling And Construction Services,Water Or Gas Control Evaluation Services
3889,Medical Equipment And Accessories And Supplies,Medical Facility Products,Medical Equipment Bags
3890,Domestic Appliances And Supplies And Consumer Electronic Products,Bedclothes And Table And Kitchen Linen And Towels,Dish Towels
3891,Medical Equipment And Accessories And Supplies,Patient Care And Treatment Products And Supplies,Thoracentesis Or Paracentesis Needle And Catheter
3892,Musical Instruments And Games And Toys And Arts And Crafts And Educational Equipment And Materials And Accessories And Supplies,Developmental And Professional Teaching Aids And Materials And Accessories And Supplies,Dominoes
3893,Commercial And Military And Private Vehicles And Their Accessories And Components,Transportation Components And Systems,Vehicle Accessories Storage Box
3894,Information Technology Broadcasting And Telecommunications,Communications Devices And Accessories,Phone Headset Voice Tubes
3895,Defense And Law Enforcement And Security And Safety Equipment And Supplies,Personal Safety And Protection,Insulated Or Flotation Suits
3896,Musical Instruments And Games And Toys And Arts And Crafts And Educational Equipment And Materials And Accessories And Supplies,Classroom Decoratives And Supplies,Big Bulletin Board Sets
3897,Medical Equipment And Accessories And Supplies,Patient Exam And Monitoring Products,Electrocardiography Ekg Cable Or Lead Or Unit Testers
3898,Laboratory And Measuring And Observing And Testing Equipment,Measuring And Observing And Testing Instruments,Laboratory Microscope Replacement Bulbs
3899,Laboratory And Measuring And Observing And Testing Equipment,Measuring And Observing And Testing Instruments,Metal Testing Instruments
3900,Musical Instruments And Games And Toys And Arts And Crafts And Educational Equipment And Materials And Accessories And Supplies,Arts And Crafts Equipment And Accessories And Supplies,Mosaic Tiles
3901,Commercial And Military And Private Vehicles And Their Accessories And Components,Transportation Components And Systems,Engine Coolant
3902,Furniture And Furnishings,Commercial And Industrial Furniture,Freestanding Lighting Or Power Or Data Components
3903,Laboratory And Measuring And Observing And Testing Equipment,Measuring And Observing And Testing Instruments,Carbon Monoxide Analyzer
3904,Editorial And Design And Graphic And Fine Art Services,Reproduction Services,Textile Printing
3905,Commercial And Military And Private Vehicles And Their Accessories And Components,Transportation Components And Systems,Truck Rims Or Wheels
3906,Domestic Appliances And Supplies And Consumer Electronic Products,Domestic Appliances,Domestic Yogurt Maker
3907,Office Equipment And Accessories And Supplies,Office Machines And Their Supplies And Accessories,Laminator Trays
3908,Travel And Food And Lodging And Entertainment Services,Hotels And Lodging And Meeting Facilities,Bed And Breakfast Inns
3909,Medical Equipment And Accessories And Supplies,Emergency And Field Medical Services Products,Emergency Medical Services First Response Kits
3910,Information Technology Broadcasting And Telecommunications,Components For Information Technology Or Broadcasting Or Telecommunications,Electronic Media Or Data Duplicating Equipment
3911,Building And Construction Machinery And Accessories,Heavy Construction Machinery And Equipment,Wheel Excavators
3912,Medical Equipment And Accessories And Supplies,Dental Equipment And Supplies,Fluoride Gels Or Rinses
3913,Medical Equipment And Accessories And Supplies,Medical Sterilization Products,Sterilization Record Storage Envelopes
3914,Organizations And Clubs,Civic Organizations And Associations And Movements,Prisoner Assistance Organizations
3915,Electrical Systems And Lighting And Components And Accessories And Supplies,Lighting Fixtures And Accessories,Hand Or Extension Light
3916,Information Technology Broadcasting And Telecommunications,Data Voice Or Multimedia Network Equipment Or Platforms And Accessories,Network Management Or Monitoring Device
3917,Industrial Manufacturing And Processing Machinery And Accessories,Mass Transfer Equipment,Distillation Tray
3918,Medical Equipment And Accessories And Supplies,Medical Sterilization Products,Holders Or Carts For Sterilization Wrappers Or Pouches
3919,Sports And Recreational Equipment And Supplies And Accessories,Target And Table Games And Equipment,Archery Target Stands
3920,Mineral And Textile And Inedible Plant And Animal Materials,Fabrics And Leather Materials,Resin Impregnated Fabric Or Cloth
3921,Laboratory And Measuring And Observing And Testing Equipment,Measuring And Observing And Testing Instruments,Milk Analyzer
3922,Farming And Fishing And Forestry And Wildlife Contracting Services,Livestock Services,Veterinary Administration
3923,Musical Instruments And Games And Toys And Arts And Crafts And Educational Equipment And Materials And Accessories And Supplies,Developmental And Professional Teaching Aids And Materials And Accessories And Supplies,Construction Teaching Aids Or Materials
3924,Cleaning Equipment And Supplies,Cleaning And Janitorial Supplies,Granular Absorbent
3925,Medical Equipment And Accessories And Supplies,Medical Apparel And Textiles,Medical Staff Beard Covers
3926,Live Plant And Animal Material And Accessories And Supplies,Floriculture And Silviculture Products,Apple Trees
3927,Building And Facility Construction And Maintenance Services,Specialized Trade Construction And Maintenance Services,Insulation Of Pipes And Boilers Service
3928,Defense And Law Enforcement And Security And Safety Equipment And Supplies,Security Surveillance And Detection,Security Chains Or Accessories
3929,Industrial Manufacturing And Processing Machinery And Accessories,Welding And Soldering And Brazing Machinery And Accessories And Supplies,Alternating Current Ac Arc Welder
3930,Printing And Photographic And Audio And Visual Equipment And Supplies,Photographic Or Filming Or Video Equipment,Document Camera
3931,Industrial Manufacturing And Processing Machinery And Accessories,Lapidary Machinery And Equipment,Grinding Wheel Dressers
3932,Food Beverage And Tobacco Products,Fresh Fruits,Cavendish Bananas
3933,Distribution And Conditioning Systems And Equipment And Components,Heating And Ventilation And Air Circulation,Air Conditioner Power Saver
3934,Commercial And Military And Private Vehicles And Their Accessories And Components,Transportation Services Equipment,Tire Changing Machines
3935,Information Technology Broadcasting And Telecommunications,Computer Equipment And Accessories,High End Computer Servers
3936,Food Beverage And Tobacco Products,Fresh Fruits,Fortune Oranges
3937,Medical Equipment And Accessories And Supplies,Surgical Products,Endoscopic Suction Or Irrigation Tips Or Coagulation Probes Or Accessories
3938,Medical Equipment And Accessories And Supplies,Medical Diagnostic Imaging And Nuclear Medicine Products,Medical Radiographic Equipment Grids
3939,Chemicals Including Bio Chemicals And Gas Materials,Explosive Materials,Nitroglycerin Powder Explosives
3940,Distribution And Conditioning Systems And Equipment And Components,Fluid And Gas Distribution,Flange Type Butterfly Valve
3941,Food Beverage And Tobacco Products,Prepared And Preserved Foods,Processed Royal Jelly Food
3942,Tools And General Machinery,Hand Tools,Hacksaw
3943,Structures And Building And Construction And Manufacturing Components And Supplies,Structural Components And Basic Shapes,Aluminum Channels
3944,Electrical Systems And Lighting And Components And Accessories And Supplies,Electrical Equipment And Components And Supplies,Flex Connectors
3945,Distribution And Conditioning Systems And Equipment And Components,Pipe Piping And Pipe Fittings,Commercial Seamless Stainless Steel Pipe
3946,Medical Equipment And Accessories And Supplies,Medical Facility Products,Clinical Incubators Or Infant Warmers
3947,Medical Equipment And Accessories And Supplies,Patient Exam And Monitoring Products,Electrocardiography Ekg Accessories
3948,Medical Equipment And Accessories And Supplies,Patient Care And Treatment Products And Supplies,Medical Mixing Or Solution Basins Or Bowls
3949,Industrial Manufacturing And Processing Machinery And Accessories,Welding And Soldering And Brazing Machinery And Accessories And Supplies,Welding Or Cutting Tip
3950,Power Generation And Distribution Machinery And Accessories,Power Sources,Motor Brush Carrier
3951,Paper Materials And Products,Paper Products,Magnet Paper
3952,Apparel And Luggage And Personal Care Products,Personal Care Products,Foot Care Products
3953,Commercial And Military And Private Vehicles And Their Accessories And Components,Transportation Components And Systems,Radiator Caps
3954,Tools And General Machinery,Hand Tools,Bow Saw
3955,Domestic Appliances And Supplies And Consumer Electronic Products,Domestic Appliances,Domestic Trash Compactors
3956,Medical Equipment And Accessories And Supplies,Surgical Products,Laparotomy Or X-Ray Detectable Or Surgical Specialty Sponge
3957,Tools And General Machinery,Hand Tools,Magnifying Glass
3958,Food Beverage And Tobacco Products,Fresh Fruits,Lisbon Lemons
3959,Manufacturing Components And Supplies,Adhesives And Sealants,Non Skid Safety Tapes
3960,Food Beverage And Tobacco Products,Fresh Vegetables,Southern Mustard
3961,Environmental Services,Pollution Tracking And Monitoring And Rehabilitation,Groundwater Pollution Treatment Or Rehabilitation
3962,Distribution And Conditioning Systems And Equipment And Components,Pipe Piping And Pipe Fittings,Copper Pipe Bend
3963,Mining And Well Drilling Machinery And Accessories,Oil And Gas Drilling And Exploration Equipment,Junk Basket Parts And Accessories
3964,Service Industry Machinery And Equipment And Supplies,Institutional Food Services Equipment,Commercial Use Measuring Cups
3965,Printing And Photographic And Audio And Visual Equipment And Supplies,Photographic Or Filming Or Video Equipment,Camera Lens Adapters
3966,Food Beverage And Tobacco Products,Prepared And Preserved Foods,Frozen Prepared Soups Or Stews
3967,Food Beverage And Tobacco Products,Canned Or Jarred Fruit,Canned Or Jarred Modesto Apricots
3968,Material Handling And Conditioning And Storage Machinery And Their Accessories And Supplies,Material Handling Machinery And Equipment,Work Benches
3969,Electrical Systems And Lighting And Components And Accessories And Supplies,Electrical Equipment And Components And Supplies,Wire Connectors
3970,Politics And Civic Affairs Services,Political Systems And Institutions,Political Legislature Services
3971,Office Equipment And Accessories And Supplies,Office And Desk Accessories,Easels Or Accessories
3972,Medical Equipment And Accessories And Supplies,Surgical Products,Surgical Punches Or Punch Holder Or Accessories
3973,Distribution And Conditioning Systems And Equipment And Components,Pipe Piping And Pipe Fittings,Pvc Plastic Pipe Coupling
3974,Material Handling And Conditioning And Storage Machinery And Their Accessories And Supplies,Material Handling Machinery And Equipment,Rack Systems For Rack Mount Electronic Equipment
3975,Sports And Recreational Equipment And Supplies And Accessories,Field And Court Sports Equipment,Soccer Training Aids
3976,Industrial Manufacturing And Processing Machinery And Accessories,Industrial Process Machinery And Equipment And Supplies,Blowers Or Dryers
3977,Land And Buildings And Structures And Thoroughfares,Permanent Buildings And Structures,Dock
3978,Structures And Building And Construction And Manufacturing Components And Supplies,Doors And Windows And Glass,Garage Door Complete Operator
3979,Manufacturing Components And Supplies,Hardware,Mounting Clips
3980,Tools And General Machinery,Hand Tools,Multi Tool Pliers
3981,Distribution And Conditioning Systems And Equipment And Components,Pipe Piping And Pipe Fittings,Copper Pipe Plate Flange
3982,Building And Facility Construction And Maintenance Services,Building And Facility Maintenance And Repair Services,Locksmith Services
3983,Laboratory And Measuring And Observing And Testing Equipment,Measuring And Observing And Testing Instruments,Pressure Transmitters
3984,Manufacturing Components And Supplies,Hardware,Mounting Plates
3985,Food Beverage And Tobacco Products,Dried Organic Vegetables,Dried Organic Potato Yams
3986,Electrical Systems And Lighting And Components And Accessories And Supplies,Electrical Equipment And Components And Supplies,Electrical Contacts
3987,Farming And Fishing And Forestry And Wildlife Contracting Services,Crop Production And Management And Protection,Weed Control Services
3988,Sports And Recreational Equipment And Supplies And Accessories,Collectibles And Awards,Trophies
3989,Material Handling And Conditioning And Storage Machinery And Their Accessories And Supplies,Containers And Storage,Cotton Bag
3990,Food Beverage And Tobacco Products,Fresh Vegetables,Giant Red Celery
3991,Defense And Law Enforcement And Security And Safety Equipment And Supplies,Fire Protection,Fire Breathing Apparatus
3992,Musical Instruments And Games And Toys And Arts And Crafts And Educational Equipment And Materials And Accessories And Supplies,Developmental And Professional Teaching Aids And Materials And Accessories And Supplies,Personal Safety Instructional Materials
3993,Food Beverage And Tobacco Products,Fresh Vegetables,Diane Sweet Potatoes
3994,Medical Equipment And Accessories And Supplies,Patient Care And Treatment Products And Supplies,Patient Care Admission Kits
3995,Office Equipment And Accessories And Supplies,Office Supplies,Tape Dispensers
3996,Information Technology Broadcasting And Telecommunications,Data Voice Or Multimedia Network Equipment Or Platforms And Accessories,Multiservice Switch
3997,Politics And Civic Affairs Services,Community And Social Services,Urban Project Or Program Administration Or Management Services
3998,Industrial Production And Manufacturing Services,Manufacturing Support Services,Engineering Equipment Maintenance Services
3999,Distribution And Conditioning Systems And Equipment And Components,Tubes Tubing And Tube Fittings,Tube Coupling
4000,Cleaning Equipment And Supplies,Cleaning And Janitorial Supplies,Floor Finishes Or Polishes
4001,Laboratory And Measuring And Observing And Testing Equipment,Measuring And Observing And Testing Instruments,Price Indicating Scale
4002,Industrial Cleaning Services,Decontamination Services,Asbestos Removal Or Encapsulation
4003,Commercial And Military And Private Vehicles And Their Accessories And Components,Transportation Components And Systems,Brake Drum
4004,Commercial And Military And Private Vehicles And Their Accessories And Components,Marine Transport,Bulk Carrier
4005,Distribution And Conditioning Systems And Equipment And Components,Pipe Piping And Pipe Fittings,Brass Pipe Bushing
4006,Musical Instruments And Games And Toys And Arts And Crafts And Educational Equipment And Materials And Accessories And Supplies,Developmental And Professional Teaching Aids And Materials And Accessories And Supplies,Time Activity Or Resource Books
4007,Sports And Recreational Equipment And Supplies And Accessories,Field And Court Sports Equipment,Softball Gloves
4008,Laboratory And Measuring And Observing And Testing Equipment,Measuring And Observing And Testing Instruments,Blood Bank Test Kits Or Supplies
4009,Information Technology Broadcasting And Telecommunications,Software,Ethernet Driver Software
4010,Power Generation And Distribution Machinery And Accessories,Power Sources,Servo Motor Dc
4011,Medical Equipment And Accessories And Supplies,Respiratory And Anesthesia And Resuscitation Products,Ventilator Accessories
4012,Electrical Systems And Lighting And Components And Accessories And Supplies,Electrical Equipment And Components And Supplies,Power Supply Outlet Strip
4013,Manufacturing Components And Supplies,Machined Raw Stock,Steel Machined Bar Stock
4014,Furniture And Furnishings,Classroom And Instructional And Institutional Furniture And Fixtures,Display Stand
4015,Live Plant And Animal Material And Accessories And Supplies,Dried Cut Blooms Of Low Species Or Variety Count Flowers,Dried Cut Peruvian Apple
4016,Laboratory And Measuring And Observing And Testing Equipment,Measuring And Observing And Testing Instruments,Air Micrometer
4017,Structures And Building And Construction And Manufacturing Components And Supplies,Structural Materials,Copper Coil
4018,Office Equipment And Accessories And Supplies,Office Supplies,Scissors
4019,Manufacturing Components And Supplies,Hardware,Thread Rolling Screws
4020,Laboratory And Measuring And Observing And Testing Equipment,Measuring And Observing And Testing Instruments,Laboratory Ultraviolet Ray Lamp
4021,Paper Materials And Products,Paper Products,Facsimile Paper
4022,Commercial And Military And Private Vehicles And Their Accessories And Components,Transportation Services Equipment,Tire Spreader
4023,Power Generation And Distribution Machinery And Accessories,Power Sources,Cylinder Heads
4024,Information Technology Broadcasting And Telecommunications,Data Voice Or Multimedia Network Equipment Or Platforms And Accessories,Internet Protocol Sharing Device
4025,Power Generation And Distribution Machinery And Accessories,Batteries And Generators And Kinetic Power Transmission,Dry Cell Batteries
4026,Medical Equipment And Accessories And Supplies,Dental Equipment And Supplies,Dental Absorbent Holders
4027,Financial And Insurance Services,Credit Agencies,Business Credit Gathering Or Reporting Services
4028,Laboratory And Measuring And Observing And Testing Equipment,Laboratory And Scientific Equipment,Cryogenic Or Liquid Nitrogen Freezers
4029,Management And Business Professionals And Administrative Services,Business Administration Services,Clerical Services
4030,Power Generation And Distribution Machinery And Accessories,Power Sources,Air Motor
4031,Electrical Systems And Lighting And Components And Accessories And Supplies,Electrical Equipment And Components And Supplies,Wiring Taps
4032,Medical Equipment And Accessories And Supplies,Emergency And Field Medical Services Products,Emergency Medical Services Laryngoscope Kits
4033,Food Beverage And Tobacco Products,Canned Or Jarred Fruit,Canned Or Jarred Abate Fetel Pears
4034,Food Beverage And Tobacco Products,Fresh Vegetables,Tatsoi Lettuce
4035,Editorial And Design And Graphic And Fine Art Services,Reproduction Services,Binding Restoration Or Repair
4036,Information Technology Broadcasting And Telecommunications,Software,Action Games
4037,Structures And Building And Construction And Manufacturing Components And Supplies,Structural Building Products,Stone Blocks
4038,Electrical Systems And Lighting And Components And Accessories And Supplies,Electrical Equipment And Components And Supplies,Rocker Switch
4039,Musical Instruments And Games And Toys And Arts And Crafts And Educational Equipment And Materials And Accessories And Supplies,Developmental And Professional Teaching Aids And Materials And Accessories And Supplies,Award Buttons
4040,Musical Instruments And Games And Toys And Arts And Crafts And Educational Equipment And Materials And Accessories And Supplies,Developmental And Professional Teaching Aids And Materials And Accessories And Supplies,Violence Avoidance Education Or Violence Prevention Instructional Materials
4041,Structures And Building And Construction And Manufacturing Components And Supplies,Interior Finishing Materials,Laminate Countertop
4042,Farming And Fishing And Forestry And Wildlife Contracting Services,Water Resources Development And Oversight,Floodplain Management
4043,Tools And General Machinery,Hand Tools,Torque Wrenches
4044,Laboratory And Measuring And Observing And Testing Equipment,Laboratory And Scientific Equipment,Blood Bank Refrigerators
4045,Food Beverage And Tobacco Products,Canned Or Jarred Vegetables,Canned Or Jarred Brown Mushrooms
4046,Mining And Well Drilling Machinery And Accessories,Oil And Gas Drilling And Exploration Equipment,Completion Hydraulic Pumps
4047,Manufacturing Components And Supplies,Paints And Primers And Finishes,Paint Trays
4048,Tools And General Machinery,Hand Tools,Scratch Brushes
4049,Food Beverage And Tobacco Products,Fresh Vegetables,Appaloosa Beans
4050,Medical Equipment And Accessories And Supplies,Respiratory And Anesthesia And Resuscitation Products,Airway Clearance Vest
4051,Structures And Building And Construction And Manufacturing Components And Supplies,Interior Finishing Materials,Screen Wall Or Cubicle
4052,Defense And Law Enforcement And Security And Safety Equipment And Supplies,Personal Safety And Protection,Lumbar Protector Or Back Brace
4053,Musical Instruments And Games And Toys And Arts And Crafts And Educational Equipment And Materials And Accessories And Supplies,Developmental And Professional Teaching Aids And Materials And Accessories And Supplies,Teacher Plan Books
4054,Electrical Systems And Lighting And Components And Accessories And Supplies,Electrical Equipment And Components And Supplies,Electrical Potentiometer Switch
4055,Laboratory And Measuring And Observing And Testing Equipment,Measuring And Observing And Testing Instruments,High Voltage Cable Detection
4056,Medical Equipment And Accessories And Supplies,Patient Exam And Monitoring Products,Allergy Detecting Or Testing Instruments Or Accessories
4057,Musical Instruments And Games And Toys And Arts And Crafts And Educational Equipment And Materials And Accessories And Supplies,Developmental And Professional Teaching Aids And Materials And Accessories And Supplies,Test Taking Resource Materials
4058,Laboratory And Measuring And Observing And Testing Equipment,Measuring And Observing And Testing Instruments,Integrated Services Digital Network Isdn Testers
4059,Industrial Manufacturing And Processing Machinery And Accessories,Welding And Soldering And Brazing Machinery And Accessories And Supplies,Electron Beam Welding Ebw Machine
4060,Information Technology Broadcasting And Telecommunications,Software,Route Navigation Software
4061,Electronic Components And Supplies,Electron Tube Devices And Accessories,Ignitrons
4062,Food Beverage And Tobacco Products,Canned Or Jarred Fruit,Canned Or Jarred Thai Lessard Sugar Apple
4063,Building And Facility Construction And Maintenance Services,Specialized Trade Construction And Maintenance Services,Boiler Installation And Setup Service
4064,Laboratory And Measuring And Observing And Testing Equipment,Measuring And Observing And Testing Instruments,Remote Reading Thermometers
4065,Office Equipment And Accessories And Supplies,Office Machines And Their Supplies And Accessories,Thermal Binding Machine
4066,Information Technology Broadcasting And Telecommunications,Data Voice Or Multimedia Network Equipment Or Platforms And Accessories,Cable Network Tester
4067,Electronic Components And Supplies,Discrete Semiconductor Devices,Photo Sensitive Transistors
4068,Information Technology Broadcasting And Telecommunications,Data Voice Or Multimedia Network Equipment Or Platforms And Accessories,Fiber Optic Detector
4069,Education And Training Services,Vocational Training,Law Enforcement Vocational Training Services
4070,Industrial Production And Manufacturing Services,Machining And Processing Services,Teflon Coating Service
4071,Information Technology Broadcasting And Telecommunications,Communications Devices And Accessories,Speaker Phone
4072,Information Technology Broadcasting And Telecommunications,Computer Equipment And Accessories,Business Card Scanner
4073,Industrial Manufacturing And Processing Machinery And Accessories,Welding And Soldering And Brazing Machinery And Accessories And Supplies,Welding Tip Dresser Or Accessories
4074,Manufacturing Components And Supplies,Hardware,Pivot Pins
4075,Office Equipment And Accessories And Supplies,Office Machines And Their Supplies And Accessories,Mail Machine Accessories
4076,Food Beverage And Tobacco Products,Fresh Vegetables,Soybeans
4077,Distribution And Conditioning Systems And Equipment And Components,Heating And Ventilation And Air Circulation,Convection Heaters
4078,Sports And Recreational Equipment And Supplies And Accessories,Field And Court Sports Equipment,Flag Football Gear
4079,Structures And Building And Construction And Manufacturing Components And Supplies,Insulation,Door Sweep
4080,Structures And Building And Construction And Manufacturing Components And Supplies,Interior Finishing Materials,Molding
4081,Chemicals Including Bio Chemicals And Gas Materials,Elements And Gases,Chlorine Cl
4082,Fuels And Fuel Additives And Lubricants And Anti Corrosive Materials,Lubricants And Oils And Greases And Anti Corrosives,Anti Seize Or Anti Stain Compounds
4083,Tools And General Machinery,Hand Tools,Laminate File
4084,Information Technology Broadcasting And Telecommunications,Software,Network Security And Virtual Private Network Vpn Equipment Software
4085,Domestic Appliances And Supplies And Consumer Electronic Products,Consumer Electronics,Loudspeakers
4086,Food Beverage And Tobacco Products,Canned Or Jarred Fruit,Canned Or Jarred Ambrosia Apples
4087,Drugs And Pharmaceutical Products,Central Nervous System Drugs,Carbidopa
4088,Tools And General Machinery,Hand Tools,Trowels
4089,Distribution And Conditioning Systems And Equipment And Components,Industrial Filtering And Purification,Sand Filter
4090,Resin And Rosin And Rubber And Foam And Film And Elastomeric Materials,Rubber And Elastomers,Polyvinyl Chloride Pvc
4091,Medical Equipment And Accessories And Supplies,Dental Equipment And Supplies,Dental Laboratory Flasks
4092,Structures And Building And Construction And Manufacturing Components And Supplies,Structural Materials,Ductile Iron Cast Bar
4093,Cleaning Equipment And Supplies,Janitorial Equipment,Cleaning Dusters
4094,Electrical Systems And Lighting And Components And Accessories And Supplies,Electrical Equipment And Components And Supplies,Cutout Switch
4095,Manufacturing Components And Supplies,Bearings And Bushings And Wheels And Gears,Air Bearings
4096,Food Beverage And Tobacco Products,Fresh Vegetables,Barlotti Beans
4097,Commercial And Military And Private Vehicles And Their Accessories And Components,Motor Vehicles,Tanks
4098,Food Beverage And Tobacco Products,Frozen Fruit,Frozen Ever Bearing Strawberries
4099,Medical Equipment And Accessories And Supplies,Dental Equipment And Supplies,Denture Coating Compounds
4100,Industrial Manufacturing And Processing Machinery And Accessories,Mass Transfer Equipment,Food Drying Equipment
4101,Drugs And Pharmaceutical Products,Hematolic Drugs,Warfarin Sodium
4102,Laboratory And Measuring And Observing And Testing Equipment,Laboratory And Scientific Equipment,Flammable Material Storage Refrigerators Or Refrigerator Freezers
4103,Distribution And Conditioning Systems And Equipment And Components,Industrial Pumps And Compressors,Motor Compressors
4104,Defense And Law Enforcement And Security And Safety Equipment And Supplies,Security Surveillance And Detection,Safety Light Curtains
4105,Medical Equipment And Accessories And Supplies,Dental Equipment And Supplies,Dental X Ray Units
4106,Defense And Law Enforcement And Security And Safety Equipment And Supplies,Fire Protection,Smoke Exhaust Fan
4107,Furniture And Furnishings,Commercial And Industrial Furniture,Freestanding Storage
4108,Commercial And Military And Private Vehicles And Their Accessories And Components,Transportation Components And Systems,Die Cut Vehicle Vibration Dampener And Isolator
4109,Musical Instruments And Games And Toys And Arts And Crafts And Educational Equipment And Materials And Accessories And Supplies,Developmental And Professional Teaching Aids And Materials And Accessories And Supplies,Time Kits
4110,Service Industry Machinery And Equipment And Supplies,Institutional Food Services Equipment,Food Service Ice Buckets Or Wine Coolers
4111,Mining And Well Drilling Machinery And Accessories,Mining And Quarrying Machinery And Equipment,Flat Deck Material Carriers
4112,Domestic Appliances And Supplies And Consumer Electronic Products,Domestic Appliances,Domestic Coffee Makers
4113,Structures And Building And Construction And Manufacturing Components And Supplies,Plumbing Fixtures,Combination Fixed And Hand Held Shower Head
4114,Food Beverage And Tobacco Products,Canned Or Jarred Vegetables,Canned Or Jarred Ailsa Craig Tomatoes
4115,Transportation And Storage And Mail Services,Passenger Transport,Helicopter Services
4116,Defense And Law Enforcement And Security And Safety Equipment And Supplies,Security Surveillance And Detection,X Ray Baggage Inspection System
4117,Electrical Systems And Lighting And Components And Accessories And Supplies,Lighting Fixtures And Accessories,Table Lamp Fixture
4118,Power Generation And Distribution Machinery And Accessories,Electrical Wire And Cable And Harness,Wire Assembly
4119,Musical Instruments And Games And Toys And Arts And Crafts And Educational Equipment And Materials And Accessories And Supplies,Arts And Crafts Equipment And Accessories And Supplies,Easel Brushes
4120,Food Beverage And Tobacco Products,Beverages,Grape Juice
4121,Distribution And Conditioning Systems And Equipment And Components,Pipe Piping And Pipe Fittings,Cast Iron Pipe Wye
4122,Apparel And Luggage And Personal Care Products,Personal Care Products,Hair Care Supplies
4123,Medical Equipment And Accessories And Supplies,Medical Sterilization Products,Biological Indicator Test Incubator
4124,Printing And Photographic And Audio And Visual Equipment And Supplies,Audio And Visual Presentation And Composing Equipment,Video Mixer
4125,Mineral And Textile And Inedible Plant And Animal Materials,Fabrics And Leather Materials,Hook And Loop Fabrics Or Tapes
4126,Medical Equipment And Accessories And Supplies,Patient Exam And Monitoring Products,Dilator Kits
4127,Paper Materials And Products,Paper Products,Inventory Forms Or Inventory Books
4128,Industrial Manufacturing And Processing Machinery And Accessories,Industrial Process Machinery And Equipment And Supplies,Assembly Fixtures
4129,Electrical Systems And Lighting And Components And Accessories And Supplies,Electrical Equipment And Components And Supplies,High Voltage Oil Filled Circuit Breaker
4130,Domestic Appliances And Supplies And Consumer Electronic Products,Bedclothes And Table And Kitchen Linen And Towels,Napkins
4131,Building And Facility Construction And Maintenance Services,Specialized Trade Construction And Maintenance Services,Entryway And Exit Framing Service
4132,Distribution And Conditioning Systems And Equipment And Components,Industrial Pumps And Compressors,High Temperature Pump
4133,Industrial Manufacturing And Processing Machinery And Accessories,Welding And Soldering And Brazing Machinery And Accessories And Supplies,Laser Welding Machine
4134,Food Beverage And Tobacco Products,Beverages,Lemon Juice
4135,Power Generation And Distribution Machinery And Accessories,Batteries And Generators And Kinetic Power Transmission,Servo Controller
4136,Service Industry Machinery And Equipment And Supplies,Institutional Food Services Equipment,Commercial Use Double Contact Grill
4137,Education And Training Services,Alternative Educational Systems,Educational Exchanges Between Schools
4138,Sports And Recreational Equipment And Supplies And Accessories,Field And Court Sports Equipment,Soccer Field Marking Equipment
4139,Medical Equipment And Accessories And Supplies,Medical Facility Products,Patient Holding Or Evacuation System Heater Unit Or Accessories
4140,Laboratory And Measuring And Observing And Testing Equipment,Laboratory Supplies And Fixtures,Cuvettes
4141,Paper Materials And Products,Industrial Use Papers,Butcher Papers
4142,Laboratory And Measuring And Observing And Testing Equipment,Laboratory And Scientific Equipment,Laboratory Grinder Or Polisher
4143,Medical Equipment And Accessories And Supplies,Medical Facility Products,Medical Facility Visitor Chairs
4144,Paper Materials And Products,Paper Products,Log Books Or Pads
4145,Commercial And Military And Private Vehicles And Their Accessories And Components,Transportation Components And Systems,Drum Brake
4146,Domestic Appliances And Supplies And Consumer Electronic Products,Consumer Electronics,Combination Digital Video Disc Dvd Video Cassette Disc Vcd Compact Disc Cd Player
4147,Mining And Well Drilling Machinery And Accessories,Oil And Gas Drilling And Exploration Equipment,Flow Couplings
4148,Food Beverage And Tobacco Products,Fresh Fruits,Sicilian Olives
4149,Distribution And Conditioning Systems And Equipment And Components,Pipe Piping And Pipe Fittings,Pvc Plastic Pipe Tee
4150,Material Handling And Conditioning And Storage Machinery And Their Accessories And Supplies,Industrial Refrigeration,Ice Cube Makers
4151,Food Beverage And Tobacco Products,Frozen Organic Fruit,Frozen Organic Pitmaston Pineapple Apples
4152,Medical Equipment And Accessories And Supplies,Respiratory And Anesthesia And Resuscitation Products,Laryngeal Keels Or Accessories
4153,Tools And General Machinery,Hydraulic Machinery And Equipment,Hydraulic Shears
4154,Cleaning Equipment And Supplies,Cleaning And Janitorial Supplies,Shoe Cleaning Or Polishing Products
4155,Laboratory And Measuring And Observing And Testing Equipment,Measuring And Observing And Testing Instruments,Pump Efficiency Testing Equipment
4156,Healthcare Services,Medical Practice,Biological Laboratory Services
4157,Commercial And Military And Private Vehicles And Their Accessories And Components,Transportation Services Equipment,Automotive Vehicle Inspection System
4158,Medical Equipment And Accessories And Supplies,Medical Facility Products,Nurse Communication Modules Or Systems
4159,Medical Equipment And Accessories And Supplies,Medical Sterilization Products,Instrument Care Kits
4160,Electrical Systems And Lighting And Components And Accessories And Supplies,Electrical Equipment And Components And Supplies,Trip Free Relay
4161,Structures And Building And Construction And Manufacturing Components And Supplies,Interior Finishing Materials,Specialty Laminate
4162,Medical Equipment And Accessories And Supplies,Medical Facility Products,Clinical Modular Casework
4163,Electrical Systems And Lighting And Components And Accessories And Supplies,Lighting Fixtures And Accessories,Grilles
4164,Manufacturing Components And Supplies,Paints And Primers And Finishes,Paint Or Varnish Strippers
4165,Musical Instruments And Games And Toys And Arts And Crafts And Educational Equipment And Materials And Accessories And Supplies,Arts And Crafts Equipment And Accessories And Supplies,Posters
4166,Resin And Rosin And Rubber And Foam And Film And Elastomeric Materials,Resins And Rosins And Other Resin Derived Materials,Gum Rosin
4167,Live Plant And Animal Material And Accessories And Supplies,Fresh Cut Blooms Of High Species Or Variety Count Flowers,Fresh Cut Prince Of Whales Erica
4168,Power Generation And Distribution Machinery And Accessories,Power Sources,Gas Engines
4169,Farming And Fishing And Forestry And Wildlife Contracting Services,Crop Production And Management And Protection,Grain Or Legume Production
4170,Electrical Systems And Lighting And Components And Accessories And Supplies,Electrical Equipment And Components And Supplies,Crab Joint
4171,Manufacturing Components And Supplies,Paints And Primers And Finishes,Acrylic Paints
4172,Cleaning Equipment And Supplies,Water And Wastewater Treatment Supply And Disposal,Water Softening Accessories
4173,Electrical Systems And Lighting And Components And Accessories And Supplies,Electrical Equipment And Components And Supplies,Battery Terminal
4174,Commercial And Military And Private Vehicles And Their Accessories And Components,Transportation Components And Systems,Automobile Shock Absorbers
4175,Commercial And Military And Private Vehicles And Their Accessories And Components,Transportation Components And Systems,Exhaust Manifolds
4176,Food Beverage And Tobacco Products,Fresh Fruits,Banana Passion Fruit
4177,Food Beverage And Tobacco Products,Meat And Poultry Products,"Specialty Poultry, Processed Without Additions"
4178,Distribution And Conditioning Systems And Equipment And Components,Heating And Ventilation And Air Circulation,Burners
4179,Laboratory And Measuring And Observing And Testing Equipment,Measuring And Observing And Testing Instruments,Electrical Charge Sensors
4180,Information Technology Broadcasting And Telecommunications,Data Voice Or Multimedia Network Equipment Or Platforms And Accessories,Wire Tapping Protector
4181,Electrical Systems And Lighting And Components And Accessories And Supplies,Electrical Equipment And Components And Supplies,Control Relay
4182,Musical Instruments And Games And Toys And Arts And Crafts And Educational Equipment And Materials And Accessories And Supplies,Arts And Crafts Equipment And Accessories And Supplies,Cork Sheets
4183,Domestic Appliances And Supplies And Consumer Electronic Products,Domestic Kitchenware And Kitchen Supplies,Domestic Kitchen Wire Whips
4184,Medical Equipment And Accessories And Supplies,Patient Care And Treatment Products And Supplies,Nephrostomy Catheter Or Drain
4185,Commercial And Military And Private Vehicles And Their Accessories And Components,Transportation Services Equipment,Railway Rolling Stock Lifting Jack
4186,Power Generation And Distribution Machinery And Accessories,Electrical Wire And Cable And Harness,Bare Wire
4187,Distribution And Conditioning Systems And Equipment And Components,Pipe Piping And Pipe Fittings,Industrial Seamless Carbon Steel Pipe
4188,Laboratory And Measuring And Observing And Testing Equipment,Measuring And Observing And Testing Instruments,Ph Meters
4189,Sports And Recreational Equipment And Supplies And Accessories,Target And Table Games And Equipment,Billiard Tables
4190,Electrical Systems And Lighting And Components And Accessories And Supplies,Lighting Fixtures And Accessories,Portable Fluorescent Light
4191,Defense And Law Enforcement And Security And Safety Equipment And Supplies,Personal Safety And Protection,Safety Sleeves
4192,Medical Equipment And Accessories And Supplies,Emergency And Field Medical Services Products,Emergency Medical Services First Aid Kit Cases Or Bags Or Accessories
4193,Commercial And Military And Private Vehicles And Their Accessories And Components,Transportation Components And Systems,Vehicle Air Conditioner
4194,Laboratory And Measuring And Observing And Testing Equipment,Measuring And Observing And Testing Instruments,Radio Acoustic Sounding System
4195,Mineral And Textile And Inedible Plant And Animal Materials,Scrap And Waste Materials,Hazardous Waste Or Scrap
4196,Manufacturing Components And Supplies,Hardware,Ball Stud
4197,Chemicals Including Bio Chemicals And Gas Materials,Additives,Oxygen Scavengers
4198,Medical Equipment And Accessories And Supplies,Patient Care And Treatment Products And Supplies,Ear Wash System
4199,Medical Equipment And Accessories And Supplies,Patient Care And Treatment Products And Supplies,Moist Steam Cabinet
4200,Food Beverage And Tobacco Products,Canned Or Jarred Vegetables,Canned Or Jarred Aloha Corn
4201,Manufacturing Components And Supplies,Hardware,J Hooks
4202,Manufacturing Components And Supplies,Hardware,Cap Nails
4203,Commercial And Military And Private Vehicles And Their Accessories And Components,Transportation Components And Systems,Automotive Computer Systems
4204,Service Industry Machinery And Equipment And Supplies,Institutional Food Services Equipment,Food Service Dinnerware
4205,Cleaning Equipment And Supplies,Water And Wastewater Treatment Supply And Disposal,Descalers
4206,Building And Facility Construction And Maintenance Services,Specialized Trade Construction And Maintenance Services,Storage Tank Rental Service
4207,Industrial Manufacturing And Processing Machinery And Accessories,Industrial Process Machinery And Equipment And Supplies,Dot Marking Machine
4208,Engineering And Research And Technology Based Services,Professional Engineering Services,Engineering Testing Services
4209,Management And Business Professionals And Administrative Services,Human Resources Services,Reference Or Background Check Services
4210,Industrial Manufacturing And Processing Machinery And Accessories,Sawmilling And Lumber Processing Machinery And Equipment,Saw Spacer
4211,Material Handling And Conditioning And Storage Machinery And Their Accessories And Supplies,Material Handling Machinery And Equipment,Rock Bins
4212,Laboratory And Measuring And Observing And Testing Equipment,Measuring And Observing And Testing Instruments,Pressure Controllers
4213,Electronic Components And Supplies,Electronic Hardware And Component Parts And Accessories,Heat Sink Compounds
4214,Live Plant And Animal Material And Accessories And Supplies,Live Plants Of High Species Or Variety Count Flowers,Live Bean Hyacinths
4215,Tools And General Machinery,Hand Tools,Reciprocating Saw
4216,Medical Equipment And Accessories And Supplies,Independent Living Aids For The Physically Challenged,Positioning Devices
4217,Musical Instruments And Games And Toys And Arts And Crafts And Educational Equipment And Materials And Accessories And Supplies,Developmental And Professional Teaching Aids And Materials And Accessories And Supplies,Government Reference Guides
4218,Industrial Manufacturing And Processing Machinery And Accessories,Industrial Process Machinery And Equipment And Supplies,Automatic Chassis Decking
4219,Defense And Law Enforcement And Security And Safety Equipment And Supplies,Fire Protection,Fire Suppression System
4220,Editorial And Design And Graphic And Fine Art Services,Photographic Services,Motion Picture Film Processing Or Reproduction
4221,Structures And Building And Construction And Manufacturing Components And Supplies,Doors And Windows And Glass,Door Openers
4222,Farming And Fishing And Forestry And Wildlife Contracting Services,Horticulture,Planting Services Or Ornamental Plant Or Bush Or Tree
4223,Medical Equipment And Accessories And Supplies,Respiratory And Anesthesia And Resuscitation Products,Airway Pressure Gages
4224,Electronic Components And Supplies,Discrete Semiconductor Devices,Photovoltaic Cells
4225,Electronic Components And Supplies,Printed Circuits And Integrated Circuits And Microassemblies,Amplifiers
4226,Fuels And Fuel Additives And Lubricants And Anti Corrosive Materials,Lubricants And Oils And Greases And Anti Corrosives,Pump Lubricating Oils
4227,Mining And Well Drilling Machinery And Accessories,Oil And Gas Operating And Production Equipment,Pumping Frame And Extension Assembly
4228,Mining And Well Drilling Machinery And Accessories,Oil And Gas Drilling And Exploration Equipment,Standing Valve
4229,Electrical Systems And Lighting And Components And Accessories And Supplies,Electrical Equipment And Components And Supplies,Electrical Connector Assembly
4230,Medical Equipment And Accessories And Supplies,Respiratory And Anesthesia And Resuscitation Products,Ventilator Thermometers
4231,Tools And General Machinery,Hand Tools,Industrial Staple Remover
4232,Power Generation And Distribution Machinery And Accessories,Power Sources,Motor Casing Or Cover
4233,Management And Business Professionals And Administrative Services,Business Administration Services,Photocopier Rental Or Leasing Service
4234,Industrial Manufacturing And Processing Machinery And Accessories,Metal Cutting Machinery And Accessories,Electrochemical Machine Ecm
4235,Building And Facility Construction And Maintenance Services,Specialized Trade Construction And Maintenance Services,Air Compressor Rental And Maintenance Service
4236,Structures And Building And Construction And Manufacturing Components And Supplies,Concrete And Cement And Plaster,Mortars
4237,Medical Equipment And Accessories And Supplies,Patient Exam And Monitoring Products,Ophthalmic Eye Test Lenses Or Accessories
4238,Structures And Building And Construction And Manufacturing Components And Supplies,Structural Building Products,Natural Rock Slab
4239,Medical Equipment And Accessories And Supplies,Surgical Products,Surgical Shears
4240,Manufacturing Components And Supplies,Hardware,Catch
4241,Medical Equipment And Accessories And Supplies,Dental Equipment And Supplies,Bite Wing Holders
4242,Cleaning Equipment And Supplies,Cleaning And Janitorial Supplies,Drain Cleaner
4243,Domestic Appliances And Supplies And Consumer Electronic Products,Floor Coverings,Door Mats
4244,Manufacturing Components And Supplies,Bearings And Bushings And Wheels And Gears,Sheaves Or Pulleys
4245,Medical Equipment And Accessories And Supplies,Clinical Nutrition,Gastrostomy Or Jejunostomy Tube Holders
4246,Industrial Manufacturing And Processing Machinery And Accessories,Industrial Process Machinery And Equipment And Supplies,Miscellaneous Or Miscellaneous Paint Shop
4247,Personal And Domestic Services,Domestic And Personal Assistance,Uniform Rental
4248,Domestic Appliances And Supplies And Consumer Electronic Products,Consumer Electronics,Wireless Microphone And Instrument Amplification System
4249,Tools And General Machinery,Hand Tools,Specialty Wrenches
4250,Manufacturing Components And Supplies,Hardware,Mounting Racks
4251,Office Equipment And Accessories And Supplies,Office Machines And Their Supplies And Accessories,Adding Machines
4252,Food Beverage And Tobacco Products,Beverages,Lime Juice
4253,Medical Equipment And Accessories And Supplies,Surgical Products,Surgical Laser Suction Or Irrigation Cannulas Or Tips Or Related Products
4254,Laboratory And Measuring And Observing And Testing Equipment,Measuring And Observing And Testing Instruments,Combustion Analyzer
4255,Industrial Manufacturing And Processing Machinery And Accessories,Welding And Soldering And Brazing Machinery And Accessories And Supplies,Blow Torch
4256,Medical Equipment And Accessories And Supplies,Patient Care And Treatment Products And Supplies,Biopsy Aspirator Products Or Accessories
4257,Cleaning Equipment And Supplies,Cleaning And Janitorial Supplies,Furniture Polish Or Waxes
4258,Medical Equipment And Accessories And Supplies,Medical Facility Products,Drug Delivery Systems Or Accessories
4259,Office Equipment And Accessories And Supplies,Office Machines And Their Supplies And Accessories,Binding Combs Or Strips
4260,Fuels And Fuel Additives And Lubricants And Anti Corrosive Materials,Fuels,Condensate
4261,Laboratory And Measuring And Observing And Testing Equipment,Laboratory And Scientific Equipment,Laboratory Vacuum Pumps
4262,Office Equipment And Accessories And Supplies,Office Supplies,Mailer Tubes
4263,Musical Instruments And Games And Toys And Arts And Crafts And Educational Equipment And Materials And Accessories And Supplies,Developmental And Professional Teaching Aids And Materials And Accessories And Supplies,Independent Living Instructional Materials
4264,Food Beverage And Tobacco Products,Fresh Fruits,Asian Pears
4265,Information Technology Broadcasting And Telecommunications,Computer Equipment And Accessories,Mainframe Computers
4266,Commercial And Military And Private Vehicles And Their Accessories And Components,Transportation Components And Systems,Rotors
4267,Cleaning Equipment And Supplies,Water And Wastewater Treatment Supply And Disposal,Surface Aerator
4268,Manufacturing Components And Supplies,Adhesives And Sealants,Vinyl Tape
4269,Industrial Manufacturing And Processing Machinery And Accessories,Metal Cutting Machinery And Accessories,Boring Tool
4270,Medical Equipment And Accessories And Supplies,Patient Care And Treatment Products And Supplies,Needle Protectors
4271,Chemicals Including Bio Chemicals And Gas Materials,Additives,Natural Polymer Fluid Loss Additives
4272,Commercial And Military And Private Vehicles And Their Accessories And Components,Transportation Components And Systems,Light Plate Assemblies
4273,Engineering And Research And Technology Based Services,Professional Engineering Services,Process Control System Design And Engineering Service
4274,Service Industry Machinery And Equipment And Supplies,Institutional Food Services Equipment,Cool Containers
4275,Live Plant And Animal Material And Accessories And Supplies,Animal Feed,Fish Food Flakes
4276,Medical Equipment And Accessories And Supplies,Orthopedic And Prosthetic And Sports Medicine Products,Thermoplastic Orthoses Components
4277,Apparel And Luggage And Personal Care Products,Clothing,Girls Athletic Wear
4278,Medical Equipment And Accessories And Supplies,Dental Equipment And Supplies,Dental Impression Paste Zinc Oxide Eugenol Materials
4279,Food Beverage And Tobacco Products,Frozen Vegetables,Frozen Potato Yams
4280,Electrical Systems And Lighting And Components And Accessories And Supplies,Lighting Fixtures And Accessories,High Intensity Discharge Hid Fixture
4281,Food Beverage And Tobacco Products,Fresh Fruits,Bramley Seedling Apples
4282,Laboratory And Measuring And Observing And Testing Equipment,Measuring And Observing And Testing Instruments,Multimeters
4283,Material Handling And Conditioning And Storage Machinery And Their Accessories And Supplies,Material Handling Machinery And Equipment,Bucket Conveyors
4284,Food Beverage And Tobacco Products,Dairy Products And Eggs,Cooked Egg From Birds Other Than Chickens
4285,Management And Business Professionals And Administrative Services,Trade Policy And Services,Customs Consulting Service
4286,Apparel And Luggage And Personal Care Products,Personal Care Products,Electric Hair Clipper
4287,Food Beverage And Tobacco Products,Canned Or Jarred Fruit,Canned Or Jarred Honey Mandarin Oranges
4288,Food Beverage And Tobacco Products,Fresh Fruits,Red Rome Apples
4289,Distribution And Conditioning Systems And Equipment And Components,Industrial Pumps And Compressors,Sanitary Pumps
4290,Musical Instruments And Games And Toys And Arts And Crafts And Educational Equipment And Materials And Accessories And Supplies,Toys And Games,Memory Games
4291,Laboratory And Measuring And Observing And Testing Equipment,Laboratory And Scientific Equipment,Washing Machine Racks Or Accessories
4292,Tools And General Machinery,Hand Tools,Nut Drivers
4293,Information Technology Broadcasting And Telecommunications,Software,Music Or Sound Editing Software
4294,Medical Equipment And Accessories And Supplies,Physical And Occupational Therapy And Rehabilitation Products,Work Tables Or Stations Or Accessories For Rehabilitation Or Therapy
4295,Medical Equipment And Accessories And Supplies,Patient Care And Treatment Products And Supplies,Therapeutic Hot Or Cold Water Bottles
4296,Service Industry Machinery And Equipment And Supplies,Institutional Food Services Equipment,Non Carbonated Beverage Dispenser
4297,Management And Business Professionals And Administrative Services,Marketing And Distribution,Marketing Plans
4298,Defense And Law Enforcement And Security And Safety Equipment And Supplies,Light Weapons And Ammunition,Tank Ammunition Handling Systems
4299,Distribution And Conditioning Systems And Equipment And Components,Industrial Pumps And Compressors,Metering Or Injection Or Proportioning Pumps
4300,Office Equipment And Accessories And Supplies,Office And Desk Accessories,Hanging Organizers Or Accessories
4301,Defense And Law Enforcement And Security And Safety Equipment And Supplies,Security Surveillance And Detection,Radar Detectors
4302,Industrial Manufacturing And Processing Machinery And Accessories,Welding And Soldering And Brazing Machinery And Accessories And Supplies,Metal Inert Gas Welding Machine
4303,Furniture And Furnishings,Accommodation Furniture,Outdoor Umbrellas
4304,Furniture And Furnishings,Classroom And Instructional And Institutional Furniture And Fixtures,Student Computer Tables
4305,Medical Equipment And Accessories And Supplies,Dental Equipment And Supplies,Dental Laboratory Casting Machines Or Its Parts Or Accessories
4306,Service Industry Machinery And Equipment And Supplies,Institutional Food Services Equipment,Commercial Use Steamers
4307,Printing And Photographic And Audio And Visual Equipment And Supplies,Audio And Visual Presentation And Composing Equipment,Visual Presenters
4308,Farming And Fishing And Forestry And Wildlife Contracting Services,Crop Production And Management And Protection,Greenhouse Services
4309,Building And Facility Construction And Maintenance Services,Specialized Trade Construction And Maintenance Services,Broadcasting Station Repair Service
4310,Information Technology Broadcasting And Telecommunications,Software,Network Security Or Virtual Private Network Vpn Management Software
4311,Environmental Services,Environmental Management,Environmental Technology Advisory Services
4312,Defense And Law Enforcement And Security And Safety Equipment And Supplies,Fire Protection,Fire Extinguisher Storage Box
4313,Furniture And Furnishings,Accommodation Furniture,Desktop Organizer Hutches
4314,Manufacturing Components And Supplies,Adhesives And Sealants,Pipe Or Hose Repair Tape
4315,Domestic Appliances And Supplies And Consumer Electronic Products,Domestic Kitchenware And Kitchen Supplies,Domestic Double Boilers
4316,Material Handling And Conditioning And Storage Machinery And Their Accessories And Supplies,Industrial Refrigeration,Bakery Cabinet Refrigerator
4317,Electronic Components And Supplies,Printed Circuits And Integrated Circuits And Microassemblies,Mixers
4318,Distribution And Conditioning Systems And Equipment And Components,Pipe Piping And Pipe Fittings,Brass Pipe Elbow
4319,Food Beverage And Tobacco Products,Fresh Vegetables,Savoy Spinach
4320,Distribution And Conditioning Systems And Equipment And Components,Pipe Piping And Pipe Fittings,Cast Iron Pipe Reducing Coupling
4321,Politics And Civic Affairs Services,Taxation,Capital Gains Tax
4322,Building And Facility Construction And Maintenance Services,Heavy Construction Services,Sidewalk Construction And Repair Service
4323,Power Generation And Distribution Machinery And Accessories,Batteries And Generators And Kinetic Power Transmission,Variable Speed Pulley
4324,Food Beverage And Tobacco Products,Frozen Fruit,Frozen Red Delicious Apples
4325,Food Beverage And Tobacco Products,Fresh Vegetables,America Spinach
4326,Laboratory And Measuring And Observing And Testing Equipment,Measuring And Observing And Testing Instruments,Chart Recorder Pens
4327,Domestic Appliances And Supplies And Consumer Electronic Products,Consumer Electronics,Loud Speaker Stand
4328,Mining And Well Drilling Machinery And Accessories,Oil And Gas Drilling And Exploration Equipment,Hydraulic Power Unit
4329,Medical Equipment And Accessories And Supplies,Patient Care And Treatment Products And Supplies,Oral Liquid Medication Syringes
4330,Office Equipment And Accessories And Supplies,Office And Desk Accessories,Suggestion Box
4331,Live Plant And Animal Material And Accessories And Supplies,Fresh Cut Blooms Of High Species Or Variety Count Flowers,Fresh Cut Peach Anthurium
4332,Structures And Building And Construction And Manufacturing Components And Supplies,Exterior Finishing Materials,Shingles
4333,Laboratory And Measuring And Observing And Testing Equipment,Measuring And Observing And Testing Instruments,Pulse Meter
4334,Electrical Systems And Lighting And Components And Accessories And Supplies,Electrical Equipment And Components And Supplies,Pressure Relay
4335,Food Beverage And Tobacco Products,Dairy Products And Eggs,Egg Extract From Chickens
4336,Land And Buildings And Structures And Thoroughfares,Permanent Buildings And Structures,Running Track
4337,Food Beverage And Tobacco Products,Canned Or Jarred Fruit,Canned Or Jarred O'Henry Peaches
4338,Engineering And Research And Technology Based Services,Computer Services,Content Management Software Maintenance
4339,Cleaning Equipment And Supplies,Cleaning And Janitorial Supplies,Contact Surface Cleaners
4340,Power Generation And Distribution Machinery And Accessories,Power Generation,Electrical Control Panels For Generators
4341,Distribution And Conditioning Systems And Equipment And Components,Fluid And Gas Distribution,Valve Box Or Valve Room
4342,Structures And Building And Construction And Manufacturing Components And Supplies,Doors And Windows And Glass,Casement Windows
4343,Resin And Rosin And Rubber And Foam And Film And Elastomeric Materials,Rubber And Elastomers,Polycarbonate Pc
4344,Drugs And Pharmaceutical Products,Central Nervous System Drugs,Mepivacaine
4345,Tools And General Machinery,Hand Tools,Screwdriver Bit Set
4346,Land And Buildings And Structures And Thoroughfares,Prefabricated Buildings And Structures,In Plant Office
4347,Furniture And Furnishings,Accommodation Furniture,Instrument Tripods
4348,Material Handling And Conditioning And Storage Machinery And Their Accessories And Supplies,Material Handling Machinery And Equipment,Battery Lifter
4349,Engineering And Research And Technology Based Services,Manufacturing Technologies,Plumbing Or Sewer Inspection Service
4350,Mining And Well Drilling Machinery And Accessories,Oil And Gas Drilling And Exploration Equipment,Setting Adapter Kit
4351,Building And Construction Machinery And Accessories,Heavy Construction Machinery And Equipment,Track Bulldozers
4352,Commercial And Military And Private Vehicles And Their Accessories And Components,Marine Transport,Paddles
4353,Medical Equipment And Accessories And Supplies,Intravenous And Arterial Administration Products,Intravenous Or Arterial Extension Tubing
4354,Defense And Law Enforcement And Security And Safety Equipment And Supplies,Security Surveillance And Detection,Number Locks
4355,Electrical Systems And Lighting And Components And Accessories And Supplies,Lighting Fixtures And Accessories,Lamp Arms
4356,Laboratory And Measuring And Observing And Testing Equipment,Laboratory And Scientific Equipment,Air Samplers Or Collectors
4357,Industrial Manufacturing And Processing Machinery And Accessories,Petroleum Processing Machinery,Distillate Hydroprocessing Equipment
4358,Editorial And Design And Graphic And Fine Art Services,Writing And Translations,Written Translation Services
4359,Electrical Systems And Lighting And Components And Accessories And Supplies,Electrical Equipment And Components And Supplies,Overload Relay
4360,Distribution And Conditioning Systems And Equipment And Components,Heating And Ventilation And Air Circulation,Absorption Chiller Heater
4361,Manufacturing Components And Supplies,Fabricated Structural Assemblies,Carbon Steel Riveted Structural Assemblies
4362,Mining And Well Drilling Machinery And Accessories,Oil And Gas Drilling And Exploration Equipment,Gas Lift Valve
4363,Distribution And Conditioning Systems And Equipment And Components,Pipe Piping And Pipe Fittings,Pvc Plastic Pipe Wye
4364,Medical Equipment And Accessories And Supplies,Patient Care And Treatment Products And Supplies,Blood Gas Analysis Syringe Kits
4365,Distribution And Conditioning Systems And Equipment And Components,Fluid And Gas Distribution,Spray Hose
4366,Cleaning Equipment And Supplies,Water And Wastewater Treatment Supply And Disposal,Sludge Disposal Equipment
4367,Printing And Photographic And Audio And Visual Equipment And Supplies,Audio And Visual Presentation And Composing Equipment,Multimedia Projectors
4368,Resin And Rosin And Rubber And Foam And Film And Elastomeric Materials,Resins And Rosins And Other Resin Derived Materials,Polycarbonate Films
4369,Building And Construction Machinery And Accessories,Heavy Construction Machinery And Equipment,Concrete Spreaders
4370,Building And Construction Machinery And Accessories,Heavy Construction Machinery And Equipment,Chip Spreaders
4371,Tools And General Machinery,Hand Tools,Linemans Pliers
4372,Commercial And Military And Private Vehicles And Their Accessories And Components,Transportation Components And Systems,Struts
4373,Electrical Systems And Lighting And Components And Accessories And Supplies,Lighting Fixtures And Accessories,Lamp Wiring Assembly Kit
4374,Power Generation And Distribution Machinery And Accessories,Batteries And Generators And Kinetic Power Transmission,Flat Pulley
4375,Musical Instruments And Games And Toys And Arts And Crafts And Educational Equipment And Materials And Accessories And Supplies,Musical Instruments And Parts And Accessories,Guitars
4376,Food Beverage And Tobacco Products,Fresh Vegetables,Bloomsdale Spinach
4377,Food Beverage And Tobacco Products,Fresh Vegetables,Garden Peas
4378,Industrial Production And Manufacturing Services,Plastic And Chemical Industries,Vaccines Or Sera Or Antibiotics Production Services
4379,Medical Equipment And Accessories And Supplies,Dental Equipment And Supplies,Dental Prophylaxis Kits
4380,Service Industry Machinery And Equipment And Supplies,Institutional Food Services Equipment,Cup Dispenser
4381,Structures And Building And Construction And Manufacturing Components And Supplies,Structural Materials,Hot Dip Galvanized Steel Coil
4382,Healthcare Services,Medical Practice,Orthodontic Services
4383,Industrial Manufacturing And Processing Machinery And Accessories,Lapidary Machinery And Equipment,Polishing Heads
4384,Food Beverage And Tobacco Products,Fresh Fruits,Valencia Oranges
4385,Live Plant And Animal Material And Accessories And Supplies,Live Rose Bushes,Live Nikita Rose Bush
4386,Land And Buildings And Structures And Thoroughfares,Permanent Buildings And Structures,Sewage Pumping Station
4387,Medical Equipment And Accessories And Supplies,Medical Facility Products,Medical Treatment Cabinets
4388,Distribution And Conditioning Systems And Equipment And Components,Fluid And Gas Distribution,Pilot Valves
4389,Structures And Building And Construction And Manufacturing Components And Supplies,Structural Components And Basic Shapes,Stainless Steel Grating
4390,Structures And Building And Construction And Manufacturing Components And Supplies,Doors And Windows And Glass,Automatic Doors
4391,Office Equipment And Accessories And Supplies,Office Machines And Their Supplies And Accessories,Printer Or Facsimile Or Photocopier Roller Guides
4392,Furniture And Furnishings,Home Furnishing Adornments,Ceramic Vase
4393,Laboratory And Measuring And Observing And Testing Equipment,Measuring And Observing And Testing Instruments,Thermal Imager
4394,Domestic Appliances And Supplies And Consumer Electronic Products,Consumer Electronics,Portable Stereo Systems
4395,Food Beverage And Tobacco Products,Fresh Vegetables,Green Lentils
4396,Engineering And Research And Technology Based Services,Computer Services,Data Center Services
4397,Information Technology Broadcasting And Telecommunications,Data Voice Or Multimedia Network Equipment Or Platforms And Accessories,Fiber Optic Fusion Splicer
4398,Musical Instruments And Games And Toys And Arts And Crafts And Educational Equipment And Materials And Accessories And Supplies,Arts And Crafts Equipment And Accessories And Supplies,Combs Or Tools For Paint Or Ink Application
4399,Building And Construction Machinery And Accessories,Heavy Construction Machinery And Equipment,Road Pavers
4400,Medical Equipment And Accessories And Supplies,Medical Sterilization Products,Sterilization Disposable Containers
4401,Office Equipment And Accessories And Supplies,Office And Desk Accessories,Letter Boards Or Accessories
4402,Medical Equipment And Accessories And Supplies,Respiratory And Anesthesia And Resuscitation Products,Oxygen Monitors Or Supplies
4403,Medical Equipment And Accessories And Supplies,Patient Exam And Monitoring Products,Phoropter Units
4404,Land And Buildings And Structures And Thoroughfares,Permanent Buildings And Structures,Well
4405,Office Equipment And Accessories And Supplies,Office Supplies,Pen Or Pencil Sets
4406,Building And Facility Construction And Maintenance Services,Heavy Construction Services,Detention Facility Remodeling And Repair
4407,Food Beverage And Tobacco Products,Fresh Fruits,Lee Mandarin Oranges
4408,Fuels And Fuel Additives And Lubricants And Anti Corrosive Materials,Lubricants And Oils And Greases And Anti Corrosives,Refrigerating Machine Oil
4409,Musical Instruments And Games And Toys And Arts And Crafts And Educational Equipment And Materials And Accessories And Supplies,Musical Instruments And Parts And Accessories,Whistle
4410,Medical Equipment And Accessories And Supplies,Medical Facility Products,Medical Equipment Covers
4411,Material Handling And Conditioning And Storage Machinery And Their Accessories And Supplies,Material Handling Machinery And Equipment,Vehicle Movable Jack Or Dolly
4412,Cleaning Equipment And Supplies,Cleaning And Janitorial Supplies,Sanitary Goods Dispensers
4413,Distribution And Conditioning Systems And Equipment And Components,Industrial Pumps And Compressors,Pump Impeller
4414,Chemicals Including Bio Chemicals And Gas Materials,Colorants,Solvent Dye
4415,Industrial Manufacturing And Processing Machinery And Accessories,Industrial Process Machinery And Equipment And Supplies,Vacuum Molding Machines
4416,Commercial And Military And Private Vehicles And Their Accessories And Components,Transportation Services Equipment,Automatic Transmission Rebuild Kit
4417,Power Generation And Distribution Machinery And Accessories,Power Sources,Motor Mount Or Base
4418,Information Technology Broadcasting And Telecommunications,Computer Equipment And Accessories,Handheld Pda Starter Kits
4419,Tools And General Machinery,Hand Tools,Wire Lug Crimping Tool
4420,Cleaning Equipment And Supplies,Cleaning And Janitorial Supplies,Ammonia Cleaners
4421,Musical Instruments And Games And Toys And Arts And Crafts And Educational Equipment And Materials And Accessories And Supplies,Arts And Crafts Equipment And Accessories And Supplies,Intaglio Etching Or Engraving Tools
4422,Medical Equipment And Accessories And Supplies,Surgical Products,Endoscopic Heater Probe Units Or Heater Probes Or Accessories
4423,Material Handling And Conditioning And Storage Machinery And Their Accessories And Supplies,Industrial Refrigeration,Low Temperature Freezers
4424,Food Beverage And Tobacco Products,Fresh Fruits,Black Beaut Plums
4425,Industrial Cleaning Services,Toxic And Hazardous Waste Cleanup,Toxic Substances Spill Cleanup
4426,Live Plant And Animal Material And Accessories And Supplies,Live Plants Of High Species Or Variety Count Flowers,Live Ornamental Mixed Pepper
4427,Food Beverage And Tobacco Products,Canned Or Jarred Vegetables,Canned Or Jarred Bambarra Groundnut Peanuts
4428,Food Beverage And Tobacco Products,Dried Organic Vegetables,Dried Organic Pattypan Squash
4429,Food Beverage And Tobacco Products,Organic Fresh Vegetables,Organic Red Potato Onions
4430,Information Technology Broadcasting And Telecommunications,Software,Access Software
4431,Manufacturing Components And Supplies,Hardware,Rigid Coupling
4432,Information Technology Broadcasting And Telecommunications,Components For Information Technology Or Broadcasting Or Telecommunications,Multimedia Integrated Board
4433,Manufacturing Components And Supplies,Machined Castings,Composite Shell Mold Machined Castings
4434,Structures And Building And Construction And Manufacturing Components And Supplies,Structural Materials,Lead Coil
4435,Food Beverage And Tobacco Products,Fresh Fruits,Hayward Kiwi Fruit
4436,Distribution And Conditioning Systems And Equipment And Components,Heating And Ventilation And Air Circulation,Salt Bath Furnace
4437,Structures And Building And Construction And Manufacturing Components And Supplies,Structural Building Products,Concrete Bricks
4438,Distribution And Conditioning Systems And Equipment And Components,Industrial Pumps And Compressors,Sewage Pump Spare Parts
4439,Information Technology Broadcasting And Telecommunications,Software,Memory Drivers
4440,Musical Instruments And Games And Toys And Arts And Crafts And Educational Equipment And Materials And Accessories And Supplies,Developmental And Professional Teaching Aids And Materials And Accessories And Supplies,Incentive Punchcards
4441,Service Industry Machinery And Equipment And Supplies,Institutional Food Services Equipment,Commercial Use Food Processors
4442,Information Technology Broadcasting And Telecommunications,Data Voice Or Multimedia Network Equipment Or Platforms And Accessories,Television Access Equipment
4443,Tools And General Machinery,Pneumatic Machinery And Equipment,Pneumatic Tool Set
4444,Manufacturing Components And Supplies,Adhesives And Sealants,Polytetrafluoroethylene Ptfe Thread Sealing Tape
4445,Electrical Systems And Lighting And Components And Accessories And Supplies,Lighting Fixtures And Accessories,Garage Or Canopy Lighting Fixture
4446,Information Technology Broadcasting And Telecommunications,Components For Information Technology Or Broadcasting Or Telecommunications,Exchange Datacom Modules
4447,Tools And General Machinery,Hand Tools,Hand Or Push Drill
4448,Education And Training Services,Educational Facilities,Audio Visual Technology
4449,Farming And Fishing And Forestry And Wildlife Contracting Services,Water Resources Development And Oversight,Water Conservation Advisory Services
4450,Healthcare Services,Medical Practice,Blind Or Vision Impaired Rehabilitation Services
4451,Laboratory And Measuring And Observing And Testing Equipment,Measuring And Observing And Testing Instruments,Temperature Calibrator Or Simulator
4452,Medical Equipment And Accessories And Supplies,Patient Care And Treatment Products And Supplies,Patient Identification Products
4453,Distribution And Conditioning Systems And Equipment And Components,Heating And Ventilation And Air Circulation,Shell And Tube Heat Exchanger
4454,Published Products,Signage And Accessories,Consecutively Numbered Labels
4455,Food Beverage And Tobacco Products,Fresh Vegetables,Valencia Peanuts
4456,Office Equipment And Accessories And Supplies,Office Machines And Their Supplies And Accessories,Time Card Machines
4457,Industrial Manufacturing And Processing Machinery And Accessories,Metal Cutting Machinery And Accessories,Automatic Lathe Or Chucking Machine
4458,Defense And Law Enforcement And Security And Safety Equipment And Supplies,Fire Protection,Fire Hoses Or Nozzles
4459,Tools And General Machinery,Hand Tools,Power Grinders
4460,Commercial And Military And Private Vehicles And Their Accessories And Components,Transportation Components And Systems,Power Steering System
4461,Commercial And Military And Private Vehicles And Their Accessories And Components,Motor Vehicles,Ladder Lift Truck
4462,Structures And Building And Construction And Manufacturing Components And Supplies,Structural Components And Basic Shapes,Crib Block
4463,Food Beverage And Tobacco Products,Fresh Fruits,Amber Jewel Plums
4464,Electrical Systems And Lighting And Components And Accessories And Supplies,Electrical Equipment And Components And Supplies,Multicontact Relay
4465,Medical Equipment And Accessories And Supplies,Dental Equipment And Supplies,Dental Impression Tray Cleaners
4466,Manufacturing Components And Supplies,Fabricated Pipe Assemblies,Carbon Steel Riveted Pipe Assemblies
4467,Manufacturing Components And Supplies,Housings And Cabinets And Casings,Machine Noise Control Housing
4468,Domestic Appliances And Supplies And Consumer Electronic Products,Window Treatments,Curtains
4469,Medical Equipment And Accessories And Supplies,Emergency And Field Medical Services Products,Emergency Medical Services Oxygen Or Resuscitation Kits
4470,Laboratory And Measuring And Observing And Testing Equipment,Laboratory Supplies And Fixtures,Laboratory Burets
4471,Food Beverage And Tobacco Products,Fresh Vegetables,Aloha Corn
4472,Medical Equipment And Accessories And Supplies,Dental Equipment And Supplies,Dental Excavators
4473,Apparel And Luggage And Personal Care Products,Clothing,Belts Or Suspenders
4474,Laboratory And Measuring And Observing And Testing Equipment,Measuring And Observing And Testing Instruments,Heat Flowmeter
4475,Musical Instruments And Games And Toys And Arts And Crafts And Educational Equipment And Materials And Accessories And Supplies,Arts And Crafts Equipment And Accessories And Supplies,Table Top Easels
4476,Manufacturing Components And Supplies,Hardware,Spring Assembly
4477,Electronic Components And Supplies,Printed Circuits And Integrated Circuits And Microassemblies,Modulators
4478,Distribution And Conditioning Systems And Equipment And Components,Fluid And Gas Distribution,Steam Traps
4479,Furniture And Furnishings,Commercial And Industrial Furniture,Freestanding Tables
4480,Medical Equipment And Accessories And Supplies,Physical And Occupational Therapy And Rehabilitation Products,Climbing Devices For Rehabilitation Or Therapy
4481,Food Beverage And Tobacco Products,Frozen Fruit,Frozen Mexican Yellow Papayas
4482,Public Utilities And Public Sector Related Services,Utilities,Water Distribution Management
4483,Manufacturing Components And Supplies,Pneumatic And Hydraulic And Electric Control Systems,Electric Actuators
4484,Manufacturing Components And Supplies,Hardware,Lead Screw Or Power Screw
4485,Laboratory And Measuring And Observing And Testing Equipment,Measuring And Observing And Testing Instruments,Monocular Microscopes
4486,Industrial Cleaning Services,Cleaning And Janitorial Services,Air Duct Cleaning
4487,Musical Instruments And Games And Toys And Arts And Crafts And Educational Equipment And Materials And Accessories And Supplies,Arts And Crafts Equipment And Accessories And Supplies,Tools For Foam Crafts
4488,Sports And Recreational Equipment And Supplies And Accessories,Sports Equipment And Accessories,Player Bench
4489,Industrial Production And Manufacturing Services,Manufacture Of Electrical Goods And Precision Instruments,Medical Or Dental Equipment Manufacture Services
4490,Structures And Building And Construction And Manufacturing Components And Supplies,Portable Structure Building Components,Anchor Plate
4491,Industrial Manufacturing And Processing Machinery And Accessories,Metal Cutting Machinery And Accessories,Electrode Holder
4492,Electrical Systems And Lighting And Components And Accessories And Supplies,Electrical Equipment And Components And Supplies,Foot Switch
4493,Distribution And Conditioning Systems And Equipment And Components,Tubes Tubing And Tube Fittings,Tube Nipple
4494,Electrical Systems And Lighting And Components And Accessories And Supplies,Electrical Equipment And Components And Supplies,Safety Switch
4495,Manufacturing Components And Supplies,Grinding And Polishing And Smoothing Materials,Abrasive Discs
4496,Information Technology Broadcasting And Telecommunications,Data Voice Or Multimedia Network Equipment Or Platforms And Accessories,Television Antennas
4497,Manufacturing Components And Supplies,Hardware,Flathead Screws
4498,Food Beverage And Tobacco Products,Prepared And Preserved Foods,Popped Corn
4499,Industrial Manufacturing And Processing Machinery And Accessories,Mixers And Their Parts And Accessories,Mixer Plows
4500,Musical Instruments And Games And Toys And Arts And Crafts And Educational Equipment And Materials And Accessories And Supplies,Arts And Crafts Equipment And Accessories And Supplies,Drawing Or Sketching Boards Or Accessories
4501,Medical Equipment And Accessories And Supplies,Medical Facility Products,Patient Shifting Boards Or Accessories
4502,Information Technology Broadcasting And Telecommunications,Data Voice Or Multimedia Network Equipment Or Platforms And Accessories,Access Servers
4503,Industrial Manufacturing And Processing Machinery And Accessories,Metal Cutting Machinery And Accessories,Drill Press Or Radial Drill
4504,Tools And General Machinery,Hand Tools,Offset Screw Driver
4505,Manufacturing Components And Supplies,Hardware,Mounting Hangers
4506,Paper Materials And Products,Paper Products,Telephone Message Pads Or Books
4507,Engineering And Research And Technology Based Services,Professional Engineering Services,Mechanical Product Enclosures Design
4508,Food Beverage And Tobacco Products,Edible Oils And Fats,Edible Animal Fats
4509,Industrial Manufacturing And Processing Machinery And Accessories,Metal Cutting Machinery And Accessories,Indexable Tool Bodies Or Holders
4510,Medical Equipment And Accessories And Supplies,Medical Facility Products,Medical Chart Caddies Or Accessories
4511,Farming And Fishing And Forestry And Wildlife Contracting Services,Crop Production And Management And Protection,Biological Control Services
4512,Mining And Well Drilling Machinery And Accessories,Oil And Gas Drilling And Exploration Equipment,Surveying Systems
4513,Food Beverage And Tobacco Products,Fresh Vegetables,White Storage Onions
4514,Medical Equipment And Accessories And Supplies,Physical And Occupational Therapy And Rehabilitation Products,Extremity Exercise Skates For Rehabilitation Or Therapy
4515,Electrical Systems And Lighting And Components And Accessories And Supplies,Lighting Fixtures And Accessories,Track Lighting
4516,Mineral And Textile And Inedible Plant And Animal Materials,Non Edible Plant And Forestry Products,Wood Flour
4517,Medical Equipment And Accessories And Supplies,Emergency And Field Medical Services Products,Emergency Medical Services Disaster Body Pouches
4518,Office Equipment And Accessories And Supplies,Office Machines And Their Supplies And Accessories,Ink Rolls
4519,Food Beverage And Tobacco Products,Fresh Fruits,Costard Apples
4520,Electrical Systems And Lighting And Components And Accessories And Supplies,Electrical Equipment And Components And Supplies,Wire Or Cable Compression Splice
4521,Distribution And Conditioning Systems And Equipment And Components,Fluid And Gas Distribution,Food And Beverage Hose
4522,Distribution And Conditioning Systems And Equipment And Components,Pipe Piping And Pipe Fittings,Cpvc Plastic Pipe Elbow
4523,Domestic Appliances And Supplies And Consumer Electronic Products,Domestic Appliances,Parts Of Dishwashing Machines
4524,Office Equipment And Accessories And Supplies,Office Machines And Their Supplies And Accessories,Copy Counters
4525,Mining And Well Drilling Machinery And Accessories,Mining And Quarrying Machinery And Equipment,Gearmotors
4526,Published Products,Signage And Accessories,Informational Signs
4527,Politics And Civic Affairs Services,Community And Social Services,Career Development Services
4528,Electrical Systems And Lighting And Components And Accessories And Supplies,Lighting Fixtures And Accessories,Lighting Pole Or Post And Hardware
4529,Medical Equipment And Accessories And Supplies,Medical Diagnostic Imaging And Nuclear Medicine Products,Medical X Ray Equipment Cases Or Covers Or Accessories
4530,Musical Instruments And Games And Toys And Arts And Crafts And Educational Equipment And Materials And Accessories And Supplies,Developmental And Professional Teaching Aids And Materials And Accessories And Supplies,Grammar Resource Books
4531,Laboratory And Measuring And Observing And Testing Equipment,Laboratory And Scientific Equipment,Filter Support Screens
4532,Land And Buildings And Structures And Thoroughfares,Permanent Buildings And Structures,Vocational College
4533,Defense And Law Enforcement And Security And Safety Equipment And Supplies,Personal Safety And Protection,Safety Wash Units
4534,Distribution And Conditioning Systems And Equipment And Components,Heating And Ventilation And Air Circulation,Water Cooled Condensor
4535,Building And Construction Machinery And Accessories,Heavy Construction Machinery And Equipment,Grouting Machines
4536,Laboratory And Measuring And Observing And Testing Equipment,Measuring And Observing And Testing Instruments,Vehicle Vapor Gas Analyzing System
4537,Medical Equipment And Accessories And Supplies,Medical Diagnostic Imaging And Nuclear Medicine Products,Medical X Ray Tables Or Stands Or Chairs Or Cabinets Or Accessories
4538,Information Technology Broadcasting And Telecommunications,Communications Devices And Accessories,Handset Adapters
4539,Structures And Building And Construction And Manufacturing Components And Supplies,Interior Finishing Materials,Slide Out Storage Bin Or Assembly
4540,Timepieces And Jewelry And Gemstone Products,Timepieces,Watch Or Clock Pendulum
4541,Manufacturing Components And Supplies,Bearings And Bushings And Wheels And Gears,Bushing Blank
4542,Musical Instruments And Games And Toys And Arts And Crafts And Educational Equipment And Materials And Accessories And Supplies,Arts And Crafts Equipment And Accessories And Supplies,Utility Brushes
4543,Laboratory And Measuring And Observing And Testing Equipment,Laboratory And Scientific Equipment,Ultra Pure Water Systems
4544,Mining And Well Drilling Machinery And Accessories,Oil And Gas Drilling And Operation Materials,Resin Coated Ceramic Proppants
4545,Service Industry Machinery And Equipment And Supplies,Institutional Food Services Equipment,Commercial Use Broilers
4546,Fuels And Fuel Additives And Lubricants And Anti Corrosive Materials,Lubricants And Oils And Greases And Anti Corrosives,Cutting Oil
4547,Timepieces And Jewelry And Gemstone Products,Timepieces,Mantel Or Table Clocks
4548,Food Beverage And Tobacco Products,Prepared And Preserved Foods,Fresh Sandwich Fillers
4549,Material Handling And Conditioning And Storage Machinery And Their Accessories And Supplies,Containers And Storage,Open Top Freight Container
4550,Medical Equipment And Accessories And Supplies,Medical Apparel And Textiles,Hospital Antimicrobial Pillows
4551,Medical Equipment And Accessories And Supplies,Medical Diagnostic Imaging And Nuclear Medicine Products,Cardiac Ultrasound Or Doppler Or Echo Units Or Cardioscopes
4552,Medical Equipment And Accessories And Supplies,Dental Equipment And Supplies,Dental Radiology Film
4553,Commercial And Military And Private Vehicles And Their Accessories And Components,Transportation Components And Systems,Disc Brake
4554,Manufacturing Components And Supplies,Industrial Optics,Round Bar Stock
4555,Office Equipment And Accessories And Supplies,Office Supplies,Electric Pencil Sharpener
4556,Medical Equipment And Accessories And Supplies,Patient Care And Treatment Products And Supplies,Eyeglass Cases
4557,Information Technology Broadcasting And Telecommunications,Communications Devices And Accessories,Mobile Phone Starter Kits
4558,Laboratory And Measuring And Observing And Testing Equipment,Laboratory Supplies And Fixtures,Laboratory Dishes
4559,Power Generation And Distribution Machinery And Accessories,Batteries And Generators And Kinetic Power Transmission,Auxiliary Generator
4560,Laboratory And Measuring And Observing And Testing Equipment,Laboratory And Scientific Equipment,Water Filtration Cartridges
4561,Material Handling And Conditioning And Storage Machinery And Their Accessories And Supplies,Containers And Storage,Hazardous Materials Cabinets
4562,Food Beverage And Tobacco Products,Fresh Vegetables,Express Yellow O-X Onions
4563,Musical Instruments And Games And Toys And Arts And Crafts And Educational Equipment And Materials And Accessories And Supplies,Developmental And Professional Teaching Aids And Materials And Accessories And Supplies,Study Skills Instructional Materials
4564,Manufacturing Components And Supplies,Grinding And Polishing And Smoothing Materials,Abrasive Brush
4565,Live Plant And Animal Material And Accessories And Supplies,Fresh Cut Blooms Of High Species Or Variety Count Flowers,Fresh Cut Bean Hyacinths
4566,Furniture And Furnishings,Accommodation Furniture,Folding Chairs
4567,Medical Equipment And Accessories And Supplies,Dental Equipment And Supplies,Dental Impression Materials Delivery Kits
4568,Apparel And Luggage And Personal Care Products,Clothing,Undershirts
4569,Mining And Well Drilling Machinery And Accessories,Oil And Gas Drilling And Exploration Equipment,Acoustic Tools
4570,Farming And Fishing And Forestry And Wildlife Machinery And Accessories,Agricultural And Forestry And Landscape Machinery And Equipment,Agricultural Sun Shade Material
4571,Transportation And Storage And Mail Services,Storage,Hazardous Materials Storage
4572,Distribution And Conditioning Systems And Equipment And Components,Heating And Ventilation And Air Circulation,Forced Air Heating System
4573,Medical Equipment And Accessories And Supplies,Emergency And Field Medical Services Products,Emergency Medical Services Defibrillator Cases
4574,Engineering And Research And Technology Based Services,Computer Services,Nearline Or Backup System Maintenance
4575,Paper Materials And Products,Paper Products,Sales Forms Or Sales Books
4576,Distribution And Conditioning Systems And Equipment And Components,Fluid And Gas Distribution,Directional Control Valve Coil Assembly
4577,Laboratory And Measuring And Observing And Testing Equipment,Measuring And Observing And Testing Instruments,Injectors
4578,Medical Equipment And Accessories And Supplies,Medical Sterilization Products,Disinfectant Test Strips
4579,Cleaning Equipment And Supplies,Janitorial Equipment,Floor Machine Pads
4580,Sports And Recreational Equipment And Supplies And Accessories,Target And Table Games And Equipment,Shuffleboard
4581,Industrial Manufacturing And Processing Machinery And Accessories,Wire Machinery And Equipment,Wire And Cable Cutting And Terminal Assembly Equipment
4582,Structures And Building And Construction And Manufacturing Components And Supplies,Structural Materials,Stainless Steel Sae 200 Series Hot Rolled Sheet
4583,Information Technology Broadcasting And Telecommunications,Computer Equipment And Accessories,Camera Based Vision Systems For Automated Data Collection
4584,Laboratory And Measuring And Observing And Testing Equipment,Laboratory And Scientific Equipment,Mixer Or Shaker Accessories Or Attachments
4585,Furniture And Furnishings,Accommodation Furniture,Apparel Costumers
4586,Manufacturing Components And Supplies,Bearings And Bushings And Wheels And Gears,Bearing Ball
4587,Food Beverage And Tobacco Products,Frozen Organic Vegetables,Frozen Organic Nantes Carrots
4588,Live Plant And Animal Material And Accessories And Supplies,Dried Cut Blooms Of High Species Or Variety Count Flowers,Dried Cut Posey Deformed Calla
4589,Industrial Cleaning Services,Refuse Disposal And Treatment,Landfill For Non Hazardous Special Waste
4590,Printing And Photographic And Audio And Visual Equipment And Supplies,Photographic Or Filming Or Video Equipment,Camera Bags
4591,Sports And Recreational Equipment And Supplies And Accessories,Watersports Equipment,Diving Instruments Or Accessories
4592,Paper Materials And Products,Paper Products,Vellum Paper
4593,Structures And Building And Construction And Manufacturing Components And Supplies,Exterior Finishing Materials,Roof Valleys
4594,Distribution And Conditioning Systems And Equipment And Components,Heating And Ventilation And Air Circulation,Liquid Refrigerant Receiver
4595,Distribution And Conditioning Systems And Equipment And Components,Heating And Ventilation And Air Circulation,Electric Boilers
4596,Domestic Appliances And Supplies And Consumer Electronic Products,Domestic Kitchenware And Kitchen Supplies,Domestic Disposable Cookware
4597,Industrial Manufacturing And Processing Machinery And Accessories,Welding And Soldering And Brazing Machinery And Accessories And Supplies,Submerged Arc Welding Machine
4598,Power Generation And Distribution Machinery And Accessories,Electrical Wire And Cable And Harness,Battery Cable Assembly
4599,Information Technology Broadcasting And Telecommunications,Components For Information Technology Or Broadcasting Or Telecommunications,Automotive Heating Ventilation Air Conditioning Hvac Resistor Assembly
4600,Material Handling And Conditioning And Storage Machinery And Their Accessories And Supplies,Material Handling Machinery And Equipment,Conveyor Idlers
4601,Furniture And Furnishings,Commercial And Industrial Furniture,Industrial Parts Or Accessories
4602,Laboratory And Measuring And Observing And Testing Equipment,Measuring And Observing And Testing Instruments,Welding Testing Apparatus
4603,Service Industry Machinery And Equipment And Supplies,Vending Machines,Stamp Machines
4604,Structures And Building And Construction And Manufacturing Components And Supplies,Structural Components And Basic Shapes,Wood Sheathing Or Sheets
4605,Mining And Well Drilling Machinery And Accessories,Oil And Gas Operating And Production Equipment,Equalizer Pitman Assembly
4606,Printing And Photographic And Audio And Visual Equipment And Supplies,Audio And Visual Presentation And Composing Equipment,Hard Disk Recorder
4607,Medical Equipment And Accessories And Supplies,Surgical Products,Ear Nose And Throat Ent Surgical Instrument Sets
4608,Electrical Systems And Lighting And Components And Accessories And Supplies,Electrical Equipment And Components And Supplies,Electronic Connector Caps
4609,Tools And General Machinery,Hand Tools,Shovels
4610,Electrical Systems And Lighting And Components And Accessories And Supplies,Electrical Equipment And Components And Supplies,Low Voltage Motor Control Center
4611,Information Technology Broadcasting And Telecommunications,Data Voice Or Multimedia Network Equipment Or Platforms And Accessories,Telecommunications Remote Access Unit
4612,Distribution And Conditioning Systems And Equipment And Components,Industrial Filtering And Purification,Metal Fabric Media
4613,Structures And Building And Construction And Manufacturing Components And Supplies,Doors And Windows And Glass,Screen Doors
4614,Electrical Systems And Lighting And Components And Accessories And Supplies,Electrical Equipment And Components And Supplies,Automotive Fuse
4615,Live Plant And Animal Material And Accessories And Supplies,Pest Control Products,Flying Insect Control Traps
4616,Medical Equipment And Accessories And Supplies,Emergency And Field Medical Services Products,Emergency Or Rescue Blankets
4617,Printing And Photographic And Audio And Visual Equipment And Supplies,Photographic Or Filming Or Video Equipment,Camera Power Adapters
4618,Information Technology Broadcasting And Telecommunications,Data Voice Or Multimedia Network Equipment Or Platforms And Accessories,Voice Messaging Portal
4619,Medical Equipment And Accessories And Supplies,Patient Exam And Monitoring Products,Hand Held Vascular Dopplers Or Accessories
4620,Laboratory And Measuring And Observing And Testing Equipment,Measuring And Observing And Testing Instruments,Hydraulic Pressure Tester
4621,Manufacturing Components And Supplies,Hardware,Wire Rope Clip
4622,Live Plant And Animal Material And Accessories And Supplies,Fresh Cut Rose,Fresh Cut Augusta Louise Rose
4623,Medical Equipment And Accessories And Supplies,Dental Equipment And Supplies,Dental Tables Or Accessories
4624,Office Equipment And Accessories And Supplies,Office Machines And Their Supplies And Accessories,Facsimile Units For Office Machines
4625,Sports And Recreational Equipment And Supplies And Accessories,Watersports Equipment,Scuba Regulators
4626,Domestic Appliances And Supplies And Consumer Electronic Products,Domestic Appliances,Domestic Portable Air Conditioners
4627,Laboratory And Measuring And Observing And Testing Equipment,Measuring And Observing And Testing Instruments,Speedometers
4628,Industrial Manufacturing And Processing Machinery And Accessories,Industrial Process Machinery And Equipment And Supplies,Adapters Or Connectors Or Fittings For Pharmaceutical Filter Housings
4629,Tools And General Machinery,Hand Tools,Chucks
4630,Power Generation And Distribution Machinery And Accessories,Batteries And Generators And Kinetic Power Transmission,Hydrokinetic Drives
4631,Power Generation And Distribution Machinery And Accessories,Batteries And Generators And Kinetic Power Transmission,Impulse Generator
4632,Apparel And Luggage And Personal Care Products,Luggage And Handbags And Packs And Cases,Portfolios
4633,Musical Instruments And Games And Toys And Arts And Crafts And Educational Equipment And Materials And Accessories And Supplies,Arts And Crafts Equipment And Accessories And Supplies,Bond Drawing Paper
4634,Food Beverage And Tobacco Products,Fresh Vegetables,Azuki Beans
4635,Distribution And Conditioning Systems And Equipment And Components,Tubes Tubing And Tube Fittings,Braided Sleeve Tubing
4636,Food Beverage And Tobacco Products,Canned Or Jarred Vegetables,Canned Or Jarred Early Xtra Sweet Corn
4637,Medical Equipment And Accessories And Supplies,Independent Living Aids For The Physically Challenged,Sitz Baths For The Physically Challenged
4638,Sports And Recreational Equipment And Supplies And Accessories,Field And Court Sports Equipment,Discus
4639,Commercial And Military And Private Vehicles And Their Accessories And Components,Transportation Components And Systems,Dual Circuit Brake
4640,Manufacturing Components And Supplies,Hardware,Magnetic Mounting Brackets
4641,Manufacturing Components And Supplies,Hardware,Mounting Strips
4642,Manufacturing Components And Supplies,Packings Glands Boots And Covers,Packings
4643,Chemicals Including Bio Chemicals And Gas Materials,Compounds And Mixtures,Amines Or Imines Or Its Substitutes
4644,Industrial Production And Manufacturing Services,Plastic And Chemical Industries,Soda Ash Or Chlorine Or Caustic Soda Production Services
4645,Chemicals Including Bio Chemicals And Gas Materials,Compounds And Mixtures,Organic Salts Or Its Substitutes
4646,Laboratory And Measuring And Observing And Testing Equipment,Laboratory And Scientific Equipment,Laboratory Separators
4647,Laboratory And Measuring And Observing And Testing Equipment,Measuring And Observing And Testing Instruments,Laser Measuring Systems
4648,Electrical Systems And Lighting And Components And Accessories And Supplies,Lighting Fixtures And Accessories,Area Lighting
4649,Mining And Well Drilling Machinery And Accessories,Oil And Gas Drilling And Exploration Equipment,Subsurface Safety Valve Parts And Accessories
4650,Apparel And Luggage And Personal Care Products,Clothing,Prison Officer Uniform
4651,Farming And Fishing And Forestry And Wildlife Contracting Services,Horticulture,Tree Trimming Services
4652,Mining And Well Drilling Machinery And Accessories,Oil And Gas Drilling And Exploration Equipment,Drill Pipe Thread Protectors
4653,Medical Equipment And Accessories And Supplies,Patient Exam And Monitoring Products,Ophthalmic Slit Lamps
4654,Power Generation And Distribution Machinery And Accessories,Batteries And Generators And Kinetic Power Transmission,Mechanical Adjustable Speed Drive
4655,Manufacturing Components And Supplies,Hardware,Knurled Nuts
4656,Medical Equipment And Accessories And Supplies,Respiratory And Anesthesia And Resuscitation Products,Circuit Connectors Or Adapters Or Valves
4657,Structures And Building And Construction And Manufacturing Components And Supplies,Structural Components And Basic Shapes,Wood Composite Beams
4658,Medical Equipment And Accessories And Supplies,Dental Equipment And Supplies,Dental Cementing Kits
4659,Electronic Components And Supplies,Passive Discrete Components,Air Capacitor
4660,Furniture And Furnishings,Accommodation Furniture,Furniture Moving Discs
4661,Food Beverage And Tobacco Products,Canned Or Jarred Fruit,Canned Or Jarred Silverberries
4662,Manufacturing Components And Supplies,Gaskets,Water Jet Cut Gasket Kit
4663,Industrial Manufacturing And Processing Machinery And Accessories,Foundry Machines And Equipment And Supplies,Foundry Sand
4664,Food Beverage And Tobacco Products,Beverages,Instant Tea
4665,Electrical Systems And Lighting And Components And Accessories And Supplies,Lighting Fixtures And Accessories,Security Lighting
4666,Information Technology Broadcasting And Telecommunications,Computer Equipment And Accessories,Port Replicators
4667,Mineral And Textile And Inedible Plant And Animal Materials,Alloys,E24-2 Or A37-2 Steel
4668,Medical Equipment And Accessories And Supplies,Wound Care Products,Paste Bandages
4669,Distribution And Conditioning Systems And Equipment And Components,Fluid And Gas Distribution,P Trap
4670,Live Plant And Animal Material And Accessories And Supplies,Seeds And Bulbs And Seedlings And Cuttings,Oat Seeds
4671,Medical Equipment And Accessories And Supplies,Dental Equipment And Supplies,Dental Radiology Film Holders
4672,Tools And General Machinery,Hand Tools,Impact Screwdriver
4673,Transportation And Storage And Mail Services,Material Packing And Handling,Freight Loading Or Unloading
4674,Healthcare Services,Disease Prevention And Control,Drug Addiction Prevention Or Control Services
4675,Mineral And Textile And Inedible Plant And Animal Materials,Minerals And Ores And Metals,Chalk
4676,Commercial And Military And Private Vehicles And Their Accessories And Components,Transportation Components And Systems,Vehicle Hinge
4677,Electrical Systems And Lighting And Components And Accessories And Supplies,Electrical Equipment And Components And Supplies,Electrical Armor Rod
4678,Paper Materials And Products,Industrial Use Papers,Fiberboards
4679,Medical Equipment And Accessories And Supplies,Dental Equipment And Supplies,Intraoral Lights
4680,Drugs And Pharmaceutical Products,Antineoplastic Agents,Methotrexate
4681,Engineering And Research And Technology Based Services,Manufacturing Technologies,Equipment Inspection Service
4682,Musical Instruments And Games And Toys And Arts And Crafts And Educational Equipment And Materials And Accessories And Supplies,Arts And Crafts Equipment And Accessories And Supplies,Gel Pens
4683,Industrial Manufacturing And Processing Machinery And Accessories,Metal Forming Machinery And Accessories,Metal Stamp
4684,Manufacturing Components And Supplies,Magnets And Magnetic Materials,Plastic Bonded Machined And Coated Isotropic Ferrite Magnet
4685,Manufacturing Components And Supplies,Gaskets,Die Cut Gasket Kit
4686,Laboratory And Measuring And Observing And Testing Equipment,Measuring And Observing And Testing Instruments,Calipers
4687,Electronic Components And Supplies,Automation Control Devices And Components And Accessories,Control System Patchcord
4688,Manufacturing Components And Supplies,Hardware,Double Ended Stud
4689,Tools And General Machinery,Hand Tools,Flat Hand File
4690,Power Generation And Distribution Machinery And Accessories,Electrical Wire And Cable And Harness,Portable Electrical Cord
4691,Live Plant And Animal Material And Accessories And Supplies,Fresh Cut Rose,Fresh Cut Allure Or Sterling 95 Rose
4692,Laboratory And Measuring And Observing And Testing Equipment,Laboratory And Scientific Equipment,Hepa Filtered Enclosures
4693,Distribution And Conditioning Systems And Equipment And Components,Fluid And Gas Distribution,Cock Valve
4694,Musical Instruments And Games And Toys And Arts And Crafts And Educational Equipment And Materials And Accessories And Supplies,Developmental And Professional Teaching Aids And Materials And Accessories And Supplies,Solar Kits
4695,Industrial Manufacturing And Processing Machinery And Accessories,Industrial Process Machinery And Equipment And Supplies,Spray Nozzle
4696,Material Handling And Conditioning And Storage Machinery And Their Accessories And Supplies,Containers And Storage,Spray Kit
4697,Electronic Components And Supplies,Printed Circuits And Integrated Circuits And Microassemblies,Bus Transceiver Integrated Circuit
4698,Manufacturing Components And Supplies,Rope And Chain And Cable And Wire And Strap,Cotton Cord
4699,Electrical Systems And Lighting And Components And Accessories And Supplies,Electrical Equipment And Components And Supplies,Power Monitoring Or Control Systems
4700,Industrial Production And Manufacturing Services,Wood And Paper Industries,Hardboard Or Fiberboard Production Services
4701,Distribution And Conditioning Systems And Equipment And Components,Industrial Filtering And Purification,Bag Filters
4702,Industrial Manufacturing And Processing Machinery And Accessories,Raw Materials Processing Machinery,Belt And Disc Sander
4703,Information Technology Broadcasting And Telecommunications,Software,Network Operating System Enhancement Software
4704,Laboratory And Measuring And Observing And Testing Equipment,Laboratory And Scientific Equipment,Laboratory Air Filtration Systems
4705,Musical Instruments And Games And Toys And Arts And Crafts And Educational Equipment And Materials And Accessories And Supplies,Developmental And Professional Teaching Aids And Materials And Accessories And Supplies,Engine Or Engine Parts Teaching Aids Or Materials
4706,Medical Equipment And Accessories And Supplies,Dental Equipment And Supplies,Dental Drills Or Drill Bits
4707,Industrial Manufacturing And Processing Machinery And Accessories,Metal Cutting Machinery And Accessories,Threading Machine
4708,Live Plant And Animal Material And Accessories And Supplies,Fresh Cut Rose,Fresh Cut Rockefeller Rose
4709,Food Beverage And Tobacco Products,Meat And Poultry Products,"Veal, Minimally Processed Without Additions"
4710,Service Industry Machinery And Equipment And Supplies,Institutional Food Services Equipment,Food Service Condiment Dispensers
4711,Medical Equipment And Accessories And Supplies,Patient Exam And Monitoring Products,Medical Exam Specula Holders Or Stands
4712,Industrial Cleaning Services,Refuse Disposal And Treatment,Landfill For Hazardous Waste
4713,Structures And Building And Construction And Manufacturing Components And Supplies,Structural Building Products,Concrete Armor Unit
4714,Distribution And Conditioning Systems And Equipment And Components,Fluid And Gas Distribution,Floor Drain
4715,Commercial And Military And Private Vehicles And Their Accessories And Components,Transportation Services Equipment,Ground Support Training Systems
4716,Chemicals Including Bio Chemicals And Gas Materials,Compounds And Mixtures,Ureides Or Purines Or Their Derivatives
4717,Printing And Photographic And Audio And Visual Equipment And Supplies,Printing And Publishing Equipment,Thermal Transfer Printer For Commercial Printing Applications
4718,Editorial And Design And Graphic And Fine Art Services,Graphic Design,Computer Generated Design Services
4719,Office Equipment And Accessories And Supplies,Office Machines And Their Supplies And Accessories,Binding Kits
4720,Domestic Appliances And Supplies And Consumer Electronic Products,Domestic Appliances,Domestic Pizelle Or Cookie Maker
4721,Live Plant And Animal Material And Accessories And Supplies,Floriculture And Silviculture Products,Coffee Shrubs
4722,Manufacturing Components And Supplies,Grinding And Polishing And Smoothing Materials,Emery Boards
4723,Commercial And Military And Private Vehicles And Their Accessories And Components,Transportation Components And Systems,Master Cylinders
4724,Service Industry Machinery And Equipment And Supplies,Vending Machines,Drug Dispensers
4725,Distribution And Conditioning Systems And Equipment And Components,Heating And Ventilation And Air Circulation,Air Volume Control Valve
4726,Manufacturing Components And Supplies,Hardware,T Nut Or T Slot Nut
4727,Power Generation And Distribution Machinery And Accessories,Electrical Wire And Cable And Harness,Brass Wire
4728,Tools And General Machinery,Hand Tools,Grease Guns
4729,Medical Equipment And Accessories And Supplies,Respiratory And Anesthesia And Resuscitation Products,Laryngoscopes Or Accessories
4730,Structures And Building And Construction And Manufacturing Components And Supplies,Structural Materials,Corrugated Steel Sheet
4731,Distribution And Conditioning Systems And Equipment And Components,Pipe Piping And Pipe Fittings,Stainless Steel Pipe Coupling
4732,Laboratory And Measuring And Observing And Testing Equipment,Laboratory And Scientific Equipment,X Ray Diffraction Equipment
4733,Structures And Building And Construction And Manufacturing Components And Supplies,Interior Finishing Materials,Roll Out Tray
4734,Laboratory And Measuring And Observing And Testing Equipment,Measuring And Observing And Testing Instruments,Electromagnetic Interference Emi Tester
4735,Medical Equipment And Accessories And Supplies,Emergency And Field Medical Services Products,Emergency Medical Services Immobilization Set Carrying Or Storage Cases
4736,Information Technology Broadcasting And Telecommunications,Data Voice Or Multimedia Network Equipment Or Platforms And Accessories,Fiber Optic Buffer Remover
4737,Cleaning Equipment And Supplies,Janitorial Equipment,Drain Or Pipe Cleaning Equipment
4738,Healthcare Services,Disease Prevention And Control,Eye Disease Prevention Or Control Services
4739,Building And Facility Construction And Maintenance Services,Specialized Trade Construction And Maintenance Services,Sidewalk Or Ramp Construction Service
4740,Manufacturing Components And Supplies,Hardware,Expansion Bolts
4741,Politics And Civic Affairs Services,Humanitarian Aid And Relief,Research Programs
4742,Building And Facility Construction And Maintenance Services,Specialized Trade Construction And Maintenance Services,Roofing Service
4743,Manufacturing Components And Supplies,Hardware,Helical Springs
4744,Sports And Recreational Equipment And Supplies And Accessories,Collectibles And Awards,Achievement Certificate
4745,Industrial Manufacturing And Processing Machinery And Accessories,Industrial Process Machinery And Equipment And Supplies,Miscellaneous Assembly Machines
4746,Laboratory And Measuring And Observing And Testing Equipment,Measuring And Observing And Testing Instruments,Generator Test Set
4747,Cleaning Equipment And Supplies,Water And Wastewater Treatment Supply And Disposal,Fiber Filter
4748,Live Plant And Animal Material And Accessories And Supplies,Live Animals,Live Turkeys
4749,Food Beverage And Tobacco Products,Beverages,Ice
4750,Commercial And Military And Private Vehicles And Their Accessories And Components,Motor Vehicles,Sludge Or Sewage Handling Trucks
4751,Industrial Manufacturing And Processing Machinery And Accessories,Welding And Soldering And Brazing Machinery And Accessories And Supplies,Solder Wire
4752,Sports And Recreational Equipment And Supplies And Accessories,Fishing And Hunting Equipment,Fishing Bait
4753,Manufacturing Components And Supplies,Adhesives And Sealants,Adhesive Activators
4754,Commercial And Military And Private Vehicles And Their Accessories And Components,Transportation Services Equipment,Power Adjuster
4755,Information Technology Broadcasting And Telecommunications,Communications Devices And Accessories,Phone Voice Converters
4756,Power Generation And Distribution Machinery And Accessories,Atomic And Nuclear Energy Machinery And Equipment,Hot Cell Decontamination Systems
4757,Industrial Manufacturing And Processing Machinery And Accessories,Industrial Process Machinery And Equipment And Supplies,Punch Plate Vibratory Separation Screen
4758,Laboratory And Measuring And Observing And Testing Equipment,Laboratory And Scientific Equipment,Laboratory Bottle Receiver
4759,Healthcare Services,Medical Practice,Dentist Support Staff Services
4760,Furniture And Furnishings,Commercial And Industrial Furniture,Lighting Or Power Or Data Components For Panel Systems
4761,Laboratory And Measuring And Observing And Testing Equipment,Measuring And Observing And Testing Instruments,Textile Pilling Degree Tester
4762,Paper Materials And Products,Paper Products,Stamp Paper
4763,Defense And Law Enforcement And Security And Safety Equipment And Supplies,Public Safety And Control,Traffic Cones Or Delineators
4764,Food Beverage And Tobacco Products,Fresh Vegetables,Collard Greens
4765,Distribution And Conditioning Systems And Equipment And Components,Heating And Ventilation And Air Circulation,Air Conditioner Shutters
4766,Electronic Components And Supplies,Automation Control Devices And Components And Accessories,Control System Distribution Box
4767,Tools And General Machinery,Hand Tools,Utility Knives
4768,Distribution And Conditioning Systems And Equipment And Components,Pipe Piping And Pipe Fittings,Cpvc Plastic Pipe Coupling
4769,Information Technology Broadcasting And Telecommunications,Software,Compact Disc Cd Server Software
4770,Healthcare Services,Medical Practice,Blood Analysis Laboratory Services
4771,Printing And Photographic And Audio And Visual Equipment And Supplies,Audio And Visual Presentation And Composing Equipment,Interfaces
4772,Medical Equipment And Accessories And Supplies,Orthopedic Surgical Implants,Spinal Connector Or Coupler
4773,Engineering And Research And Technology Based Services,Manufacturing Technologies,Industrial Hygiene Or Ventilation
4774,Food Beverage And Tobacco Products,Beverages,Tea Drinks
4775,Resin And Rosin And Rubber And Foam And Film And Elastomeric Materials,Resins And Rosins And Other Resin Derived Materials,Polypropylene Films
4776,Power Generation And Distribution Machinery And Accessories,Power Sources,Steam Engines
4777,Electrical Systems And Lighting And Components And Accessories And Supplies,Lighting Fixtures And Accessories,Downlighting Fixtures
4778,Live Plant And Animal Material And Accessories And Supplies,Fresh Cut Blooms Of High Species Or Variety Count Flowers,Fresh Cut Peach Yarrow
4779,Distribution And Conditioning Systems And Equipment And Components,Fluid And Gas Distribution,Titanium Ducts Or Ductwork
4780,Distribution And Conditioning Systems And Equipment And Components,Pipe Piping And Pipe Fittings,Cast Iron Pipe Repair Clamp
4781,Medical Equipment And Accessories And Supplies,Patient Exam And Monitoring Products,Eye Charts Or Vision Cards
4782,Medical Equipment And Accessories And Supplies,Dialysis Equipment And Supplies,Hemodialysis Unit Blood Port Caps
4783,Structures And Building And Construction And Manufacturing Components And Supplies,Structural Materials,Metal Inserted Compressed Fiber Sheet
4784,Electrical Systems And Lighting And Components And Accessories And Supplies,Electrical Equipment And Components And Supplies,High Speed Circuit Breaker
4785,Power Generation And Distribution Machinery And Accessories,Power Sources,Oil Strainers
4786,Electrical Systems And Lighting And Components And Accessories And Supplies,Electrical Equipment And Components And Supplies,Shunt Reactor
4787,Manufacturing Components And Supplies,Hardware,Quick Grip Clamp
4788,Medical Equipment And Accessories And Supplies,Patient Exam And Monitoring Products,Eye Occluders
4789,Manufacturing Components And Supplies,Hardware,Mounting Bars
4790,Manufacturing Components And Supplies,Rope And Chain And Cable And Wire And Strap,Polyester Rope
4791,Tools And General Machinery,Hand Tools,Combination Pliers
4792,Musical Instruments And Games And Toys And Arts And Crafts And Educational Equipment And Materials And Accessories And Supplies,Arts And Crafts Equipment And Accessories And Supplies,Pictures
4793,Defense And Law Enforcement And Security And Safety Equipment And Supplies,Fire Protection,Fire Hose Washer
4794,Medical Equipment And Accessories And Supplies,Patient Exam And Monitoring Products,Wheelchair Platform Scales
4795,Mineral And Textile And Inedible Plant And Animal Materials,Alloys,Stainless Steel Alloy 304
4796,Musical Instruments And Games And Toys And Arts And Crafts And Educational Equipment And Materials And Accessories And Supplies,Musical Instruments And Parts And Accessories,Siren Horn
4797,Paper Materials And Products,Industrial Use Papers,Laminated Aluminum Foil Paper
4798,Tools And General Machinery,Hand Tools,Punching Pliers
4799,Medical Equipment And Accessories And Supplies,Physical And Occupational Therapy And Rehabilitation Products,Bolt Boards Or Accessories For Rehabilitation Or Therapy
4800,Medical Equipment And Accessories And Supplies,Orthopedic And Prosthetic And Sports Medicine Products,Hand Or Finger Orthopedic Softgoods
4801,Laboratory And Measuring And Observing And Testing Equipment,Measuring And Observing And Testing Instruments,Chart Recorders
4802,Industrial Manufacturing And Processing Machinery And Accessories,Metal Forming Machinery And Accessories,Cutting Die
4803,Mineral And Textile And Inedible Plant And Animal Materials,Non Edible Animal Products,Fish Eggs
4804,Manufacturing Components And Supplies,Hardware,Peg Board Hooks
4805,Material Handling And Conditioning And Storage Machinery And Their Accessories And Supplies,Material Handling Machinery And Equipment,Vehicle Lift
4806,Material Handling And Conditioning And Storage Machinery And Their Accessories And Supplies,Packaging Materials,Packaging Case
4807,Domestic Appliances And Supplies And Consumer Electronic Products,Consumer Electronics,Combination Television Vhs And Dvd Recorder
4808,Structures And Building And Construction And Manufacturing Components And Supplies,Roads And Landscape,Manhole Cover
4809,Food Beverage And Tobacco Products,Fresh Fruits,Baboon Lemons
4810,Drugs And Pharmaceutical Products,Central Nervous System Drugs,Bupivacaine
4811,Published Products,Signage And Accessories,Decals
4812,Laboratory And Measuring And Observing And Testing Equipment,Laboratory And Scientific Equipment,Tube Rotators
4813,Manufacturing Components And Supplies,Machined Raw Stock,Brass Shim Stock
4814,Structures And Building And Construction And Manufacturing Components And Supplies,Structural Components And Basic Shapes,Steel Rail
4815,Tools And General Machinery,Hand Tools,Adjustable Widemouth Pliers
4816,Office Equipment And Accessories And Supplies,Office And Desk Accessories,Currency Bags Or Wallets
4817,Structures And Building And Construction And Manufacturing Components And Supplies,Roads And Landscape,Manhole Frames With Covers
4818,Tools And General Machinery,Hand Tools,Orbital Sander
4819,Food Beverage And Tobacco Products,Frozen Vegetables,Frozen New Potatoes
4820,Medical Equipment And Accessories And Supplies,Intravenous And Arterial Administration Products,Needleless Vial Or Bag Withdrawal Cannulas Or Adapters Or Decanters
4821,Domestic Appliances And Supplies And Consumer Electronic Products,Domestic Appliances,Domestic Toasters
4822,Musical Instruments And Games And Toys And Arts And Crafts And Educational Equipment And Materials And Accessories And Supplies,Developmental And Professional Teaching Aids And Materials And Accessories And Supplies,Electronics Kits
4823,Manufacturing Components And Supplies,Forgings,Polyurethane Sealant
4824,Transportation And Storage And Mail Services,Mail And Cargo Transport,Local Area Trucking Services
4825,Medical Equipment And Accessories And Supplies,Medical Facility Products,Medical Gas Delivery Columns
4826,Power Generation And Distribution Machinery And Accessories,Power Generation,Compressor Control Panels
4827,Building And Facility Construction And Maintenance Services,Building And Facility Maintenance And Repair Services,Building Maintenance Service
4828,Medical Equipment And Accessories And Supplies,Respiratory And Anesthesia And Resuscitation Products,Manual Resuscitators
4829,Manufacturing Components And Supplies,Hardware,Flange Coupling
4830,Electronic Components And Supplies,Automation Control Devices And Components And Accessories,Programmable Logic Controller Accessories
4831,Medical Equipment And Accessories And Supplies,Medical Diagnostic Imaging And Nuclear Medicine Products,Medical Radiological Shielding Earplugs
4832,Medical Equipment And Accessories And Supplies,Surgical Products,Endoscopic Needles Or Punches
4833,Structures And Building And Construction And Manufacturing Components And Supplies,Doors And Windows And Glass,Fixed Windows
4834,Distribution And Conditioning Systems And Equipment And Components,Pipe Piping And Pipe Fittings,Stainless Steel Pipe Cap
4835,Engineering And Research And Technology Based Services,Computer Services,Pc Or Workstation Or Notebook Maintenance
4836,Power Generation And Distribution Machinery And Accessories,Electrical Wire And Cable And Harness,Oxygen Sensor Wiring Harness
4837,Food Beverage And Tobacco Products,Fresh Fruits,Chandler Strawberries
4838,Tools And General Machinery,Hand Tools,Center Punch
4839,Food Beverage And Tobacco Products,Canned Or Jarred Fruit,Canned Or Jarred Golden Sweet Apricots
4840,Power Generation And Distribution Machinery And Accessories,Power Generation,Vane Damper
4841,Information Technology Broadcasting And Telecommunications,Communications Devices And Accessories,Pagers
4842,Laboratory And Measuring And Observing And Testing Equipment,Laboratory And Scientific Equipment,Benchtop Ice Bucket Or Chilling Container
4843,Office Equipment And Accessories And Supplies,Office Machines And Their Supplies And Accessories,Fusers
4844,Defense And Law Enforcement And Security And Safety Equipment And Supplies,Law Enforcement,Security Lanyards
4845,Food Beverage And Tobacco Products,Fresh Vegetables,Bulb Onions
4846,Tools And General Machinery,Hydraulic Machinery And Equipment,Hydraulic Cylinder Or Component Repair Kits
4847,Structures And Building And Construction And Manufacturing Components And Supplies,Insulation,Fireproofing Material
4848,Musical Instruments And Games And Toys And Arts And Crafts And Educational Equipment And Materials And Accessories And Supplies,Developmental And Professional Teaching Aids And Materials And Accessories And Supplies,Coping With Stress Instructional Materials
4849,Mining And Well Drilling Machinery And Accessories,Oil And Gas Drilling And Exploration Equipment,Drill Pipe Crossovers
4850,Sports And Recreational Equipment And Supplies And Accessories,Fitness Equipment,Grip Strengthener
4851,Medical Equipment And Accessories And Supplies,Patient Exam And Monitoring Products,Hearing Aid Analyzers Or Test Systems
4852,Distribution And Conditioning Systems And Equipment And Components,Pipe Piping And Pipe Fittings,Carbon Steel Pipe Nipple
4853,Live Plant And Animal Material And Accessories And Supplies,Animal Feed,Pure Wheat Bran
4854,Live Plant And Animal Material And Accessories And Supplies,Animal Feed,Milk For Dogs Or Cats
4855,Public Utilities And Public Sector Related Services,Information Services,Radio Related Services
4856,Musical Instruments And Games And Toys And Arts And Crafts And Educational Equipment And Materials And Accessories And Supplies,Toys And Games,Classic Games
4857,Manufacturing Components And Supplies,Hardware,Tile Spacer
4858,Industrial Manufacturing And Processing Machinery And Accessories,Industrial Process Machinery And Equipment And Supplies,Plastic Injection Molds
4859,Industrial Manufacturing And Processing Machinery And Accessories,Metal Treatment Machinery,Physical Vapor Deposition Rack
4860,Cleaning Equipment And Supplies,Industrial Laundry And Dry Cleaning Equipment,Folding Machines
4861,Defense And Law Enforcement And Security And Safety Equipment And Supplies,Personal Safety And Protection,Self Retracting Lanyard
4862,Information Technology Broadcasting And Telecommunications,Computer Equipment And Accessories,Computer Switch Boxes
4863,Medical Equipment And Accessories And Supplies,Surgical Products,Ophthalmic Retractors
4864,Mining And Well Drilling Machinery And Accessories,Oil And Gas Drilling And Exploration Equipment,Frac Pack Systems
4865,Material Handling And Conditioning And Storage Machinery And Their Accessories And Supplies,Containers And Storage,Metallic Pails
4866,Editorial And Design And Graphic And Fine Art Services,Reproduction Services,Promotional Or Advertising Printing
4867,Distribution And Conditioning Systems And Equipment And Components,Pipe Piping And Pipe Fittings,Pipe Puddle Flanges
4868,Medical Equipment And Accessories And Supplies,Medical Training And Education Supplies,Dual Earpiece Stethoscopes
4869,Power Generation And Distribution Machinery And Accessories,Power Generation,Generator Control Or Protection Panels
4870,Electronic Components And Supplies,Printed Circuits And Integrated Circuits And Microassemblies,Video Or Media Processor Integrated Circuit
4871,Domestic Appliances And Supplies And Consumer Electronic Products,Domestic Kitchenware And Kitchen Supplies,Shelf Liner
4872,Chemicals Including Bio Chemicals And Gas Materials,Compounds And Mixtures,Tissues
4873,Mining And Well Drilling Machinery And Accessories,Oil And Gas Drilling And Exploration Equipment,Cement Pumping Units
4874,Building And Facility Construction And Maintenance Services,Specialized Trade Construction And Maintenance Services,Awning Installation Service
4875,Distribution And Conditioning Systems And Equipment And Components,Industrial Pumps And Compressors,Compressor Kits
4876,Food Beverage And Tobacco Products,Frozen Fruit,Frozen Burro Bananas
4877,Industrial Manufacturing And Processing Machinery And Accessories,Industrial Process Machinery And Equipment And Supplies,Alignment Jig
4878,Information Technology Broadcasting And Telecommunications,Data Voice Or Multimedia Network Equipment Or Platforms And Accessories,Teleconferencing Console
4879,Management And Business Professionals And Administrative Services,Business Administration Services,Receiving Or Inventorying Services
4880,Laboratory And Measuring And Observing And Testing Equipment,Measuring And Observing And Testing Instruments,Impact Hammers
4881,Mining And Oil And Gas Services,Well Drilling And Construction Services,Other Lift Systems
4882,Politics And Civic Affairs Services,Community And Social Services,Labor Inspection Services
4883,Drugs And Pharmaceutical Products,Agents Affecting Water And Electrolytes,Citric Acid And Potassium Citrate Combination
4884,Laboratory And Measuring And Observing And Testing Equipment,Laboratory And Scientific Equipment,Water Jacketed Single Chamber Carbon Dioxide Incubators With Humidity Control
4885,Food Beverage And Tobacco Products,Fresh Fruits,Autumn Lady Peaches
4886,Information Technology Broadcasting And Telecommunications,Components For Information Technology Or Broadcasting Or Telecommunications,Motherboards
4887,Electrical Systems And Lighting And Components And Accessories And Supplies,Electrical Equipment And Components And Supplies,Toggle Switch
4888,Food Beverage And Tobacco Products,Fresh Fruits,Harvester Peaches
4889,Commercial And Military And Private Vehicles And Their Accessories And Components,Transportation Services Equipment,Battery Hydrometer
4890,Food Beverage And Tobacco Products,Organic Fresh Vegetables,Organic Collard Greens
4891,Tools And General Machinery,Hydraulic Machinery And Equipment,Industrial Hydraulic Press
4892,Electronic Components And Supplies,Electronic Hardware And Component Parts And Accessories,Bare Flexible Printed Circuit Board
4893,Tools And General Machinery,Hand Tools,Wire Scissors
4894,Food Beverage And Tobacco Products,Canned Or Jarred Fruit,Canned Or Jarred Bartlett Pears
4895,Distribution And Conditioning Systems And Equipment And Components,Heating And Ventilation And Air Circulation,Water Tube Boiler
4896,Office Equipment And Accessories And Supplies,Office And Desk Accessories,Business Card Holders
4897,Laboratory And Measuring And Observing And Testing Equipment,Measuring And Observing And Testing Instruments,Graphic Recorders
4898,Structures And Building And Construction And Manufacturing Components And Supplies,Concrete And Cement And Plaster,Wire Mesh Sheet
4899,Drugs And Pharmaceutical Products,Central Nervous System Drugs,Ethyl Chloride
4900,Mining And Well Drilling Machinery And Accessories,Oil And Gas Drilling And Exploration Equipment,Radiation Survey Meter
4901,Environmental Services,Environmental Management,Legal Compliance Certification Service
4902,Distribution And Conditioning Systems And Equipment And Components,Industrial Pumps And Compressors,Simplex Pumps
4903,Medical Equipment And Accessories And Supplies,Patient Care And Treatment Products And Supplies,Epidural Trays Or Accessories
4904,Land And Buildings And Structures And Thoroughfares,Permanent Buildings And Structures,Cold Storage Installation
4905,Live Plant And Animal Material And Accessories And Supplies,Live Rose Bushes,Live Coffee Break Rose Bush
4906,Industrial Manufacturing And Processing Machinery And Accessories,Metal Cutting Machinery And Accessories,Universal Milling Machine
4907,Food Beverage And Tobacco Products,Fresh Fruits,Anjou Pears
4908,Manufacturing Components And Supplies,Bearings And Bushings And Wheels And Gears,Bearing Blocks Or Housings
4909,Defense And Law Enforcement And Security And Safety Equipment And Supplies,Missiles,Antiballistic Missiles
4910,Laboratory And Measuring And Observing And Testing Equipment,Measuring And Observing And Testing Instruments,Manifold Ambient Pressure Sensor
4911,Material Handling And Conditioning And Storage Machinery And Their Accessories And Supplies,Material Handling Machinery And Equipment,Dock Bumpers
4912,Distribution And Conditioning Systems And Equipment And Components,Fluid And Gas Distribution,Sight Glass
4913,Transportation And Storage And Mail Services,Storage,Refrigerated Storage
4914,Live Plant And Animal Material And Accessories And Supplies,Fresh Cut Blooms Of Low Species Or Variety Count Flowers,Fresh Cut Indian Corn
4915,Service Industry Machinery And Equipment And Supplies,Institutional Food Services Equipment,Commercial Use Whisks
4916,Mining And Well Drilling Machinery And Accessories,Oil And Gas Drilling And Exploration Equipment,Fracturing Service Packers
4917,Information Technology Broadcasting And Telecommunications,Data Voice Or Multimedia Network Equipment Or Platforms And Accessories,Intercom Systems
4918,Live Plant And Animal Material And Accessories And Supplies,Seeds And Bulbs And Seedlings And Cuttings,Mushroom Seeds Or Seedlings
4919,Mining And Well Drilling Machinery And Accessories,Oil And Gas Drilling And Exploration Equipment,Centralizer Parts And Accessories
4920,Food Beverage And Tobacco Products,Dried Organic Fruit,Dried Organic Arctic Beauty Kiwi Fruit
4921,Sports And Recreational Equipment And Supplies And Accessories,Camping And Outdoor Equipment And Accessories,Tents
4922,Fuels And Fuel Additives And Lubricants And Anti Corrosive Materials,Lubricants And Oils And Greases And Anti Corrosives,Fire Resistant Hydraulic Fluid
4923,Building And Facility Construction And Maintenance Services,Specialized Trade Construction And Maintenance Services,Carpet Laying Service
4924,Industrial Production And Manufacturing Services,Machinery And Transport Equipment Manufacture,Air Conditioning Or Ventilating Or Refrigeration Equipment Manufacture Services
4925,Structures And Building And Construction And Manufacturing Components And Supplies,Structural Materials,High Strength Low Alloy Hsla Steel Hot Rolled Bar
4926,Musical Instruments And Games And Toys And Arts And Crafts And Educational Equipment And Materials And Accessories And Supplies,Arts And Crafts Equipment And Accessories And Supplies,Glitter Craft Poms
4927,Furniture And Furnishings,Accommodation Furniture,Armrests
4928,Food Beverage And Tobacco Products,Fresh Fruits,Ambercot Apricots
4929,Medical Equipment And Accessories And Supplies,Medical Diagnostic Imaging And Nuclear Medicine Products,Diagnostic Or Interventional Vascular Catheter Introducers Or Sets
4930,Domestic Appliances And Supplies And Consumer Electronic Products,Consumer Electronics,Megaphones
4931,Commercial And Military And Private Vehicles And Their Accessories And Components,Marine Transport,Oil Or Gas Workboat
4932,Tools And General Machinery,Hand Tools,Shears
4933,Power Generation And Distribution Machinery And Accessories,Atomic And Nuclear Energy Machinery And Equipment,Magnet Systems
4934,Drugs And Pharmaceutical Products,Hematolic Drugs,Hemostatic Pad
4935,Mining And Well Drilling Machinery And Accessories,Oil And Gas Drilling And Exploration Equipment,Side Pocket Mandrels
4936,Power Generation And Distribution Machinery And Accessories,Electrical Wire And Cable And Harness,Aerial Cable
4937,Printing And Photographic And Audio And Visual Equipment And Supplies,Photographic Or Filming Or Video Equipment,Camera Enclosures Or Covers
4938,Office Equipment And Accessories And Supplies,Office Supplies,Paper Cutters Or Refills
4939,Medical Equipment And Accessories And Supplies,Clinical Nutrition,Gastrostomy Feeding Tube Kits
4940,Structures And Building And Construction And Manufacturing Components And Supplies,Exterior Finishing Materials,Roofing Drains
4941,Medical Equipment And Accessories And Supplies,Medical Facility Products,Geriatric Chairs Or Accessories
4942,Musical Instruments And Games And Toys And Arts And Crafts And Educational Equipment And Materials And Accessories And Supplies,Developmental And Professional Teaching Aids And Materials And Accessories And Supplies,Electronics Teaching Supplies
4943,Mining And Well Drilling Machinery And Accessories,Oil And Gas Drilling And Exploration Equipment,Vibration Analyzers
4944,Live Plant And Animal Material And Accessories And Supplies,Seeds And Bulbs And Seedlings And Cuttings,Garlic Seeds Or Seedlings
4945,Land And Buildings And Structures And Thoroughfares,Permanent Buildings And Structures,Library
4946,Manufacturing Components And Supplies,Adhesives And Sealants,Adhesive Transfer Tape
4947,Industrial Manufacturing And Processing Machinery And Accessories,Metal Forming Machinery And Accessories,Sheet Metal Forming Machine
4948,Food Beverage And Tobacco Products,Fresh Fruits,Black Corinth Grapes
4949,Power Generation And Distribution Machinery And Accessories,Batteries And Generators And Kinetic Power Transmission,Battery Holders
4950,Mining And Oil And Gas Services,Oil And Gas Exploration Services,Other Seismic Services
4951,Mineral And Textile And Inedible Plant And Animal Materials,Earth And Stone,Fill Dirt
4952,Laboratory And Measuring And Observing And Testing Equipment,Measuring And Observing And Testing Instruments,Urinalysis Analyzers
4953,Structures And Building And Construction And Manufacturing Components And Supplies,Interior Finishing Materials,Ceiling Panels
4954,Material Handling And Conditioning And Storage Machinery And Their Accessories And Supplies,Containers And Storage,Temperature Controlled Freight Container
4955,Medical Equipment And Accessories And Supplies,Physical And Occupational Therapy And Rehabilitation Products,Mats Or Platforms For Rehabilitation Or Therapy
4956,Cleaning Equipment And Supplies,Cleaning And Janitorial Supplies,Toilet Brushes
4957,Industrial Manufacturing And Processing Machinery And Accessories,Welding And Soldering And Brazing Machinery And Accessories And Supplies,Welding Electrode
4958,Defense And Law Enforcement And Security And Safety Equipment And Supplies,Personal Safety And Protection,Leg Protectors
4959,Live Plant And Animal Material And Accessories And Supplies,Fresh Cut Rose,Fresh Cut Cool Water Rose
4960,Medical Equipment And Accessories And Supplies,Dental Equipment And Supplies,Dental Cutting Or Separating Discs
4961,Food Beverage And Tobacco Products,Frozen Vegetables,Frozen Alfalfa
4962,Published Products,Printed Media,Picture Or Drawing Or Coloring Books For Children
4963,Medical Equipment And Accessories And Supplies,Medical Diagnostic Imaging And Nuclear Medicine Products,Medical X Ray Apparatus Repair Kits
4964,Structures And Building And Construction And Manufacturing Components And Supplies,Doors And Windows And Glass,Window Screens
4965,Sports And Recreational Equipment And Supplies And Accessories,Other Sports,Medicine Ball
4966,Distribution And Conditioning Systems And Equipment And Components,Fluid And Gas Distribution,Fluid Regulator Repair Kits
4967,Mineral And Textile And Inedible Plant And Animal Materials,Fibers And Threads And Yarns,Fiberglass Thread
